event,session,car,driver,vehicle,lap,time_of_day,s1_kph,parse_error,round,source_file,extracted_at,kph,report_type
TAU,P01,17,Brodie Kostecki,Ford Mustang GT,1,1,37,false,3,E:\2026\99_seasonTiming\03_TAU\Practice 1.pdf,2026-04-22 16:11:50,,
TAU,P01,38,Rylan Gray,Ford Mustang GT,1,1,39,false,3,E:\2026\99_seasonTiming\03_TAU\Practice 1.pdf,2026-04-22 16:11:50,,
TAU,P01,19,Matthew Payne,Ford Mustang GT,2,1,39,false,3,E:\2026\99_seasonTiming\03_TAU\Practice 1.pdf,2026-04-22 16:11:50,,
TAU,P01,18,Anton De Pasquale,Chev Camaro ZL1,2,1,35,false,3,E:\2026\99_seasonTiming\03_TAU\Practice 1.pdf,2026-04-22 16:11:50,,
TAU,P01,1,Chaz Mostert,Toyota GR Supra A90,2,1,39,false,3,E:\2026\99_seasonTiming\03_TAU\Practice 1.pdf,2026-04-22 16:11:50,,
TAU,P01,4,Jack Le Brocq,Chev Camaro ZL1,2,1,36,false,3,E:\2026\99_seasonTiming\03_TAU\Practice 1.pdf,2026-04-22 16:11:50,,
TAU,P01,10,Zach Bates,Chev Camaro ZL1,2,1,38,false,3,E:\2026\99_seasonTiming\03_TAU\Practice 1.pdf,2026-04-22 16:11:50,,
TAU,P01,3,Aaron Cameron,Ford Mustang GT,2,1,36,false,3,E:\2026\99_seasonTiming\03_TAU\Practice 1.pdf,2026-04-22 16:11:50,,
TAU,P01,14,Cameron Hill,Toyota GR Supra A90,2,1,39,false,3,E:\2026\99_seasonTiming\03_TAU\Practice 1.pdf,2026-04-22 16:11:50,,
TAU,P01,8,Andre Heimgartner,Toyota GR Supra A90,2,1,39,false,3,E:\2026\99_seasonTiming\03_TAU\Practice 1.pdf,2026-04-22 16:11:50,,
TAU,P01,6,Cameron Waters,Ford Mustang GT,3,1,39,false,3,E:\2026\99_seasonTiming\03_TAU\Practice 1.pdf,2026-04-22 16:11:50,,
TAU,P01,55,Thomas Randle,Ford Mustang GT,3,1,36,false,3,E:\2026\99_seasonTiming\03_TAU\Practice 1.pdf,2026-04-22 16:11:50,,
TAU,P01,88,Broc Feeney,Ford Mustang GT,3,1,36,false,3,E:\2026\99_seasonTiming\03_TAU\Practice 1.pdf,2026-04-22 16:11:50,,
TAU,P01,7,James Golding,Ford Mustang GT,3,1,39,false,3,E:\2026\99_seasonTiming\03_TAU\Practice 1.pdf,2026-04-22 16:11:50,,
TAU,P01,96,Macauley Jones,Toyota GR Supra A90,3,1,39,false,3,E:\2026\99_seasonTiming\03_TAU\Practice 1.pdf,2026-04-22 16:11:50,,
TAU,P01,99,Cooper Murray,Chev Camaro ZL1,3,1,37,false,3,E:\2026\99_seasonTiming\03_TAU\Practice 1.pdf,2026-04-22 16:11:50,,
TAU,P01,9,Jobe Stewart,Chev Camaro ZL1,3,1,36,false,3,E:\2026\99_seasonTiming\03_TAU\Practice 1.pdf,2026-04-22 16:11:50,,
TAU,P01,11,Jackson Walls,Ford Mustang GT,4,1,40,false,3,E:\2026\99_seasonTiming\03_TAU\Practice 1.pdf,2026-04-22 16:11:50,,
TAU,P01,31,Jayden Ojeda,Chev Camaro ZL1,4,1,40,false,3,E:\2026\99_seasonTiming\03_TAU\Practice 1.pdf,2026-04-22 16:11:50,,
TAU,P01,4,Jack Le Brocq,Chev Camaro ZL1,5,1,37,false,3,E:\2026\99_seasonTiming\03_TAU\Practice 1.pdf,2026-04-22 16:11:50,,
TAU,P01,38,Rylan Gray,Ford Mustang GT,4,1,38,false,3,E:\2026\99_seasonTiming\03_TAU\Practice 1.pdf,2026-04-22 16:11:50,,
TAU,P01,18,Anton De Pasquale,Chev Camaro ZL1,5,1,36,false,3,E:\2026\99_seasonTiming\03_TAU\Practice 1.pdf,2026-04-22 16:11:50,,
TAU,P01,20,David Reynolds,Chev Camaro ZL1,5,1,39,false,3,E:\2026\99_seasonTiming\03_TAU\Practice 1.pdf,2026-04-22 16:11:50,,
TAU,P01,19,Matthew Payne,Ford Mustang GT,5,1,39,false,3,E:\2026\99_seasonTiming\03_TAU\Practice 1.pdf,2026-04-22 16:11:50,,
TAU,P01,10,Zach Bates,Chev Camaro ZL1,6,1,37,false,3,E:\2026\99_seasonTiming\03_TAU\Practice 1.pdf,2026-04-22 16:11:50,,
TAU,P01,2,Ryan Wood,Toyota GR Supra A90,6,1,39,false,3,E:\2026\99_seasonTiming\03_TAU\Practice 1.pdf,2026-04-22 16:11:50,,
TAU,P01,99,Cooper Murray,Chev Camaro ZL1,6,1,36,false,3,E:\2026\99_seasonTiming\03_TAU\Practice 1.pdf,2026-04-22 16:11:50,,
TAU,P01,3,Aaron Cameron,Ford Mustang GT,5,1,37,false,3,E:\2026\99_seasonTiming\03_TAU\Practice 1.pdf,2026-04-22 16:11:50,,
TAU,P01,96,Macauley Jones,Toyota GR Supra A90,6,1,38,false,3,E:\2026\99_seasonTiming\03_TAU\Practice 1.pdf,2026-04-22 16:11:50,,
TAU,P01,14,Cameron Hill,Toyota GR Supra A90,5,1,39,false,3,E:\2026\99_seasonTiming\03_TAU\Practice 1.pdf,2026-04-22 16:11:50,,
TAU,P01,888,William Brown,Ford Mustang GT,6,1,39,false,3,E:\2026\99_seasonTiming\03_TAU\Practice 1.pdf,2026-04-22 16:11:50,,
TAU,P01,55,Thomas Randle,Ford Mustang GT,6,1,39,false,3,E:\2026\99_seasonTiming\03_TAU\Practice 1.pdf,2026-04-22 16:11:50,,
TAU,P01,777,Declan Fraser,Chev Camaro ZL1,7,1,37,false,3,E:\2026\99_seasonTiming\03_TAU\Practice 1.pdf,2026-04-22 16:11:50,,
TAU,P01,88,Broc Feeney,Ford Mustang GT,7,1,38,false,3,E:\2026\99_seasonTiming\03_TAU\Practice 1.pdf,2026-04-22 16:11:50,,
TAU,P01,1,Chaz Mostert,Toyota GR Supra A90,5,1,39,false,3,E:\2026\99_seasonTiming\03_TAU\Practice 1.pdf,2026-04-22 16:11:50,,
TAU,P01,7,James Golding,Ford Mustang GT,7,1,37,false,3,E:\2026\99_seasonTiming\03_TAU\Practice 1.pdf,2026-04-22 16:11:50,,
TAU,P01,6,Cameron Waters,Ford Mustang GT,5,1,38,false,3,E:\2026\99_seasonTiming\03_TAU\Practice 1.pdf,2026-04-22 16:11:50,,
TAU,P01,11,Jackson Walls,Ford Mustang GT,7,1,40,false,3,E:\2026\99_seasonTiming\03_TAU\Practice 1.pdf,2026-04-22 16:11:50,,
TAU,P01,31,Jayden Ojeda,Chev Camaro ZL1,8,1,40,false,3,E:\2026\99_seasonTiming\03_TAU\Practice 1.pdf,2026-04-22 16:11:50,,
TAU,P01,18,Anton De Pasquale,Chev Camaro ZL1,7,1,37,false,3,E:\2026\99_seasonTiming\03_TAU\Practice 1.pdf,2026-04-22 16:11:50,,
TAU,P01,20,David Reynolds,Chev Camaro ZL1,8,1,37,false,3,E:\2026\99_seasonTiming\03_TAU\Practice 1.pdf,2026-04-22 16:11:50,,
TAU,P01,26,Kai Allen,Ford Mustang GT,8,1,40,false,3,E:\2026\99_seasonTiming\03_TAU\Practice 1.pdf,2026-04-22 16:11:50,,
TAU,P01,38,Rylan Gray,Ford Mustang GT,7,1,38,false,3,E:\2026\99_seasonTiming\03_TAU\Practice 1.pdf,2026-04-22 16:11:50,,
TAU,P01,3,Aaron Cameron,Ford Mustang GT,8,1,40,false,3,E:\2026\99_seasonTiming\03_TAU\Practice 1.pdf,2026-04-22 16:11:50,,
TAU,P01,96,Macauley Jones,Toyota GR Supra A90,9,1,39,false,3,E:\2026\99_seasonTiming\03_TAU\Practice 1.pdf,2026-04-22 16:11:50,,
TAU,P01,9,Jobe Stewart,Chev Camaro ZL1,11,1,38,false,3,E:\2026\99_seasonTiming\03_TAU\Practice 1.pdf,2026-04-22 16:11:50,,
TAU,P01,4,Jack Le Brocq,Chev Camaro ZL1,9,1,40,false,3,E:\2026\99_seasonTiming\03_TAU\Practice 1.pdf,2026-04-22 16:11:50,,
TAU,P01,17,Brodie Kostecki,Ford Mustang GT,6,1,38,false,3,E:\2026\99_seasonTiming\03_TAU\Practice 1.pdf,2026-04-22 16:11:50,,
TAU,P01,88,Broc Feeney,Ford Mustang GT,10,1,39,false,3,E:\2026\99_seasonTiming\03_TAU\Practice 1.pdf,2026-04-22 16:11:50,,
TAU,P01,2,Ryan Wood,Toyota GR Supra A90,9,1,38,false,3,E:\2026\99_seasonTiming\03_TAU\Practice 1.pdf,2026-04-22 16:11:50,,
TAU,P01,99,Cooper Murray,Chev Camaro ZL1,9,1,35,false,3,E:\2026\99_seasonTiming\03_TAU\Practice 1.pdf,2026-04-22 16:11:50,,
TAU,P01,6,Cameron Waters,Ford Mustang GT,7,1,38,false,3,E:\2026\99_seasonTiming\03_TAU\Practice 1.pdf,2026-04-22 16:11:50,,
TAU,P01,1,Chaz Mostert,Toyota GR Supra A90,7,1,38,false,3,E:\2026\99_seasonTiming\03_TAU\Practice 1.pdf,2026-04-22 16:11:50,,
TAU,P01,10,Zach Bates,Chev Camaro ZL1,10,1,39,false,3,E:\2026\99_seasonTiming\03_TAU\Practice 1.pdf,2026-04-22 16:11:50,,
TAU,P01,19,Matthew Payne,Ford Mustang GT,10,1,39,false,3,E:\2026\99_seasonTiming\03_TAU\Practice 1.pdf,2026-04-22 16:11:50,,
TAU,P01,7,James Golding,Ford Mustang GT,10,1,40,false,3,E:\2026\99_seasonTiming\03_TAU\Practice 1.pdf,2026-04-22 16:11:50,,
TAU,P01,888,William Brown,Ford Mustang GT,9,1,39,false,3,E:\2026\99_seasonTiming\03_TAU\Practice 1.pdf,2026-04-22 16:11:50,,
TAU,P01,55,Thomas Randle,Ford Mustang GT,9,1,33,false,3,E:\2026\99_seasonTiming\03_TAU\Practice 1.pdf,2026-04-22 16:11:50,,
TAU,P01,14,Cameron Hill,Toyota GR Supra A90,9,1,40,false,3,E:\2026\99_seasonTiming\03_TAU\Practice 1.pdf,2026-04-22 16:11:50,,
TAU,P01,777,Declan Fraser,Chev Camaro ZL1,11,1,36,false,3,E:\2026\99_seasonTiming\03_TAU\Practice 1.pdf,2026-04-22 16:11:50,,
TAU,P01,18,Anton De Pasquale,Chev Camaro ZL1,9,1,39,false,3,E:\2026\99_seasonTiming\03_TAU\Practice 1.pdf,2026-04-22 16:11:50,,
TAU,P01,11,Jackson Walls,Ford Mustang GT,10,1,40,false,3,E:\2026\99_seasonTiming\03_TAU\Practice 1.pdf,2026-04-22 16:11:50,,
TAU,P02,6,Cameron Waters,Ford Mustang GT,1,1,39,false,3,E:\2026\99_seasonTiming\03_TAU\Practice 2.pdf,2026-04-22 16:11:50,,
TAU,P02,88,Broc Feeney,Ford Mustang GT,1,1,35,false,3,E:\2026\99_seasonTiming\03_TAU\Practice 2.pdf,2026-04-22 16:11:50,,
TAU,P02,17,Brodie Kostecki,Ford Mustang GT,1,1,36,false,3,E:\2026\99_seasonTiming\03_TAU\Practice 2.pdf,2026-04-22 16:11:50,,
TAU,P02,38,Rylan Gray,Ford Mustang GT,1,1,38,false,3,E:\2026\99_seasonTiming\03_TAU\Practice 2.pdf,2026-04-22 16:11:50,,
TAU,P02,888,William Brown,Ford Mustang GT,1,1,40,false,3,E:\2026\99_seasonTiming\03_TAU\Practice 2.pdf,2026-04-22 16:11:50,,
TAU,P02,4,Jack Le Brocq,Chev Camaro ZL1,1,1,39,false,3,E:\2026\99_seasonTiming\03_TAU\Practice 2.pdf,2026-04-22 16:11:50,,
TAU,P02,18,Anton De Pasquale,Chev Camaro ZL1,1,1,39,false,3,E:\2026\99_seasonTiming\03_TAU\Practice 2.pdf,2026-04-22 16:11:50,,
TAU,P02,10,Zach Bates,Chev Camaro ZL1,1,1,39,false,3,E:\2026\99_seasonTiming\03_TAU\Practice 2.pdf,2026-04-22 16:11:50,,
TAU,P02,777,Declan Fraser,Chev Camaro ZL1,1,1,33,false,3,E:\2026\99_seasonTiming\03_TAU\Practice 2.pdf,2026-04-22 16:11:50,,
TAU,P02,31,Jayden Ojeda,Chev Camaro ZL1,1,1,40,false,3,E:\2026\99_seasonTiming\03_TAU\Practice 2.pdf,2026-04-22 16:11:50,,
TAU,P02,55,Thomas Randle,Ford Mustang GT,2,1,35,false,3,E:\2026\99_seasonTiming\03_TAU\Practice 2.pdf,2026-04-22 16:11:50,,
TAU,P02,19,Matthew Payne,Ford Mustang GT,1,1,39,false,3,E:\2026\99_seasonTiming\03_TAU\Practice 2.pdf,2026-04-22 16:11:50,,
TAU,P02,9,Jobe Stewart,Chev Camaro ZL1,2,1,38,false,3,E:\2026\99_seasonTiming\03_TAU\Practice 2.pdf,2026-04-22 16:11:50,,
TAU,P02,7,James Golding,Ford Mustang GT,1,1,37,false,3,E:\2026\99_seasonTiming\03_TAU\Practice 2.pdf,2026-04-22 16:11:50,,
TAU,P02,11,Jackson Walls,Ford Mustang GT,1,1,40,false,3,E:\2026\99_seasonTiming\03_TAU\Practice 2.pdf,2026-04-22 16:11:50,,
TAU,P02,8,Andre Heimgartner,Toyota GR Supra A90,1,1,37,false,3,E:\2026\99_seasonTiming\03_TAU\Practice 2.pdf,2026-04-22 16:11:50,,
TAU,P02,14,Cameron Hill,Toyota GR Supra A90,2,1,40,false,3,E:\2026\99_seasonTiming\03_TAU\Practice 2.pdf,2026-04-22 16:11:50,,
TAU,P02,2,Ryan Wood,Toyota GR Supra A90,1,1,39,false,3,E:\2026\99_seasonTiming\03_TAU\Practice 2.pdf,2026-04-22 16:11:50,,
TAU,P02,96,Macauley Jones,Toyota GR Supra A90,2,1,39,false,3,E:\2026\99_seasonTiming\03_TAU\Practice 2.pdf,2026-04-22 16:11:50,,
TAU,P02,10,Zach Bates,Chev Camaro ZL1,4,1,40,false,3,E:\2026\99_seasonTiming\03_TAU\Practice 2.pdf,2026-04-22 16:11:50,,
TAU,P02,1,Chaz Mostert,Toyota GR Supra A90,3,1,39,false,3,E:\2026\99_seasonTiming\03_TAU\Practice 2.pdf,2026-04-22 16:11:50,,
TAU,P02,20,David Reynolds,Chev Camaro ZL1,6,1,39,false,3,E:\2026\99_seasonTiming\03_TAU\Practice 2.pdf,2026-04-22 16:11:50,,
TAU,P02,777,Declan Fraser,Chev Camaro ZL1,4,1,40,false,3,E:\2026\99_seasonTiming\03_TAU\Practice 2.pdf,2026-04-22 16:11:50,,
TAU,P02,99,Cooper Murray,Chev Camaro ZL1,2,1,39,false,3,E:\2026\99_seasonTiming\03_TAU\Practice 2.pdf,2026-04-22 16:11:50,,
TAU,P02,9,Jobe Stewart,Chev Camaro ZL1,4,1,39,false,3,E:\2026\99_seasonTiming\03_TAU\Practice 2.pdf,2026-04-22 16:11:50,,
TAU,P02,26,Kai Allen,Ford Mustang GT,4,1,40,false,3,E:\2026\99_seasonTiming\03_TAU\Practice 2.pdf,2026-04-22 16:11:50,,
TAU,P02,88,Broc Feeney,Ford Mustang GT,4,1,37,false,3,E:\2026\99_seasonTiming\03_TAU\Practice 2.pdf,2026-04-22 16:11:50,,
TAU,P02,6,Cameron Waters,Ford Mustang GT,4,1,40,false,3,E:\2026\99_seasonTiming\03_TAU\Practice 2.pdf,2026-04-22 16:11:50,,
TAU,P02,31,Jayden Ojeda,Chev Camaro ZL1,4,1,40,false,3,E:\2026\99_seasonTiming\03_TAU\Practice 2.pdf,2026-04-22 16:11:50,,
TAU,P02,888,William Brown,Ford Mustang GT,4,1,37,false,3,E:\2026\99_seasonTiming\03_TAU\Practice 2.pdf,2026-04-22 16:11:50,,
TAU,P02,38,Rylan Gray,Ford Mustang GT,4,1,38,false,3,E:\2026\99_seasonTiming\03_TAU\Practice 2.pdf,2026-04-22 16:11:50,,
TAU,P02,55,Thomas Randle,Ford Mustang GT,5,1,35,false,3,E:\2026\99_seasonTiming\03_TAU\Practice 2.pdf,2026-04-22 16:11:50,,
TAU,P02,4,Jack Le Brocq,Chev Camaro ZL1,4,1,38,false,3,E:\2026\99_seasonTiming\03_TAU\Practice 2.pdf,2026-04-22 16:11:50,,
TAU,P02,19,Matthew Payne,Ford Mustang GT,4,1,39,false,3,E:\2026\99_seasonTiming\03_TAU\Practice 2.pdf,2026-04-22 16:11:50,,
TAU,P02,18,Anton De Pasquale,Chev Camaro ZL1,4,1,39,false,3,E:\2026\99_seasonTiming\03_TAU\Practice 2.pdf,2026-04-22 16:11:50,,
TAU,P02,2,Ryan Wood,Toyota GR Supra A90,3,1,39,false,3,E:\2026\99_seasonTiming\03_TAU\Practice 2.pdf,2026-04-22 16:11:50,,
TAU,P02,11,Jackson Walls,Ford Mustang GT,3,1,34,false,3,E:\2026\99_seasonTiming\03_TAU\Practice 2.pdf,2026-04-22 16:11:50,,
TAU,P02,14,Cameron Hill,Toyota GR Supra A90,5,1,40,false,3,E:\2026\99_seasonTiming\03_TAU\Practice 2.pdf,2026-04-22 16:11:50,,
TAU,P02,3,Aaron Cameron,Ford Mustang GT,7,1,39,false,3,E:\2026\99_seasonTiming\03_TAU\Practice 2.pdf,2026-04-22 16:11:50,,
TAU,P02,8,Andre Heimgartner,Toyota GR Supra A90,5,1,39,false,3,E:\2026\99_seasonTiming\03_TAU\Practice 2.pdf,2026-04-22 16:11:50,,
TAU,P02,7,James Golding,Ford Mustang GT,4,1,37,false,3,E:\2026\99_seasonTiming\03_TAU\Practice 2.pdf,2026-04-22 16:11:50,,
TAU,P02,4,Jack Le Brocq,Chev Camaro ZL1,5,1,38,false,3,E:\2026\99_seasonTiming\03_TAU\Practice 2.pdf,2026-04-22 16:11:50,,
TAU,P02,10,Zach Bates,Chev Camaro ZL1,7,1,39,false,3,E:\2026\99_seasonTiming\03_TAU\Practice 2.pdf,2026-04-22 16:11:50,,
TAU,P02,38,Rylan Gray,Ford Mustang GT,5,1,38,false,3,E:\2026\99_seasonTiming\03_TAU\Practice 2.pdf,2026-04-22 16:11:50,,
TAU,P02,2,Ryan Wood,Toyota GR Supra A90,4,1,39,false,3,E:\2026\99_seasonTiming\03_TAU\Practice 2.pdf,2026-04-22 16:11:50,,
TAU,P02,1,Chaz Mostert,Toyota GR Supra A90,5,1,39,false,3,E:\2026\99_seasonTiming\03_TAU\Practice 2.pdf,2026-04-22 16:11:50,,
TAU,P02,17,Brodie Kostecki,Ford Mustang GT,5,1,40,false,3,E:\2026\99_seasonTiming\03_TAU\Practice 2.pdf,2026-04-22 16:11:50,,
TAU,P02,99,Cooper Murray,Chev Camaro ZL1,4,1,36,false,3,E:\2026\99_seasonTiming\03_TAU\Practice 2.pdf,2026-04-22 16:11:50,,
TAU,P02,777,Declan Fraser,Chev Camaro ZL1,7,1,39,false,3,E:\2026\99_seasonTiming\03_TAU\Practice 2.pdf,2026-04-22 16:11:50,,
TAU,P02,31,Jayden Ojeda,Chev Camaro ZL1,7,1,39,false,3,E:\2026\99_seasonTiming\03_TAU\Practice 2.pdf,2026-04-22 16:11:50,,
TAU,P02,14,Cameron Hill,Toyota GR Supra A90,8,1,40,false,3,E:\2026\99_seasonTiming\03_TAU\Practice 2.pdf,2026-04-22 16:11:50,,
TAU,P02,9,Jobe Stewart,Chev Camaro ZL1,8,1,35,false,3,E:\2026\99_seasonTiming\03_TAU\Practice 2.pdf,2026-04-22 16:11:50,,
TAU,P02,11,Jackson Walls,Ford Mustang GT,5,1,39,false,3,E:\2026\99_seasonTiming\03_TAU\Practice 2.pdf,2026-04-22 16:11:50,,
TAU,P02,19,Matthew Payne,Ford Mustang GT,6,1,37,false,3,E:\2026\99_seasonTiming\03_TAU\Practice 2.pdf,2026-04-22 16:11:50,,
TAU,P02,96,Macauley Jones,Toyota GR Supra A90,5,1,39,false,3,E:\2026\99_seasonTiming\03_TAU\Practice 2.pdf,2026-04-22 16:11:50,,
TAU,P02,20,David Reynolds,Chev Camaro ZL1,9,1,38,false,3,E:\2026\99_seasonTiming\03_TAU\Practice 2.pdf,2026-04-22 16:11:50,,
TAU,P02,6,Cameron Waters,Ford Mustang GT,7,1,39,false,3,E:\2026\99_seasonTiming\03_TAU\Practice 2.pdf,2026-04-22 16:11:50,,
TAU,P02,88,Broc Feeney,Ford Mustang GT,7,1,38,false,3,E:\2026\99_seasonTiming\03_TAU\Practice 2.pdf,2026-04-22 16:11:50,,
TAU,P02,888,William Brown,Ford Mustang GT,7,1,39,false,3,E:\2026\99_seasonTiming\03_TAU\Practice 2.pdf,2026-04-22 16:11:50,,
TAU,P02,1,Chaz Mostert,Toyota GR Supra A90,8,1,39,false,3,E:\2026\99_seasonTiming\03_TAU\Practice 2.pdf,2026-04-22 16:11:50,,
TAU,P02,55,Thomas Randle,Ford Mustang GT,8,1,38,false,3,E:\2026\99_seasonTiming\03_TAU\Practice 2.pdf,2026-04-22 16:11:50,,
TAU,P02,8,Andre Heimgartner,Toyota GR Supra A90,8,1,38,false,3,E:\2026\99_seasonTiming\03_TAU\Practice 2.pdf,2026-04-22 16:11:50,,
TAU,P02,99,Cooper Murray,Chev Camaro ZL1,7,1,39,false,3,E:\2026\99_seasonTiming\03_TAU\Practice 2.pdf,2026-04-22 16:11:50,,
TAU,P02,3,Aaron Cameron,Ford Mustang GT,10,1,39,false,3,E:\2026\99_seasonTiming\03_TAU\Practice 2.pdf,2026-04-22 16:11:50,,
TAU,P02,17,Brodie Kostecki,Ford Mustang GT,8,1,35,false,3,E:\2026\99_seasonTiming\03_TAU\Practice 2.pdf,2026-04-22 16:11:50,,
TAU,P02,7,James Golding,Ford Mustang GT,7,1,39,false,3,E:\2026\99_seasonTiming\03_TAU\Practice 2.pdf,2026-04-22 16:11:50,,
TAU,P02,11,Jackson Walls,Ford Mustang GT,7,1,39,false,3,E:\2026\99_seasonTiming\03_TAU\Practice 2.pdf,2026-04-22 16:11:50,,
TAU,P02,18,Anton De Pasquale,Chev Camaro ZL1,8,1,38,false,3,E:\2026\99_seasonTiming\03_TAU\Practice 2.pdf,2026-04-22 16:11:50,,
TAU,P02,38,Rylan Gray,Ford Mustang GT,9,1,36,false,3,E:\2026\99_seasonTiming\03_TAU\Practice 2.pdf,2026-04-22 16:11:50,,
TAU,P02,4,Jack Le Brocq,Chev Camaro ZL1,9,1,36,false,3,E:\2026\99_seasonTiming\03_TAU\Practice 2.pdf,2026-04-22 16:11:50,,
TAU,P02,777,Declan Fraser,Chev Camaro ZL1,9,1,36,false,3,E:\2026\99_seasonTiming\03_TAU\Practice 2.pdf,2026-04-22 16:11:50,,
TAU,P02,31,Jayden Ojeda,Chev Camaro ZL1,9,1,39,false,3,E:\2026\99_seasonTiming\03_TAU\Practice 2.pdf,2026-04-22 16:11:50,,
TAU,P02,10,Zach Bates,Chev Camaro ZL1,10,1,38,false,3,E:\2026\99_seasonTiming\03_TAU\Practice 2.pdf,2026-04-22 16:11:50,,
TAU,QR08,6,Cameron Waters,Ford Mustang GT,1,1,40,false,3,E:\2026\99_seasonTiming\03_TAU\Qualifying Race 8.pdf,2026-04-22 16:11:51,,
TAU,QR08,19,Matthew Payne,Ford Mustang GT,1,1,38,false,3,E:\2026\99_seasonTiming\03_TAU\Qualifying Race 8.pdf,2026-04-22 16:11:51,,
TAU,QR08,38,Rylan Gray,Ford Mustang GT,1,1,38,false,3,E:\2026\99_seasonTiming\03_TAU\Qualifying Race 8.pdf,2026-04-22 16:11:51,,
TAU,QR08,20,David Reynolds,Chev Camaro ZL1,1,1,37,false,3,E:\2026\99_seasonTiming\03_TAU\Qualifying Race 8.pdf,2026-04-22 16:11:51,,
TAU,QR08,18,Anton De Pasquale,Chev Camaro ZL1,1,1,39,false,3,E:\2026\99_seasonTiming\03_TAU\Qualifying Race 8.pdf,2026-04-22 16:11:51,,
TAU,QR08,4,Jack Le Brocq,Chev Camaro ZL1,1,1,37,false,3,E:\2026\99_seasonTiming\03_TAU\Qualifying Race 8.pdf,2026-04-22 16:11:51,,
TAU,QR08,96,Macauley Jones,Toyota GR Supra A90,1,1,37,false,3,E:\2026\99_seasonTiming\03_TAU\Qualifying Race 8.pdf,2026-04-22 16:11:51,,
TAU,QR08,14,Cameron Hill,Toyota GR Supra A90,1,1,39,false,3,E:\2026\99_seasonTiming\03_TAU\Qualifying Race 8.pdf,2026-04-22 16:11:51,,
TAU,QR08,11,Jackson Walls,Ford Mustang GT,1,1,34,false,3,E:\2026\99_seasonTiming\03_TAU\Qualifying Race 8.pdf,2026-04-22 16:11:51,,
TAU,QR08,99,Cooper Murray,Chev Camaro ZL1,1,1,37,false,3,E:\2026\99_seasonTiming\03_TAU\Qualifying Race 8.pdf,2026-04-22 16:11:51,,
TAU,QR08,9,Jobe Stewart,Chev Camaro ZL1,1,1,39,false,3,E:\2026\99_seasonTiming\03_TAU\Qualifying Race 8.pdf,2026-04-22 16:11:51,,
TAU,QR08,777,Declan Fraser,Chev Camaro ZL1,1,1,37,false,3,E:\2026\99_seasonTiming\03_TAU\Qualifying Race 8.pdf,2026-04-22 16:11:51,,
TAU,QR08,31,Jayden Ojeda,Chev Camaro ZL1,1,1,40,false,3,E:\2026\99_seasonTiming\03_TAU\Qualifying Race 8.pdf,2026-04-22 16:11:51,,
TAU,QR08,1,Chaz Mostert,Toyota GR Supra A90,1,1,37,false,3,E:\2026\99_seasonTiming\03_TAU\Qualifying Race 8.pdf,2026-04-22 16:11:51,,
TAU,QR08,2,Ryan Wood,Toyota GR Supra A90,1,1,38,false,3,E:\2026\99_seasonTiming\03_TAU\Qualifying Race 8.pdf,2026-04-22 16:11:51,,
TAU,QR08,55,Thomas Randle,Ford Mustang GT,2,1,39,false,3,E:\2026\99_seasonTiming\03_TAU\Qualifying Race 8.pdf,2026-04-22 16:11:51,,
TAU,QR08,88,Broc Feeney,Ford Mustang GT,2,1,36,false,3,E:\2026\99_seasonTiming\03_TAU\Qualifying Race 8.pdf,2026-04-22 16:11:51,,
TAU,QR08,888,William Brown,Ford Mustang GT,2,1,39,false,3,E:\2026\99_seasonTiming\03_TAU\Qualifying Race 8.pdf,2026-04-22 16:11:51,,
TAU,QR08,17,Brodie Kostecki,Ford Mustang GT,2,1,37,false,3,E:\2026\99_seasonTiming\03_TAU\Qualifying Race 8.pdf,2026-04-22 16:11:51,,
TAU,QR08,7,James Golding,Ford Mustang GT,2,1,40,false,3,E:\2026\99_seasonTiming\03_TAU\Qualifying Race 8.pdf,2026-04-22 16:11:51,,
TAU,QR08,10,Zach Bates,Chev Camaro ZL1,2,1,39,false,3,E:\2026\99_seasonTiming\03_TAU\Qualifying Race 8.pdf,2026-04-22 16:11:51,,
TAU,QR08,19,Matthew Payne,Ford Mustang GT,4,1,40,false,3,E:\2026\99_seasonTiming\03_TAU\Qualifying Race 8.pdf,2026-04-22 16:11:51,,
TAU,QR08,26,Kai Allen,Ford Mustang GT,4,1,39,false,3,E:\2026\99_seasonTiming\03_TAU\Qualifying Race 8.pdf,2026-04-22 16:11:51,,
TAU,QR08,888,William Brown,Ford Mustang GT,5,1,39,false,3,E:\2026\99_seasonTiming\03_TAU\Qualifying Race 8.pdf,2026-04-22 16:11:51,,
TAU,QR08,31,Jayden Ojeda,Chev Camaro ZL1,4,1,36,false,3,E:\2026\99_seasonTiming\03_TAU\Qualifying Race 8.pdf,2026-04-22 16:11:51,,
TAU,QR08,777,Declan Fraser,Chev Camaro ZL1,4,1,37,false,3,E:\2026\99_seasonTiming\03_TAU\Qualifying Race 8.pdf,2026-04-22 16:11:51,,
TAU,QR08,11,Jackson Walls,Ford Mustang GT,4,1,38,false,3,E:\2026\99_seasonTiming\03_TAU\Qualifying Race 8.pdf,2026-04-22 16:11:51,,
TAU,QR08,18,Anton De Pasquale,Chev Camaro ZL1,4,1,38,false,3,E:\2026\99_seasonTiming\03_TAU\Qualifying Race 8.pdf,2026-04-22 16:11:51,,
TAU,QR08,14,Cameron Hill,Toyota GR Supra A90,4,1,39,false,3,E:\2026\99_seasonTiming\03_TAU\Qualifying Race 8.pdf,2026-04-22 16:11:51,,
TAU,QR08,96,Macauley Jones,Toyota GR Supra A90,4,1,37,false,3,E:\2026\99_seasonTiming\03_TAU\Qualifying Race 8.pdf,2026-04-22 16:11:51,,
TAU,QR08,99,Cooper Murray,Chev Camaro ZL1,4,1,35,false,3,E:\2026\99_seasonTiming\03_TAU\Qualifying Race 8.pdf,2026-04-22 16:11:51,,
TAU,QR08,4,Jack Le Brocq,Chev Camaro ZL1,4,1,37,false,3,E:\2026\99_seasonTiming\03_TAU\Qualifying Race 8.pdf,2026-04-22 16:11:51,,
TAU,QR08,20,David Reynolds,Chev Camaro ZL1,4,1,37,false,3,E:\2026\99_seasonTiming\03_TAU\Qualifying Race 8.pdf,2026-04-22 16:11:51,,
TAU,QR08,3,Aaron Cameron,Ford Mustang GT,4,1,38,false,3,E:\2026\99_seasonTiming\03_TAU\Qualifying Race 8.pdf,2026-04-22 16:11:51,,
TAU,QR08,55,Thomas Randle,Ford Mustang GT,5,1,32,false,3,E:\2026\99_seasonTiming\03_TAU\Qualifying Race 8.pdf,2026-04-22 16:11:51,,
TAU,QR08,10,Zach Bates,Chev Camaro ZL1,5,1,35,false,3,E:\2026\99_seasonTiming\03_TAU\Qualifying Race 8.pdf,2026-04-22 16:11:51,,
TAU,QR08,7,James Golding,Ford Mustang GT,5,1,36,false,3,E:\2026\99_seasonTiming\03_TAU\Qualifying Race 8.pdf,2026-04-22 16:11:51,,
TAU,QR08,8,Andre Heimgartner,Toyota GR Supra A90,5,1,37,false,3,E:\2026\99_seasonTiming\03_TAU\Qualifying Race 8.pdf,2026-04-22 16:11:51,,
TAU,QR08,1,Chaz Mostert,Toyota GR Supra A90,4,1,40,false,3,E:\2026\99_seasonTiming\03_TAU\Qualifying Race 8.pdf,2026-04-22 16:11:51,,
TAU,QR08,2,Ryan Wood,Toyota GR Supra A90,4,1,39,false,3,E:\2026\99_seasonTiming\03_TAU\Qualifying Race 8.pdf,2026-04-22 16:11:51,,
TAU,QR08,6,Cameron Waters,Ford Mustang GT,5,1,39,false,3,E:\2026\99_seasonTiming\03_TAU\Qualifying Race 8.pdf,2026-04-22 16:11:51,,
TAU,QR08,55,Thomas Randle,Ford Mustang GT,8,1,35,false,3,E:\2026\99_seasonTiming\03_TAU\Qualifying Race 8.pdf,2026-04-22 16:11:51,,
TAU,QR08,88,Broc Feeney,Ford Mustang GT,8,1,38,false,3,E:\2026\99_seasonTiming\03_TAU\Qualifying Race 8.pdf,2026-04-22 16:11:51,,
TAU,QR08,17,Brodie Kostecki,Ford Mustang GT,5,1,35,false,3,E:\2026\99_seasonTiming\03_TAU\Qualifying Race 8.pdf,2026-04-22 16:11:51,,
TAU,QR08,888,William Brown,Ford Mustang GT,7,1,40,false,3,E:\2026\99_seasonTiming\03_TAU\Qualifying Race 8.pdf,2026-04-22 16:11:51,,
TAU,QR08,2,Ryan Wood,Toyota GR Supra A90,6,1,39,false,3,E:\2026\99_seasonTiming\03_TAU\Qualifying Race 8.pdf,2026-04-22 16:11:51,,
TAU,QR08,1,Chaz Mostert,Toyota GR Supra A90,6,1,38,false,3,E:\2026\99_seasonTiming\03_TAU\Qualifying Race 8.pdf,2026-04-22 16:11:51,,
TAU,QR08,7,James Golding,Ford Mustang GT,7,1,40,false,3,E:\2026\99_seasonTiming\03_TAU\Qualifying Race 8.pdf,2026-04-22 16:11:51,,
TAU,QR08,55,Thomas Randle,Ford Mustang GT,10,1,37,false,3,E:\2026\99_seasonTiming\03_TAU\Qualifying Race 8.pdf,2026-04-22 16:11:51,,
TAU,QR08,88,Broc Feeney,Ford Mustang GT,10,1,34,false,3,E:\2026\99_seasonTiming\03_TAU\Qualifying Race 8.pdf,2026-04-22 16:11:51,,
TAU,QR08,8,Andre Heimgartner,Toyota GR Supra A90,8,1,38,false,3,E:\2026\99_seasonTiming\03_TAU\Qualifying Race 8.pdf,2026-04-22 16:11:51,,
TAU,QR09,6,Cameron Waters,Ford Mustang GT,1,1,38,false,3,E:\2026\99_seasonTiming\03_TAU\Qualifying Race 9.pdf,2026-04-22 16:11:51,,
TAU,QR09,19,Matthew Payne,Ford Mustang GT,1,1,40,false,3,E:\2026\99_seasonTiming\03_TAU\Qualifying Race 9.pdf,2026-04-22 16:11:51,,
TAU,QR09,26,Kai Allen,Ford Mustang GT,1,1,40,false,3,E:\2026\99_seasonTiming\03_TAU\Qualifying Race 9.pdf,2026-04-22 16:11:51,,
TAU,QR09,55,Thomas Randle,Ford Mustang GT,1,1,38,false,3,E:\2026\99_seasonTiming\03_TAU\Qualifying Race 9.pdf,2026-04-22 16:11:51,,
TAU,QR09,88,Broc Feeney,Ford Mustang GT,1,1,39,false,3,E:\2026\99_seasonTiming\03_TAU\Qualifying Race 9.pdf,2026-04-22 16:11:51,,
TAU,QR09,888,William Brown,Ford Mustang GT,1,1,39,false,3,E:\2026\99_seasonTiming\03_TAU\Qualifying Race 9.pdf,2026-04-22 16:11:51,,
TAU,QR09,17,Brodie Kostecki,Ford Mustang GT,1,1,39,false,3,E:\2026\99_seasonTiming\03_TAU\Qualifying Race 9.pdf,2026-04-22 16:11:51,,
TAU,QR09,3,Aaron Cameron,Ford Mustang GT,1,1,38,false,3,E:\2026\99_seasonTiming\03_TAU\Qualifying Race 9.pdf,2026-04-22 16:11:51,,
TAU,QR09,38,Rylan Gray,Ford Mustang GT,1,1,38,false,3,E:\2026\99_seasonTiming\03_TAU\Qualifying Race 9.pdf,2026-04-22 16:11:51,,
TAU,QR09,4,Jack Le Brocq,Chev Camaro ZL1,1,1,37,false,3,E:\2026\99_seasonTiming\03_TAU\Qualifying Race 9.pdf,2026-04-22 16:11:51,,
TAU,QR09,10,Zach Bates,Chev Camaro ZL1,1,1,37,false,3,E:\2026\99_seasonTiming\03_TAU\Qualifying Race 9.pdf,2026-04-22 16:11:51,,
TAU,QR09,7,James Golding,Ford Mustang GT,1,1,39,false,3,E:\2026\99_seasonTiming\03_TAU\Qualifying Race 9.pdf,2026-04-22 16:11:51,,
TAU,QR09,96,Macauley Jones,Toyota GR Supra A90,1,1,39,false,3,E:\2026\99_seasonTiming\03_TAU\Qualifying Race 9.pdf,2026-04-22 16:11:51,,
TAU,QR09,99,Cooper Murray,Chev Camaro ZL1,1,1,38,false,3,E:\2026\99_seasonTiming\03_TAU\Qualifying Race 9.pdf,2026-04-22 16:11:51,,
TAU,QR09,11,Jackson Walls,Ford Mustang GT,1,1,39,false,3,E:\2026\99_seasonTiming\03_TAU\Qualifying Race 9.pdf,2026-04-22 16:11:51,,
TAU,QR09,9,Jobe Stewart,Chev Camaro ZL1,1,1,37,false,3,E:\2026\99_seasonTiming\03_TAU\Qualifying Race 9.pdf,2026-04-22 16:11:51,,
TAU,QR09,777,Declan Fraser,Chev Camaro ZL1,1,1,38,false,3,E:\2026\99_seasonTiming\03_TAU\Qualifying Race 9.pdf,2026-04-22 16:11:51,,
TAU,QR09,18,Anton De Pasquale,Chev Camaro ZL1,1,1,39,false,3,E:\2026\99_seasonTiming\03_TAU\Qualifying Race 9.pdf,2026-04-22 16:11:51,,
TAU,QR09,31,Jayden Ojeda,Chev Camaro ZL1,1,1,40,false,3,E:\2026\99_seasonTiming\03_TAU\Qualifying Race 9.pdf,2026-04-22 16:11:51,,
TAU,QR09,20,David Reynolds,Chev Camaro ZL1,1,1,37,false,3,E:\2026\99_seasonTiming\03_TAU\Qualifying Race 9.pdf,2026-04-22 16:11:51,,
TAU,QR09,1,Chaz Mostert,Toyota GR Supra A90,1,1,39,false,3,E:\2026\99_seasonTiming\03_TAU\Qualifying Race 9.pdf,2026-04-22 16:11:51,,
TAU,QR09,2,Ryan Wood,Toyota GR Supra A90,1,1,39,false,3,E:\2026\99_seasonTiming\03_TAU\Qualifying Race 9.pdf,2026-04-22 16:11:51,,
TAU,QR09,14,Cameron Hill,Toyota GR Supra A90,2,1,39,false,3,E:\2026\99_seasonTiming\03_TAU\Qualifying Race 9.pdf,2026-04-22 16:11:51,,
TAU,QR09,11,Jackson Walls,Ford Mustang GT,3,1,39,false,3,E:\2026\99_seasonTiming\03_TAU\Qualifying Race 9.pdf,2026-04-22 16:11:51,,
TAU,QR09,9,Jobe Stewart,Chev Camaro ZL1,4,1,38,false,3,E:\2026\99_seasonTiming\03_TAU\Qualifying Race 9.pdf,2026-04-22 16:11:51,,
TAU,QR09,99,Cooper Murray,Chev Camaro ZL1,4,1,31,false,3,E:\2026\99_seasonTiming\03_TAU\Qualifying Race 9.pdf,2026-04-22 16:11:51,,
TAU,QR09,6,Cameron Waters,Ford Mustang GT,4,1,40,false,3,E:\2026\99_seasonTiming\03_TAU\Qualifying Race 9.pdf,2026-04-22 16:11:51,,
TAU,QR09,55,Thomas Randle,Ford Mustang GT,4,1,37,false,3,E:\2026\99_seasonTiming\03_TAU\Qualifying Race 9.pdf,2026-04-22 16:11:51,,
TAU,QR09,19,Matthew Payne,Ford Mustang GT,4,1,40,false,3,E:\2026\99_seasonTiming\03_TAU\Qualifying Race 9.pdf,2026-04-22 16:11:51,,
TAU,QR09,888,William Brown,Ford Mustang GT,4,1,38,false,3,E:\2026\99_seasonTiming\03_TAU\Qualifying Race 9.pdf,2026-04-22 16:11:51,,
TAU,QR09,17,Brodie Kostecki,Ford Mustang GT,4,1,38,false,3,E:\2026\99_seasonTiming\03_TAU\Qualifying Race 9.pdf,2026-04-22 16:11:51,,
TAU,QR09,4,Jack Le Brocq,Chev Camaro ZL1,4,1,35,false,3,E:\2026\99_seasonTiming\03_TAU\Qualifying Race 9.pdf,2026-04-22 16:11:51,,
TAU,QR09,10,Zach Bates,Chev Camaro ZL1,4,1,39,false,3,E:\2026\99_seasonTiming\03_TAU\Qualifying Race 9.pdf,2026-04-22 16:11:51,,
TAU,QR09,38,Rylan Gray,Ford Mustang GT,4,1,40,false,3,E:\2026\99_seasonTiming\03_TAU\Qualifying Race 9.pdf,2026-04-22 16:11:51,,
TAU,QR09,3,Aaron Cameron,Ford Mustang GT,4,1,39,false,3,E:\2026\99_seasonTiming\03_TAU\Qualifying Race 9.pdf,2026-04-22 16:11:51,,
TAU,QR09,7,James Golding,Ford Mustang GT,4,1,40,false,3,E:\2026\99_seasonTiming\03_TAU\Qualifying Race 9.pdf,2026-04-22 16:11:51,,
TAU,QR09,777,Declan Fraser,Chev Camaro ZL1,4,1,38,false,3,E:\2026\99_seasonTiming\03_TAU\Qualifying Race 9.pdf,2026-04-22 16:11:51,,
TAU,QR09,31,Jayden Ojeda,Chev Camaro ZL1,4,1,35,false,3,E:\2026\99_seasonTiming\03_TAU\Qualifying Race 9.pdf,2026-04-22 16:11:51,,
TAU,QR09,96,Macauley Jones,Toyota GR Supra A90,4,1,39,false,3,E:\2026\99_seasonTiming\03_TAU\Qualifying Race 9.pdf,2026-04-22 16:11:51,,
TAU,QR09,8,Andre Heimgartner,Toyota GR Supra A90,4,1,37,false,3,E:\2026\99_seasonTiming\03_TAU\Qualifying Race 9.pdf,2026-04-22 16:11:51,,
TAU,QR09,20,David Reynolds,Chev Camaro ZL1,4,1,38,false,3,E:\2026\99_seasonTiming\03_TAU\Qualifying Race 9.pdf,2026-04-22 16:11:51,,
TAU,QR09,18,Anton De Pasquale,Chev Camaro ZL1,4,1,39,false,3,E:\2026\99_seasonTiming\03_TAU\Qualifying Race 9.pdf,2026-04-22 16:11:51,,
TAU,QR09,14,Cameron Hill,Toyota GR Supra A90,5,1,38,false,3,E:\2026\99_seasonTiming\03_TAU\Qualifying Race 9.pdf,2026-04-22 16:11:51,,
TAU,QR09,2,Ryan Wood,Toyota GR Supra A90,4,1,35,false,3,E:\2026\99_seasonTiming\03_TAU\Qualifying Race 9.pdf,2026-04-22 16:11:51,,
TAU,QR09,1,Chaz Mostert,Toyota GR Supra A90,4,1,38,false,3,E:\2026\99_seasonTiming\03_TAU\Qualifying Race 9.pdf,2026-04-22 16:11:51,,
TAU,QR09,19,Matthew Payne,Ford Mustang GT,7,1,40,false,3,E:\2026\99_seasonTiming\03_TAU\Qualifying Race 9.pdf,2026-04-22 16:11:51,,
TAU,QR09,6,Cameron Waters,Ford Mustang GT,7,1,40,false,3,E:\2026\99_seasonTiming\03_TAU\Qualifying Race 9.pdf,2026-04-22 16:11:51,,
TAU,QR09,88,Broc Feeney,Ford Mustang GT,7,1,37,false,3,E:\2026\99_seasonTiming\03_TAU\Qualifying Race 9.pdf,2026-04-22 16:11:51,,
TAU,QR09,888,William Brown,Ford Mustang GT,7,1,40,false,3,E:\2026\99_seasonTiming\03_TAU\Qualifying Race 9.pdf,2026-04-22 16:11:51,,
TAU,QR09,17,Brodie Kostecki,Ford Mustang GT,7,1,40,false,3,E:\2026\99_seasonTiming\03_TAU\Qualifying Race 9.pdf,2026-04-22 16:11:51,,
TAU,QR09,2,Ryan Wood,Toyota GR Supra A90,7,1,39,false,3,E:\2026\99_seasonTiming\03_TAU\Qualifying Race 9.pdf,2026-04-22 16:11:51,,
TAU,QR09,7,James Golding,Ford Mustang GT,7,1,40,false,3,E:\2026\99_seasonTiming\03_TAU\Qualifying Race 9.pdf,2026-04-22 16:11:51,,
TAU,QR09,1,Chaz Mostert,Toyota GR Supra A90,7,1,39,false,3,E:\2026\99_seasonTiming\03_TAU\Qualifying Race 9.pdf,2026-04-22 16:11:51,,
TAU,QR09,19,Matthew Payne,Ford Mustang GT,10,1,40,false,3,E:\2026\99_seasonTiming\03_TAU\Qualifying Race 9.pdf,2026-04-22 16:11:51,,
TAU,QR09,88,Broc Feeney,Ford Mustang GT,10,1,35,false,3,E:\2026\99_seasonTiming\03_TAU\Qualifying Race 9.pdf,2026-04-22 16:11:51,,
TAU,QR09,17,Brodie Kostecki,Ford Mustang GT,10,1,36,false,3,E:\2026\99_seasonTiming\03_TAU\Qualifying Race 9.pdf,2026-04-22 16:11:51,,
TAU,QR09,1,Chaz Mostert,Toyota GR Supra A90,9,1,40,false,3,E:\2026\99_seasonTiming\03_TAU\Qualifying Race 9.pdf,2026-04-22 16:11:51,,
TAU,QR09,7,James Golding,Ford Mustang GT,9,1,40,false,3,E:\2026\99_seasonTiming\03_TAU\Qualifying Race 9.pdf,2026-04-22 16:11:51,,
TAU,QR09,6,Cameron Waters,Ford Mustang GT,10,1,40,false,3,E:\2026\99_seasonTiming\03_TAU\Qualifying Race 9.pdf,2026-04-22 16:11:51,,
TAU,QR09,888,William Brown,Ford Mustang GT,10,1,36,false,3,E:\2026\99_seasonTiming\03_TAU\Qualifying Race 9.pdf,2026-04-22 16:11:51,,
TAU,QR09,18,Anton De Pasquale,Chev Camaro ZL1,6,1,38,false,3,E:\2026\99_seasonTiming\03_TAU\Qualifying Race 9.pdf,2026-04-22 16:11:51,,
TAU,R08,9,Jobe Stewart,Chev Camaro ZL1,1,1,37,false,3,E:\2026\99_seasonTiming\03_TAU\Race 8.pdf,2026-04-22 16:11:52,,
TAU,R08,26,Kai Allen,Ford Mustang GT,2,1,38,false,3,E:\2026\99_seasonTiming\03_TAU\Race 8.pdf,2026-04-22 16:11:52,,
TAU,R08,11,Jackson Walls,Ford Mustang GT,15,1,38,false,3,E:\2026\99_seasonTiming\03_TAU\Race 8.pdf,2026-04-22 16:11:52,,
TAU,R08,1,Chaz Mostert,Toyota GR Supra A90,16,1,38,false,3,E:\2026\99_seasonTiming\03_TAU\Race 8.pdf,2026-04-22 16:11:52,,
TAU,R08,88,Broc Feeney,Ford Mustang GT,16,1,38,false,3,E:\2026\99_seasonTiming\03_TAU\Race 8.pdf,2026-04-22 16:11:52,,
TAU,R08,8,Andre Heimgartner,Toyota GR Supra A90,16,1,37,false,3,E:\2026\99_seasonTiming\03_TAU\Race 8.pdf,2026-04-22 16:11:52,,
TAU,R08,4,Jack Le Brocq,Chev Camaro ZL1,16,1,38,false,3,E:\2026\99_seasonTiming\03_TAU\Race 8.pdf,2026-04-22 16:11:52,,
TAU,R08,96,Macauley Jones,Toyota GR Supra A90,16,1,39,false,3,E:\2026\99_seasonTiming\03_TAU\Race 8.pdf,2026-04-22 16:11:52,,
TAU,R08,55,Thomas Randle,Ford Mustang GT,16,1,37,false,3,E:\2026\99_seasonTiming\03_TAU\Race 8.pdf,2026-04-22 16:11:52,,
TAU,R08,888,William Brown,Ford Mustang GT,17,1,39,false,3,E:\2026\99_seasonTiming\03_TAU\Race 8.pdf,2026-04-22 16:11:52,,
TAU,R08,2,Ryan Wood,Toyota GR Supra A90,17,1,40,false,3,E:\2026\99_seasonTiming\03_TAU\Race 8.pdf,2026-04-22 16:11:52,,
TAU,R08,777,Declan Fraser,Chev Camaro ZL1,17,1,40,false,3,E:\2026\99_seasonTiming\03_TAU\Race 8.pdf,2026-04-22 16:11:52,,
TAU,R08,19,Matthew Payne,Ford Mustang GT,18,1,39,false,3,E:\2026\99_seasonTiming\03_TAU\Race 8.pdf,2026-04-22 16:11:52,,
TAU,R08,7,James Golding,Ford Mustang GT,18,1,40,false,3,E:\2026\99_seasonTiming\03_TAU\Race 8.pdf,2026-04-22 16:11:52,,
TAU,R08,6,Cameron Waters,Ford Mustang GT,18,1,40,false,3,E:\2026\99_seasonTiming\03_TAU\Race 8.pdf,2026-04-22 16:11:52,,
TAU,R08,38,Rylan Gray,Ford Mustang GT,18,1,38,false,3,E:\2026\99_seasonTiming\03_TAU\Race 8.pdf,2026-04-22 16:11:52,,
TAU,R08,17,Brodie Kostecki,Ford Mustang GT,19,1,40,false,3,E:\2026\99_seasonTiming\03_TAU\Race 8.pdf,2026-04-22 16:11:52,,
TAU,R08,31,Jayden Ojeda,Chev Camaro ZL1,19,1,40,false,3,E:\2026\99_seasonTiming\03_TAU\Race 8.pdf,2026-04-22 16:11:52,,
TAU,R08,14,Cameron Hill,Toyota GR Supra A90,19,1,39,false,3,E:\2026\99_seasonTiming\03_TAU\Race 8.pdf,2026-04-22 16:11:52,,
TAU,R08,99,Cooper Murray,Chev Camaro ZL1,19,1,37,false,3,E:\2026\99_seasonTiming\03_TAU\Race 8.pdf,2026-04-22 16:11:52,,
TAU,R08,10,Zach Bates,Chev Camaro ZL1,19,1,37,false,3,E:\2026\99_seasonTiming\03_TAU\Race 8.pdf,2026-04-22 16:11:52,,
TAU,R08,18,Anton De Pasquale,Chev Camaro ZL1,21,1,37,false,3,E:\2026\99_seasonTiming\03_TAU\Race 8.pdf,2026-04-22 16:11:52,,
TAU,R08,20,David Reynolds,Chev Camaro ZL1,22,1,37,false,3,E:\2026\99_seasonTiming\03_TAU\Race 8.pdf,2026-04-22 16:11:52,,
TAU,R08,11,Jackson Walls,Ford Mustang GT,29,1,38,false,3,E:\2026\99_seasonTiming\03_TAU\Race 8.pdf,2026-04-22 16:11:52,,
TAU,R08,11,Jackson Walls,Ford Mustang GT,36,1,38,false,3,E:\2026\99_seasonTiming\03_TAU\Race 8.pdf,2026-04-22 16:11:52,,
TAU,R09,20,David Reynolds,Chev Camaro ZL1,13,1,39,false,3,E:\2026\99_seasonTiming\03_TAU\Race 9.pdf,2026-04-22 16:11:52,,
TAU,R09,19,Matthew Payne,Ford Mustang GT,14,1,39,false,3,E:\2026\99_seasonTiming\03_TAU\Race 9.pdf,2026-04-22 16:11:52,,
TAU,R09,4,Jack Le Brocq,Chev Camaro ZL1,14,1,37,false,3,E:\2026\99_seasonTiming\03_TAU\Race 9.pdf,2026-04-22 16:11:52,,
TAU,R09,99,Cooper Murray,Chev Camaro ZL1,14,1,37,false,3,E:\2026\99_seasonTiming\03_TAU\Race 9.pdf,2026-04-22 16:11:52,,
TAU,R09,18,Anton De Pasquale,Chev Camaro ZL1,15,1,39,false,3,E:\2026\99_seasonTiming\03_TAU\Race 9.pdf,2026-04-22 16:11:52,,
TAU,R09,55,Thomas Randle,Ford Mustang GT,15,1,35,false,3,E:\2026\99_seasonTiming\03_TAU\Race 9.pdf,2026-04-22 16:11:52,,
TAU,R09,777,Declan Fraser,Chev Camaro ZL1,15,1,38,false,3,E:\2026\99_seasonTiming\03_TAU\Race 9.pdf,2026-04-22 16:11:52,,
TAU,R09,14,Cameron Hill,Toyota GR Supra A90,16,1,39,false,3,E:\2026\99_seasonTiming\03_TAU\Race 9.pdf,2026-04-22 16:11:52,,
TAU,R09,888,William Brown,Ford Mustang GT,18,1,39,false,3,E:\2026\99_seasonTiming\03_TAU\Race 9.pdf,2026-04-22 16:11:52,,
TAU,R09,38,Rylan Gray,Ford Mustang GT,18,1,36,false,3,E:\2026\99_seasonTiming\03_TAU\Race 9.pdf,2026-04-22 16:11:52,,
TAU,R09,9,Jobe Stewart,Chev Camaro ZL1,19,1,40,false,3,E:\2026\99_seasonTiming\03_TAU\Race 9.pdf,2026-04-22 16:11:52,,
TAU,R09,2,Ryan Wood,Toyota GR Supra A90,20,1,40,false,3,E:\2026\99_seasonTiming\03_TAU\Race 9.pdf,2026-04-22 16:11:52,,
TAU,R09,11,Jackson Walls,Ford Mustang GT,20,1,39,false,3,E:\2026\99_seasonTiming\03_TAU\Race 9.pdf,2026-04-22 16:11:52,,
TAU,R09,1,Chaz Mostert,Toyota GR Supra A90,21,1,37,false,3,E:\2026\99_seasonTiming\03_TAU\Race 9.pdf,2026-04-22 16:11:52,,
TAU,R09,6,Cameron Waters,Ford Mustang GT,21,1,39,false,3,E:\2026\99_seasonTiming\03_TAU\Race 9.pdf,2026-04-22 16:11:52,,
TAU,R09,31,Jayden Ojeda,Chev Camaro ZL1,21,1,40,false,3,E:\2026\99_seasonTiming\03_TAU\Race 9.pdf,2026-04-22 16:11:52,,
TAU,R09,96,Macauley Jones,Toyota GR Supra A90,21,1,40,false,3,E:\2026\99_seasonTiming\03_TAU\Race 9.pdf,2026-04-22 16:11:52,,
TAU,R09,3,Aaron Cameron,Ford Mustang GT,22,1,40,false,3,E:\2026\99_seasonTiming\03_TAU\Race 9.pdf,2026-04-22 16:11:52,,
TAU,R09,8,Andre Heimgartner,Toyota GR Supra A90,22,1,36,false,3,E:\2026\99_seasonTiming\03_TAU\Race 9.pdf,2026-04-22 16:11:52,,
TAU,R09,10,Zach Bates,Chev Camaro ZL1,22,1,37,false,3,E:\2026\99_seasonTiming\03_TAU\Race 9.pdf,2026-04-22 16:11:52,,
TAU,R09,88,Broc Feeney,Ford Mustang GT,23,1,39,false,3,E:\2026\99_seasonTiming\03_TAU\Race 9.pdf,2026-04-22 16:11:52,,
TAU,R09,26,Kai Allen,Ford Mustang GT,23,1,37,false,3,E:\2026\99_seasonTiming\03_TAU\Race 9.pdf,2026-04-22 16:11:52,,
TAU,R09,7,James Golding,Ford Mustang GT,24,1,39,false,3,E:\2026\99_seasonTiming\03_TAU\Race 9.pdf,2026-04-22 16:11:52,,
TAU,R09,17,Brodie Kostecki,Ford Mustang GT,27,1,38,false,3,E:\2026\99_seasonTiming\03_TAU\Race 9.pdf,2026-04-22 16:11:52,,
TAU,R09,14,Cameron Hill,Toyota GR Supra A90,36,1,38,false,3,E:\2026\99_seasonTiming\03_TAU\Race 9.pdf,2026-04-22 16:11:52,,
TAU,R09,18,Anton De Pasquale,Chev Camaro ZL1,37,1,37,false,3,E:\2026\99_seasonTiming\03_TAU\Race 9.pdf,2026-04-22 16:11:52,,
TAU,R09,55,Thomas Randle,Ford Mustang GT,37,1,40,false,3,E:\2026\99_seasonTiming\03_TAU\Race 9.pdf,2026-04-22 16:11:52,,
TAU,R09,20,David Reynolds,Chev Camaro ZL1,38,1,39,false,3,E:\2026\99_seasonTiming\03_TAU\Race 9.pdf,2026-04-22 16:11:52,,
TAU,R09,99,Cooper Murray,Chev Camaro ZL1,38,1,38,false,3,E:\2026\99_seasonTiming\03_TAU\Race 9.pdf,2026-04-22 16:11:52,,
TAU,R09,1,Chaz Mostert,Toyota GR Supra A90,40,1,39,false,3,E:\2026\99_seasonTiming\03_TAU\Race 9.pdf,2026-04-22 16:11:52,,
TAU,R09,4,Jack Le Brocq,Chev Camaro ZL1,40,1,37,false,3,E:\2026\99_seasonTiming\03_TAU\Race 9.pdf,2026-04-22 16:11:52,,
TAU,R09,31,Jayden Ojeda,Chev Camaro ZL1,40,1,40,false,3,E:\2026\99_seasonTiming\03_TAU\Race 9.pdf,2026-04-22 16:11:52,,
TAU,R09,9,Jobe Stewart,Chev Camaro ZL1,40,1,40,false,3,E:\2026\99_seasonTiming\03_TAU\Race 9.pdf,2026-04-22 16:11:52,,
TAU,R09,888,William Brown,Ford Mustang GT,41,1,39,false,3,E:\2026\99_seasonTiming\03_TAU\Race 9.pdf,2026-04-22 16:11:52,,
TAU,R09,19,Matthew Payne,Ford Mustang GT,41,1,39,false,3,E:\2026\99_seasonTiming\03_TAU\Race 9.pdf,2026-04-22 16:11:52,,
TAU,R09,6,Cameron Waters,Ford Mustang GT,41,1,39,false,3,E:\2026\99_seasonTiming\03_TAU\Race 9.pdf,2026-04-22 16:11:52,,
TAU,R09,3,Aaron Cameron,Ford Mustang GT,41,1,39,false,3,E:\2026\99_seasonTiming\03_TAU\Race 9.pdf,2026-04-22 16:11:52,,
TAU,R09,10,Zach Bates,Chev Camaro ZL1,41,1,37,false,3,E:\2026\99_seasonTiming\03_TAU\Race 9.pdf,2026-04-22 16:11:52,,
TAU,R09,38,Rylan Gray,Ford Mustang GT,41,1,40,false,3,E:\2026\99_seasonTiming\03_TAU\Race 9.pdf,2026-04-22 16:11:52,,
TAU,R09,2,Ryan Wood,Toyota GR Supra A90,42,1,40,false,3,E:\2026\99_seasonTiming\03_TAU\Race 9.pdf,2026-04-22 16:11:52,,
TAU,R09,8,Andre Heimgartner,Toyota GR Supra A90,42,1,39,false,3,E:\2026\99_seasonTiming\03_TAU\Race 9.pdf,2026-04-22 16:11:52,,
TAU,R09,88,Broc Feeney,Ford Mustang GT,43,1,40,false,3,E:\2026\99_seasonTiming\03_TAU\Race 9.pdf,2026-04-22 16:11:52,,
TAU,R09,26,Kai Allen,Ford Mustang GT,43,1,36,false,3,E:\2026\99_seasonTiming\03_TAU\Race 9.pdf,2026-04-22 16:11:52,,
TAU,R09,96,Macauley Jones,Toyota GR Supra A90,43,1,38,false,3,E:\2026\99_seasonTiming\03_TAU\Race 9.pdf,2026-04-22 16:11:52,,
TAU,R09,777,Declan Fraser,Chev Camaro ZL1,43,1,38,false,3,E:\2026\99_seasonTiming\03_TAU\Race 9.pdf,2026-04-22 16:11:52,,
TAU,R09,7,James Golding,Ford Mustang GT,44,1,39,false,3,E:\2026\99_seasonTiming\03_TAU\Race 9.pdf,2026-04-22 16:11:52,,
TAU,R09,11,Jackson Walls,Ford Mustang GT,44,1,38,false,3,E:\2026\99_seasonTiming\03_TAU\Race 9.pdf,2026-04-22 16:11:52,,
TAU,R09,17,Brodie Kostecki,Ford Mustang GT,47,1,38,false,3,E:\2026\99_seasonTiming\03_TAU\Race 9.pdf,2026-04-22 16:11:52,,
TAU,R09,11,Jackson Walls,Ford Mustang GT,49,1,38,false,3,E:\2026\99_seasonTiming\03_TAU\Race 9.pdf,2026-04-22 16:11:52,,
RUA,PRACTICE,1,Chaz Mostert,,1,NaN,NaN,false,NaN,E:\2026\99_seasonTiming\04_RUA\top_speed\Practice.pdf,2026-04-22 16:34:43,88,
RUA,PRACTICE,1,Chaz Mostert,,2,NaN,NaN,false,NaN,E:\2026\99_seasonTiming\04_RUA\top_speed\Practice.pdf,2026-04-22 16:34:43,169,
RUA,PRACTICE,1,Chaz Mostert,,3,NaN,NaN,false,NaN,E:\2026\99_seasonTiming\04_RUA\top_speed\Practice.pdf,2026-04-22 16:34:43,244,
RUA,PRACTICE,1,Chaz Mostert,,4,NaN,NaN,false,NaN,E:\2026\99_seasonTiming\04_RUA\top_speed\Practice.pdf,2026-04-22 16:34:43,113,
RUA,PRACTICE,1,Chaz Mostert,,5,NaN,NaN,false,NaN,E:\2026\99_seasonTiming\04_RUA\top_speed\Practice.pdf,2026-04-22 16:34:43,176,
RUA,PRACTICE,1,Chaz Mostert,,6,NaN,NaN,false,NaN,E:\2026\99_seasonTiming\04_RUA\top_speed\Practice.pdf,2026-04-22 16:34:43,181,
RUA,PRACTICE,1,Chaz Mostert,,7,NaN,NaN,false,NaN,E:\2026\99_seasonTiming\04_RUA\top_speed\Practice.pdf,2026-04-22 16:34:43,251,
RUA,PRACTICE,1,Chaz Mostert,,8,NaN,NaN,false,NaN,E:\2026\99_seasonTiming\04_RUA\top_speed\Practice.pdf,2026-04-22 16:34:43,252,
RUA,PRACTICE,1,Chaz Mostert,,9,NaN,NaN,false,NaN,E:\2026\99_seasonTiming\04_RUA\top_speed\Practice.pdf,2026-04-22 16:34:43,253,
RUA,PRACTICE,1,Chaz Mostert,,10,NaN,NaN,false,NaN,E:\2026\99_seasonTiming\04_RUA\top_speed\Practice.pdf,2026-04-22 16:34:43,147,
RUA,PRACTICE,1,Chaz Mostert,,11,NaN,NaN,false,NaN,E:\2026\99_seasonTiming\04_RUA\top_speed\Practice.pdf,2026-04-22 16:34:43,251,
RUA,PRACTICE,1,Chaz Mostert,,12,NaN,NaN,false,NaN,E:\2026\99_seasonTiming\04_RUA\top_speed\Practice.pdf,2026-04-22 16:34:43,252,
RUA,PRACTICE,1,Chaz Mostert,,13,NaN,NaN,false,NaN,E:\2026\99_seasonTiming\04_RUA\top_speed\Practice.pdf,2026-04-22 16:34:43,254,
RUA,PRACTICE,1,Chaz Mostert,,14,NaN,NaN,false,NaN,E:\2026\99_seasonTiming\04_RUA\top_speed\Practice.pdf,2026-04-22 16:34:43,253,
RUA,PRACTICE,1,Chaz Mostert,,15,NaN,NaN,false,NaN,E:\2026\99_seasonTiming\04_RUA\top_speed\Practice.pdf,2026-04-22 16:34:43,169,
RUA,PRACTICE,1,Chaz Mostert,,16,NaN,NaN,false,NaN,E:\2026\99_seasonTiming\04_RUA\top_speed\Practice.pdf,2026-04-22 16:34:43,252,
RUA,PRACTICE,1,Chaz Mostert,,17,NaN,NaN,false,NaN,E:\2026\99_seasonTiming\04_RUA\top_speed\Practice.pdf,2026-04-22 16:34:43,212,
RUA,PRACTICE,1,Chaz Mostert,,18,NaN,NaN,false,NaN,E:\2026\99_seasonTiming\04_RUA\top_speed\Practice.pdf,2026-04-22 16:34:43,108,
RUA,PRACTICE,1,Chaz Mostert,,19,NaN,NaN,false,NaN,E:\2026\99_seasonTiming\04_RUA\top_speed\Practice.pdf,2026-04-22 16:34:43,211,
RUA,PRACTICE,1,Chaz Mostert,,20,NaN,NaN,false,NaN,E:\2026\99_seasonTiming\04_RUA\top_speed\Practice.pdf,2026-04-22 16:34:43,228,
RUA,PRACTICE,1,Chaz Mostert,,21,NaN,NaN,false,NaN,E:\2026\99_seasonTiming\04_RUA\top_speed\Practice.pdf,2026-04-22 16:34:43,254,
RUA,PRACTICE,1,Chaz Mostert,,22,NaN,NaN,false,NaN,E:\2026\99_seasonTiming\04_RUA\top_speed\Practice.pdf,2026-04-22 16:34:43,254,
RUA,PRACTICE,2,Ryan Wood,,1,NaN,NaN,false,NaN,E:\2026\99_seasonTiming\04_RUA\top_speed\Practice.pdf,2026-04-22 16:34:43,71,
RUA,PRACTICE,2,Ryan Wood,,2,NaN,NaN,false,NaN,E:\2026\99_seasonTiming\04_RUA\top_speed\Practice.pdf,2026-04-22 16:34:43,198,
RUA,PRACTICE,2,Ryan Wood,,3,NaN,NaN,false,NaN,E:\2026\99_seasonTiming\04_RUA\top_speed\Practice.pdf,2026-04-22 16:34:43,196,
RUA,PRACTICE,2,Ryan Wood,,4,NaN,NaN,false,NaN,E:\2026\99_seasonTiming\04_RUA\top_speed\Practice.pdf,2026-04-22 16:34:43,149,
RUA,PRACTICE,2,Ryan Wood,,5,NaN,NaN,false,NaN,E:\2026\99_seasonTiming\04_RUA\top_speed\Practice.pdf,2026-04-22 16:34:43,245,
RUA,PRACTICE,2,Ryan Wood,,6,NaN,NaN,false,NaN,E:\2026\99_seasonTiming\04_RUA\top_speed\Practice.pdf,2026-04-22 16:34:43,181,
RUA,PRACTICE,2,Ryan Wood,,7,NaN,NaN,false,NaN,E:\2026\99_seasonTiming\04_RUA\top_speed\Practice.pdf,2026-04-22 16:34:43,253,
RUA,PRACTICE,2,Ryan Wood,,8,NaN,NaN,false,NaN,E:\2026\99_seasonTiming\04_RUA\top_speed\Practice.pdf,2026-04-22 16:34:43,251,
RUA,PRACTICE,2,Ryan Wood,,9,NaN,NaN,false,NaN,E:\2026\99_seasonTiming\04_RUA\top_speed\Practice.pdf,2026-04-22 16:34:43,252,
RUA,PRACTICE,2,Ryan Wood,,10,NaN,NaN,false,NaN,E:\2026\99_seasonTiming\04_RUA\top_speed\Practice.pdf,2026-04-22 16:34:43,171,
RUA,PRACTICE,2,Ryan Wood,,11,NaN,NaN,false,NaN,E:\2026\99_seasonTiming\04_RUA\top_speed\Practice.pdf,2026-04-22 16:34:43,252,
RUA,PRACTICE,2,Ryan Wood,,12,NaN,NaN,false,NaN,E:\2026\99_seasonTiming\04_RUA\top_speed\Practice.pdf,2026-04-22 16:34:43,253,
RUA,PRACTICE,2,Ryan Wood,,13,NaN,NaN,false,NaN,E:\2026\99_seasonTiming\04_RUA\top_speed\Practice.pdf,2026-04-22 16:34:43,253,
RUA,PRACTICE,2,Ryan Wood,,14,NaN,NaN,false,NaN,E:\2026\99_seasonTiming\04_RUA\top_speed\Practice.pdf,2026-04-22 16:34:43,112,
RUA,PRACTICE,2,Ryan Wood,,15,NaN,NaN,false,NaN,E:\2026\99_seasonTiming\04_RUA\top_speed\Practice.pdf,2026-04-22 16:34:43,252,
RUA,PRACTICE,2,Ryan Wood,,16,NaN,NaN,false,NaN,E:\2026\99_seasonTiming\04_RUA\top_speed\Practice.pdf,2026-04-22 16:34:43,253,
RUA,PRACTICE,2,Ryan Wood,,17,NaN,NaN,false,NaN,E:\2026\99_seasonTiming\04_RUA\top_speed\Practice.pdf,2026-04-22 16:34:43,219,
RUA,PRACTICE,2,Ryan Wood,,18,NaN,NaN,false,NaN,E:\2026\99_seasonTiming\04_RUA\top_speed\Practice.pdf,2026-04-22 16:34:43,196,
RUA,PRACTICE,2,Ryan Wood,,19,NaN,NaN,false,NaN,E:\2026\99_seasonTiming\04_RUA\top_speed\Practice.pdf,2026-04-22 16:34:43,104,
RUA,PRACTICE,2,Ryan Wood,,20,NaN,NaN,false,NaN,E:\2026\99_seasonTiming\04_RUA\top_speed\Practice.pdf,2026-04-22 16:34:43,256,
RUA,PRACTICE,2,Ryan Wood,,21,NaN,NaN,false,NaN,E:\2026\99_seasonTiming\04_RUA\top_speed\Practice.pdf,2026-04-22 16:34:43,254,
RUA,PRACTICE,3,Aaron Cameron,,1,NaN,NaN,false,NaN,E:\2026\99_seasonTiming\04_RUA\top_speed\Practice.pdf,2026-04-22 16:34:43,87,
RUA,PRACTICE,3,Aaron Cameron,,2,NaN,NaN,false,NaN,E:\2026\99_seasonTiming\04_RUA\top_speed\Practice.pdf,2026-04-22 16:34:43,232,
RUA,PRACTICE,3,Aaron Cameron,,3,NaN,NaN,false,NaN,E:\2026\99_seasonTiming\04_RUA\top_speed\Practice.pdf,2026-04-22 16:34:43,253,
RUA,PRACTICE,3,Aaron Cameron,,4,NaN,NaN,false,NaN,E:\2026\99_seasonTiming\04_RUA\top_speed\Practice.pdf,2026-04-22 16:34:43,154,
RUA,PRACTICE,3,Aaron Cameron,,5,NaN,NaN,false,NaN,E:\2026\99_seasonTiming\04_RUA\top_speed\Practice.pdf,2026-04-22 16:34:43,256,
RUA,PRACTICE,3,Aaron Cameron,,6,NaN,NaN,false,NaN,E:\2026\99_seasonTiming\04_RUA\top_speed\Practice.pdf,2026-04-22 16:34:43,256,
RUA,PRACTICE,3,Aaron Cameron,,7,NaN,NaN,false,NaN,E:\2026\99_seasonTiming\04_RUA\top_speed\Practice.pdf,2026-04-22 16:34:43,255,
RUA,PRACTICE,3,Aaron Cameron,,8,NaN,NaN,false,NaN,E:\2026\99_seasonTiming\04_RUA\top_speed\Practice.pdf,2026-04-22 16:34:43,255,
RUA,PRACTICE,3,Aaron Cameron,,9,NaN,NaN,false,NaN,E:\2026\99_seasonTiming\04_RUA\top_speed\Practice.pdf,2026-04-22 16:34:43,187,
RUA,PRACTICE,3,Aaron Cameron,,10,NaN,NaN,false,NaN,E:\2026\99_seasonTiming\04_RUA\top_speed\Practice.pdf,2026-04-22 16:34:43,253,
RUA,PRACTICE,3,Aaron Cameron,,11,NaN,NaN,false,NaN,E:\2026\99_seasonTiming\04_RUA\top_speed\Practice.pdf,2026-04-22 16:34:43,255,
RUA,PRACTICE,3,Aaron Cameron,,12,NaN,NaN,false,NaN,E:\2026\99_seasonTiming\04_RUA\top_speed\Practice.pdf,2026-04-22 16:34:43,255,
RUA,PRACTICE,3,Aaron Cameron,,13,NaN,NaN,false,NaN,E:\2026\99_seasonTiming\04_RUA\top_speed\Practice.pdf,2026-04-22 16:34:43,198,
RUA,PRACTICE,3,Aaron Cameron,,14,NaN,NaN,false,NaN,E:\2026\99_seasonTiming\04_RUA\top_speed\Practice.pdf,2026-04-22 16:34:43,254,
RUA,PRACTICE,3,Aaron Cameron,,15,NaN,NaN,false,NaN,E:\2026\99_seasonTiming\04_RUA\top_speed\Practice.pdf,2026-04-22 16:34:43,254,
RUA,PRACTICE,3,Aaron Cameron,,16,NaN,NaN,false,NaN,E:\2026\99_seasonTiming\04_RUA\top_speed\Practice.pdf,2026-04-22 16:34:43,255,
RUA,PRACTICE,3,Aaron Cameron,,17,NaN,NaN,false,NaN,E:\2026\99_seasonTiming\04_RUA\top_speed\Practice.pdf,2026-04-22 16:34:43,198,
RUA,PRACTICE,3,Aaron Cameron,,18,NaN,NaN,false,NaN,E:\2026\99_seasonTiming\04_RUA\top_speed\Practice.pdf,2026-04-22 16:34:43,134,
RUA,PRACTICE,3,Aaron Cameron,,19,NaN,NaN,false,NaN,E:\2026\99_seasonTiming\04_RUA\top_speed\Practice.pdf,2026-04-22 16:34:43,255,
RUA,PRACTICE,4,Jack Le Brocq,,1,NaN,NaN,false,NaN,E:\2026\99_seasonTiming\04_RUA\top_speed\Practice.pdf,2026-04-22 16:34:43,87,
RUA,PRACTICE,4,Jack Le Brocq,,2,NaN,NaN,false,NaN,E:\2026\99_seasonTiming\04_RUA\top_speed\Practice.pdf,2026-04-22 16:34:43,228,
RUA,PRACTICE,4,Jack Le Brocq,,3,NaN,NaN,false,NaN,E:\2026\99_seasonTiming\04_RUA\top_speed\Practice.pdf,2026-04-22 16:34:43,250,
RUA,PRACTICE,4,Jack Le Brocq,,4,NaN,NaN,false,NaN,E:\2026\99_seasonTiming\04_RUA\top_speed\Practice.pdf,2026-04-22 16:34:43,133,
RUA,PRACTICE,4,Jack Le Brocq,,5,NaN,NaN,false,NaN,E:\2026\99_seasonTiming\04_RUA\top_speed\Practice.pdf,2026-04-22 16:34:43,249,
RUA,PRACTICE,4,Jack Le Brocq,,6,NaN,NaN,false,NaN,E:\2026\99_seasonTiming\04_RUA\top_speed\Practice.pdf,2026-04-22 16:34:43,252,
RUA,PRACTICE,4,Jack Le Brocq,,7,NaN,NaN,false,NaN,E:\2026\99_seasonTiming\04_RUA\top_speed\Practice.pdf,2026-04-22 16:34:43,251,
RUA,PRACTICE,4,Jack Le Brocq,,8,NaN,NaN,false,NaN,E:\2026\99_seasonTiming\04_RUA\top_speed\Practice.pdf,2026-04-22 16:34:43,253,
RUA,PRACTICE,4,Jack Le Brocq,,9,NaN,NaN,false,NaN,E:\2026\99_seasonTiming\04_RUA\top_speed\Practice.pdf,2026-04-22 16:34:43,251,
RUA,PRACTICE,4,Jack Le Brocq,,10,NaN,NaN,false,NaN,E:\2026\99_seasonTiming\04_RUA\top_speed\Practice.pdf,2026-04-22 16:34:43,196,
RUA,PRACTICE,4,Jack Le Brocq,,11,NaN,NaN,false,NaN,E:\2026\99_seasonTiming\04_RUA\top_speed\Practice.pdf,2026-04-22 16:34:43,252,
RUA,PRACTICE,4,Jack Le Brocq,,12,NaN,NaN,false,NaN,E:\2026\99_seasonTiming\04_RUA\top_speed\Practice.pdf,2026-04-22 16:34:43,253,
RUA,PRACTICE,4,Jack Le Brocq,,13,NaN,NaN,false,NaN,E:\2026\99_seasonTiming\04_RUA\top_speed\Practice.pdf,2026-04-22 16:34:43,191,
RUA,PRACTICE,4,Jack Le Brocq,,14,NaN,NaN,false,NaN,E:\2026\99_seasonTiming\04_RUA\top_speed\Practice.pdf,2026-04-22 16:34:43,251,
RUA,PRACTICE,4,Jack Le Brocq,,15,NaN,NaN,false,NaN,E:\2026\99_seasonTiming\04_RUA\top_speed\Practice.pdf,2026-04-22 16:34:43,252,
RUA,PRACTICE,4,Jack Le Brocq,,16,NaN,NaN,false,NaN,E:\2026\99_seasonTiming\04_RUA\top_speed\Practice.pdf,2026-04-22 16:34:43,124,
RUA,PRACTICE,4,Jack Le Brocq,,17,NaN,NaN,false,NaN,E:\2026\99_seasonTiming\04_RUA\top_speed\Practice.pdf,2026-04-22 16:34:43,252,
RUA,PRACTICE,4,Jack Le Brocq,,18,NaN,NaN,false,NaN,E:\2026\99_seasonTiming\04_RUA\top_speed\Practice.pdf,2026-04-22 16:34:43,253,
RUA,PRACTICE,4,Jack Le Brocq,,19,NaN,NaN,false,NaN,E:\2026\99_seasonTiming\04_RUA\top_speed\Practice.pdf,2026-04-22 16:34:43,168,
RUA,PRACTICE,4,Jack Le Brocq,,20,NaN,NaN,false,NaN,E:\2026\99_seasonTiming\04_RUA\top_speed\Practice.pdf,2026-04-22 16:34:43,253,
RUA,PRACTICE,6,Cameron Waters,,1,NaN,NaN,false,NaN,E:\2026\99_seasonTiming\04_RUA\top_speed\Practice.pdf,2026-04-22 16:34:43,80,
RUA,PRACTICE,6,Cameron Waters,,2,NaN,NaN,false,NaN,E:\2026\99_seasonTiming\04_RUA\top_speed\Practice.pdf,2026-04-22 16:34:43,222,
RUA,PRACTICE,6,Cameron Waters,,3,NaN,NaN,false,NaN,E:\2026\99_seasonTiming\04_RUA\top_speed\Practice.pdf,2026-04-22 16:34:43,243,
RUA,PRACTICE,6,Cameron Waters,,4,NaN,NaN,false,NaN,E:\2026\99_seasonTiming\04_RUA\top_speed\Practice.pdf,2026-04-22 16:34:43,183,
RUA,PRACTICE,6,Cameron Waters,,5,NaN,NaN,false,NaN,E:\2026\99_seasonTiming\04_RUA\top_speed\Practice.pdf,2026-04-22 16:34:43,252,
RUA,PRACTICE,6,Cameron Waters,,6,NaN,NaN,false,NaN,E:\2026\99_seasonTiming\04_RUA\top_speed\Practice.pdf,2026-04-22 16:34:43,252,
RUA,PRACTICE,6,Cameron Waters,,7,NaN,NaN,false,NaN,E:\2026\99_seasonTiming\04_RUA\top_speed\Practice.pdf,2026-04-22 16:34:43,251,
RUA,PRACTICE,6,Cameron Waters,,8,NaN,NaN,false,NaN,E:\2026\99_seasonTiming\04_RUA\top_speed\Practice.pdf,2026-04-22 16:34:43,251,
RUA,PRACTICE,6,Cameron Waters,,9,NaN,NaN,false,NaN,E:\2026\99_seasonTiming\04_RUA\top_speed\Practice.pdf,2026-04-22 16:34:43,253,
RUA,PRACTICE,6,Cameron Waters,,10,NaN,NaN,false,NaN,E:\2026\99_seasonTiming\04_RUA\top_speed\Practice.pdf,2026-04-22 16:34:43,252,
RUA,PRACTICE,6,Cameron Waters,,11,NaN,NaN,false,NaN,E:\2026\99_seasonTiming\04_RUA\top_speed\Practice.pdf,2026-04-22 16:34:43,252,
RUA,PRACTICE,6,Cameron Waters,,12,NaN,NaN,false,NaN,E:\2026\99_seasonTiming\04_RUA\top_speed\Practice.pdf,2026-04-22 16:34:43,252,
RUA,PRACTICE,6,Cameron Waters,,13,NaN,NaN,false,NaN,E:\2026\99_seasonTiming\04_RUA\top_speed\Practice.pdf,2026-04-22 16:34:43,252,
RUA,PRACTICE,6,Cameron Waters,,14,NaN,NaN,false,NaN,E:\2026\99_seasonTiming\04_RUA\top_speed\Practice.pdf,2026-04-22 16:34:43,211,
RUA,PRACTICE,6,Cameron Waters,,15,NaN,NaN,false,NaN,E:\2026\99_seasonTiming\04_RUA\top_speed\Practice.pdf,2026-04-22 16:34:43,194,
RUA,PRACTICE,6,Cameron Waters,,16,NaN,NaN,false,NaN,E:\2026\99_seasonTiming\04_RUA\top_speed\Practice.pdf,2026-04-22 16:34:43,253,
RUA,PRACTICE,6,Cameron Waters,,17,NaN,NaN,false,NaN,E:\2026\99_seasonTiming\04_RUA\top_speed\Practice.pdf,2026-04-22 16:34:43,253,
RUA,PRACTICE,6,Cameron Waters,,18,NaN,NaN,false,NaN,E:\2026\99_seasonTiming\04_RUA\top_speed\Practice.pdf,2026-04-22 16:34:43,220,
RUA,PRACTICE,6,Cameron Waters,,19,NaN,NaN,false,NaN,E:\2026\99_seasonTiming\04_RUA\top_speed\Practice.pdf,2026-04-22 16:34:43,141,
RUA,PRACTICE,6,Cameron Waters,,20,NaN,NaN,false,NaN,E:\2026\99_seasonTiming\04_RUA\top_speed\Practice.pdf,2026-04-22 16:34:43,254,
RUA,PRACTICE,6,Cameron Waters,,21,NaN,NaN,false,NaN,E:\2026\99_seasonTiming\04_RUA\top_speed\Practice.pdf,2026-04-22 16:34:43,251,
RUA,PRACTICE,6,Cameron Waters,,22,NaN,NaN,false,NaN,E:\2026\99_seasonTiming\04_RUA\top_speed\Practice.pdf,2026-04-22 16:34:43,131,
RUA,PRACTICE,6,Cameron Waters,,23,NaN,NaN,false,NaN,E:\2026\99_seasonTiming\04_RUA\top_speed\Practice.pdf,2026-04-22 16:34:43,254,
RUA,PRACTICE,6,Cameron Waters,,24,NaN,NaN,false,NaN,E:\2026\99_seasonTiming\04_RUA\top_speed\Practice.pdf,2026-04-22 16:34:43,253,
RUA,PRACTICE,7,James Golding,,1,NaN,NaN,false,NaN,E:\2026\99_seasonTiming\04_RUA\top_speed\Practice.pdf,2026-04-22 16:34:43,81,
RUA,PRACTICE,7,James Golding,,2,NaN,NaN,false,NaN,E:\2026\99_seasonTiming\04_RUA\top_speed\Practice.pdf,2026-04-22 16:34:43,215,
RUA,PRACTICE,7,James Golding,,3,NaN,NaN,false,NaN,E:\2026\99_seasonTiming\04_RUA\top_speed\Practice.pdf,2026-04-22 16:34:43,242,
RUA,PRACTICE,7,James Golding,,4,NaN,NaN,false,NaN,E:\2026\99_seasonTiming\04_RUA\top_speed\Practice.pdf,2026-04-22 16:34:43,142,
RUA,PRACTICE,7,James Golding,,5,NaN,NaN,false,NaN,E:\2026\99_seasonTiming\04_RUA\top_speed\Practice.pdf,2026-04-22 16:34:43,243,
RUA,PRACTICE,7,James Golding,,6,NaN,NaN,false,NaN,E:\2026\99_seasonTiming\04_RUA\top_speed\Practice.pdf,2026-04-22 16:34:43,252,
RUA,PRACTICE,7,James Golding,,7,NaN,NaN,false,NaN,E:\2026\99_seasonTiming\04_RUA\top_speed\Practice.pdf,2026-04-22 16:34:43,255,
RUA,PRACTICE,7,James Golding,,8,NaN,NaN,false,NaN,E:\2026\99_seasonTiming\04_RUA\top_speed\Practice.pdf,2026-04-22 16:34:43,250,
RUA,PRACTICE,7,James Golding,,9,NaN,NaN,false,NaN,E:\2026\99_seasonTiming\04_RUA\top_speed\Practice.pdf,2026-04-22 16:34:43,196,
RUA,PRACTICE,7,James Golding,,10,NaN,NaN,false,NaN,E:\2026\99_seasonTiming\04_RUA\top_speed\Practice.pdf,2026-04-22 16:34:43,254,
RUA,PRACTICE,7,James Golding,,11,NaN,NaN,false,NaN,E:\2026\99_seasonTiming\04_RUA\top_speed\Practice.pdf,2026-04-22 16:34:43,253,
RUA,PRACTICE,7,James Golding,,12,NaN,NaN,false,NaN,E:\2026\99_seasonTiming\04_RUA\top_speed\Practice.pdf,2026-04-22 16:34:43,196,
RUA,PRACTICE,7,James Golding,,13,NaN,NaN,false,NaN,E:\2026\99_seasonTiming\04_RUA\top_speed\Practice.pdf,2026-04-22 16:34:43,254,
RUA,PRACTICE,7,James Golding,,14,NaN,NaN,false,NaN,E:\2026\99_seasonTiming\04_RUA\top_speed\Practice.pdf,2026-04-22 16:34:43,253,
RUA,PRACTICE,7,James Golding,,15,NaN,NaN,false,NaN,E:\2026\99_seasonTiming\04_RUA\top_speed\Practice.pdf,2026-04-22 16:34:43,254,
RUA,PRACTICE,7,James Golding,,16,NaN,NaN,false,NaN,E:\2026\99_seasonTiming\04_RUA\top_speed\Practice.pdf,2026-04-22 16:34:43,198,
RUA,PRACTICE,7,James Golding,,17,NaN,NaN,false,NaN,E:\2026\99_seasonTiming\04_RUA\top_speed\Practice.pdf,2026-04-22 16:34:43,254,
RUA,PRACTICE,7,James Golding,,18,NaN,NaN,false,NaN,E:\2026\99_seasonTiming\04_RUA\top_speed\Practice.pdf,2026-04-22 16:34:43,254,
RUA,PRACTICE,7,James Golding,,19,NaN,NaN,false,NaN,E:\2026\99_seasonTiming\04_RUA\top_speed\Practice.pdf,2026-04-22 16:34:43,185,
RUA,PRACTICE,7,James Golding,,20,NaN,NaN,false,NaN,E:\2026\99_seasonTiming\04_RUA\top_speed\Practice.pdf,2026-04-22 16:34:43,256,
RUA,PRACTICE,8,Andre Heimgartner,,1,NaN,NaN,false,NaN,E:\2026\99_seasonTiming\04_RUA\top_speed\Practice.pdf,2026-04-22 16:34:43,133,
RUA,PRACTICE,8,Andre Heimgartner,,2,NaN,NaN,false,NaN,E:\2026\99_seasonTiming\04_RUA\top_speed\Practice.pdf,2026-04-22 16:34:43,234,
RUA,PRACTICE,8,Andre Heimgartner,,3,NaN,NaN,false,NaN,E:\2026\99_seasonTiming\04_RUA\top_speed\Practice.pdf,2026-04-22 16:34:43,252,
RUA,PRACTICE,8,Andre Heimgartner,,4,NaN,NaN,false,NaN,E:\2026\99_seasonTiming\04_RUA\top_speed\Practice.pdf,2026-04-22 16:34:43,151,
RUA,PRACTICE,8,Andre Heimgartner,,5,NaN,NaN,false,NaN,E:\2026\99_seasonTiming\04_RUA\top_speed\Practice.pdf,2026-04-22 16:34:43,254,
RUA,PRACTICE,8,Andre Heimgartner,,6,NaN,NaN,false,NaN,E:\2026\99_seasonTiming\04_RUA\top_speed\Practice.pdf,2026-04-22 16:34:43,254,
RUA,PRACTICE,8,Andre Heimgartner,,7,NaN,NaN,false,NaN,E:\2026\99_seasonTiming\04_RUA\top_speed\Practice.pdf,2026-04-22 16:34:43,254,
RUA,PRACTICE,8,Andre Heimgartner,,8,NaN,NaN,false,NaN,E:\2026\99_seasonTiming\04_RUA\top_speed\Practice.pdf,2026-04-22 16:34:43,254,
RUA,PRACTICE,8,Andre Heimgartner,,9,NaN,NaN,false,NaN,E:\2026\99_seasonTiming\04_RUA\top_speed\Practice.pdf,2026-04-22 16:34:43,254,
RUA,PRACTICE,8,Andre Heimgartner,,10,NaN,NaN,false,NaN,E:\2026\99_seasonTiming\04_RUA\top_speed\Practice.pdf,2026-04-22 16:34:43,254,
RUA,PRACTICE,8,Andre Heimgartner,,11,NaN,NaN,false,NaN,E:\2026\99_seasonTiming\04_RUA\top_speed\Practice.pdf,2026-04-22 16:34:43,255,
RUA,PRACTICE,8,Andre Heimgartner,,12,NaN,NaN,false,NaN,E:\2026\99_seasonTiming\04_RUA\top_speed\Practice.pdf,2026-04-22 16:34:43,190,
RUA,PRACTICE,8,Andre Heimgartner,,13,NaN,NaN,false,NaN,E:\2026\99_seasonTiming\04_RUA\top_speed\Practice.pdf,2026-04-22 16:34:43,253,
RUA,PRACTICE,8,Andre Heimgartner,,14,NaN,NaN,false,NaN,E:\2026\99_seasonTiming\04_RUA\top_speed\Practice.pdf,2026-04-22 16:34:43,253,
RUA,PRACTICE,8,Andre Heimgartner,,15,NaN,NaN,false,NaN,E:\2026\99_seasonTiming\04_RUA\top_speed\Practice.pdf,2026-04-22 16:34:43,249,
RUA,PRACTICE,8,Andre Heimgartner,,16,NaN,NaN,false,NaN,E:\2026\99_seasonTiming\04_RUA\top_speed\Practice.pdf,2026-04-22 16:34:43,194,
RUA,PRACTICE,8,Andre Heimgartner,,17,NaN,NaN,false,NaN,E:\2026\99_seasonTiming\04_RUA\top_speed\Practice.pdf,2026-04-22 16:34:43,254,
RUA,PRACTICE,8,Andre Heimgartner,,18,NaN,NaN,false,NaN,E:\2026\99_seasonTiming\04_RUA\top_speed\Practice.pdf,2026-04-22 16:34:43,253,
RUA,PRACTICE,8,Andre Heimgartner,,19,NaN,NaN,false,NaN,E:\2026\99_seasonTiming\04_RUA\top_speed\Practice.pdf,2026-04-22 16:34:43,252,
RUA,PRACTICE,8,Andre Heimgartner,,20,NaN,NaN,false,NaN,E:\2026\99_seasonTiming\04_RUA\top_speed\Practice.pdf,2026-04-22 16:34:43,252,
RUA,PRACTICE,8,Andre Heimgartner,,21,NaN,NaN,false,NaN,E:\2026\99_seasonTiming\04_RUA\top_speed\Practice.pdf,2026-04-22 16:34:43,253,
RUA,PRACTICE,8,Andre Heimgartner,,22,NaN,NaN,false,NaN,E:\2026\99_seasonTiming\04_RUA\top_speed\Practice.pdf,2026-04-22 16:34:43,84,
RUA,PRACTICE,8,Andre Heimgartner,,23,NaN,NaN,false,NaN,E:\2026\99_seasonTiming\04_RUA\top_speed\Practice.pdf,2026-04-22 16:34:43,255,
RUA,PRACTICE,8,Andre Heimgartner,,24,NaN,NaN,false,NaN,E:\2026\99_seasonTiming\04_RUA\top_speed\Practice.pdf,2026-04-22 16:34:43,254,
RUA,PRACTICE,9,Jobe Stewart,,1,NaN,NaN,false,NaN,E:\2026\99_seasonTiming\04_RUA\top_speed\Practice.pdf,2026-04-22 16:34:43,73,
RUA,PRACTICE,9,Jobe Stewart,,2,NaN,NaN,false,NaN,E:\2026\99_seasonTiming\04_RUA\top_speed\Practice.pdf,2026-04-22 16:34:43,239,
RUA,PRACTICE,9,Jobe Stewart,,3,NaN,NaN,false,NaN,E:\2026\99_seasonTiming\04_RUA\top_speed\Practice.pdf,2026-04-22 16:34:43,237,
RUA,PRACTICE,9,Jobe Stewart,,4,NaN,NaN,false,NaN,E:\2026\99_seasonTiming\04_RUA\top_speed\Practice.pdf,2026-04-22 16:34:43,181,
RUA,PRACTICE,9,Jobe Stewart,,5,NaN,NaN,false,NaN,E:\2026\99_seasonTiming\04_RUA\top_speed\Practice.pdf,2026-04-22 16:34:43,250,
RUA,PRACTICE,9,Jobe Stewart,,6,NaN,NaN,false,NaN,E:\2026\99_seasonTiming\04_RUA\top_speed\Practice.pdf,2026-04-22 16:34:43,249,
RUA,PRACTICE,9,Jobe Stewart,,7,NaN,NaN,false,NaN,E:\2026\99_seasonTiming\04_RUA\top_speed\Practice.pdf,2026-04-22 16:34:43,253,
RUA,PRACTICE,9,Jobe Stewart,,8,NaN,NaN,false,NaN,E:\2026\99_seasonTiming\04_RUA\top_speed\Practice.pdf,2026-04-22 16:34:43,253,
RUA,PRACTICE,9,Jobe Stewart,,9,NaN,NaN,false,NaN,E:\2026\99_seasonTiming\04_RUA\top_speed\Practice.pdf,2026-04-22 16:34:43,192,
RUA,PRACTICE,9,Jobe Stewart,,10,NaN,NaN,false,NaN,E:\2026\99_seasonTiming\04_RUA\top_speed\Practice.pdf,2026-04-22 16:34:43,251,
RUA,PRACTICE,9,Jobe Stewart,,11,NaN,NaN,false,NaN,E:\2026\99_seasonTiming\04_RUA\top_speed\Practice.pdf,2026-04-22 16:34:43,251,
RUA,PRACTICE,9,Jobe Stewart,,12,NaN,NaN,false,NaN,E:\2026\99_seasonTiming\04_RUA\top_speed\Practice.pdf,2026-04-22 16:34:43,252,
RUA,PRACTICE,9,Jobe Stewart,,13,NaN,NaN,false,NaN,E:\2026\99_seasonTiming\04_RUA\top_speed\Practice.pdf,2026-04-22 16:34:43,251,
RUA,PRACTICE,9,Jobe Stewart,,14,NaN,NaN,false,NaN,E:\2026\99_seasonTiming\04_RUA\top_speed\Practice.pdf,2026-04-22 16:34:43,251,
RUA,PRACTICE,9,Jobe Stewart,,15,NaN,NaN,false,NaN,E:\2026\99_seasonTiming\04_RUA\top_speed\Practice.pdf,2026-04-22 16:34:43,251,
RUA,PRACTICE,9,Jobe Stewart,,16,NaN,NaN,false,NaN,E:\2026\99_seasonTiming\04_RUA\top_speed\Practice.pdf,2026-04-22 16:34:43,251,
RUA,PRACTICE,9,Jobe Stewart,,17,NaN,NaN,false,NaN,E:\2026\99_seasonTiming\04_RUA\top_speed\Practice.pdf,2026-04-22 16:34:43,194,
RUA,PRACTICE,9,Jobe Stewart,,18,NaN,NaN,false,NaN,E:\2026\99_seasonTiming\04_RUA\top_speed\Practice.pdf,2026-04-22 16:34:43,252,
RUA,PRACTICE,9,Jobe Stewart,,19,NaN,NaN,false,NaN,E:\2026\99_seasonTiming\04_RUA\top_speed\Practice.pdf,2026-04-22 16:34:43,252,
RUA,PRACTICE,9,Jobe Stewart,,20,NaN,NaN,false,NaN,E:\2026\99_seasonTiming\04_RUA\top_speed\Practice.pdf,2026-04-22 16:34:43,111,
RUA,PRACTICE,9,Jobe Stewart,,21,NaN,NaN,false,NaN,E:\2026\99_seasonTiming\04_RUA\top_speed\Practice.pdf,2026-04-22 16:34:43,159,
RUA,PRACTICE,10,Zach Bates,,1,NaN,NaN,false,NaN,E:\2026\99_seasonTiming\04_RUA\top_speed\Practice.pdf,2026-04-22 16:34:43,89,
RUA,PRACTICE,10,Zach Bates,,2,NaN,NaN,false,NaN,E:\2026\99_seasonTiming\04_RUA\top_speed\Practice.pdf,2026-04-22 16:34:43,244,
RUA,PRACTICE,10,Zach Bates,,3,NaN,NaN,false,NaN,E:\2026\99_seasonTiming\04_RUA\top_speed\Practice.pdf,2026-04-22 16:34:43,250,
RUA,PRACTICE,10,Zach Bates,,4,NaN,NaN,false,NaN,E:\2026\99_seasonTiming\04_RUA\top_speed\Practice.pdf,2026-04-22 16:34:43,167,
RUA,PRACTICE,10,Zach Bates,,5,NaN,NaN,false,NaN,E:\2026\99_seasonTiming\04_RUA\top_speed\Practice.pdf,2026-04-22 16:34:43,252,
RUA,PRACTICE,10,Zach Bates,,6,NaN,NaN,false,NaN,E:\2026\99_seasonTiming\04_RUA\top_speed\Practice.pdf,2026-04-22 16:34:43,253,
RUA,PRACTICE,10,Zach Bates,,7,NaN,NaN,false,NaN,E:\2026\99_seasonTiming\04_RUA\top_speed\Practice.pdf,2026-04-22 16:34:43,254,
RUA,PRACTICE,10,Zach Bates,,8,NaN,NaN,false,NaN,E:\2026\99_seasonTiming\04_RUA\top_speed\Practice.pdf,2026-04-22 16:34:43,250,
RUA,PRACTICE,10,Zach Bates,,9,NaN,NaN,false,NaN,E:\2026\99_seasonTiming\04_RUA\top_speed\Practice.pdf,2026-04-22 16:34:43,253,
RUA,PRACTICE,10,Zach Bates,,10,NaN,NaN,false,NaN,E:\2026\99_seasonTiming\04_RUA\top_speed\Practice.pdf,2026-04-22 16:34:43,193,
RUA,PRACTICE,10,Zach Bates,,11,NaN,NaN,false,NaN,E:\2026\99_seasonTiming\04_RUA\top_speed\Practice.pdf,2026-04-22 16:34:43,251,
RUA,PRACTICE,10,Zach Bates,,12,NaN,NaN,false,NaN,E:\2026\99_seasonTiming\04_RUA\top_speed\Practice.pdf,2026-04-22 16:34:43,254,
RUA,PRACTICE,10,Zach Bates,,13,NaN,NaN,false,NaN,E:\2026\99_seasonTiming\04_RUA\top_speed\Practice.pdf,2026-04-22 16:34:43,252,
RUA,PRACTICE,10,Zach Bates,,14,NaN,NaN,false,NaN,E:\2026\99_seasonTiming\04_RUA\top_speed\Practice.pdf,2026-04-22 16:34:43,253,
RUA,PRACTICE,10,Zach Bates,,15,NaN,NaN,false,NaN,E:\2026\99_seasonTiming\04_RUA\top_speed\Practice.pdf,2026-04-22 16:34:43,180,
RUA,PRACTICE,10,Zach Bates,,16,NaN,NaN,false,NaN,E:\2026\99_seasonTiming\04_RUA\top_speed\Practice.pdf,2026-04-22 16:34:43,253,
RUA,PRACTICE,10,Zach Bates,,17,NaN,NaN,false,NaN,E:\2026\99_seasonTiming\04_RUA\top_speed\Practice.pdf,2026-04-22 16:34:43,253,
RUA,PRACTICE,10,Zach Bates,,18,NaN,NaN,false,NaN,E:\2026\99_seasonTiming\04_RUA\top_speed\Practice.pdf,2026-04-22 16:34:43,254,
RUA,PRACTICE,10,Zach Bates,,19,NaN,NaN,false,NaN,E:\2026\99_seasonTiming\04_RUA\top_speed\Practice.pdf,2026-04-22 16:34:43,96,
RUA,PRACTICE,10,Zach Bates,,20,NaN,NaN,false,NaN,E:\2026\99_seasonTiming\04_RUA\top_speed\Practice.pdf,2026-04-22 16:34:43,254,
RUA,PRACTICE,10,Zach Bates,,21,NaN,NaN,false,NaN,E:\2026\99_seasonTiming\04_RUA\top_speed\Practice.pdf,2026-04-22 16:34:43,254,
RUA,PRACTICE,10,Zach Bates,,22,NaN,NaN,false,NaN,E:\2026\99_seasonTiming\04_RUA\top_speed\Practice.pdf,2026-04-22 16:34:43,168,
RUA,PRACTICE,11,Jackson Walls,,1,NaN,NaN,false,NaN,E:\2026\99_seasonTiming\04_RUA\top_speed\Practice.pdf,2026-04-22 16:34:43,102,
RUA,PRACTICE,11,Jackson Walls,,2,NaN,NaN,false,NaN,E:\2026\99_seasonTiming\04_RUA\top_speed\Practice.pdf,2026-04-22 16:34:43,215,
RUA,PRACTICE,11,Jackson Walls,,3,NaN,NaN,false,NaN,E:\2026\99_seasonTiming\04_RUA\top_speed\Practice.pdf,2026-04-22 16:34:43,209,
RUA,PRACTICE,11,Jackson Walls,,4,NaN,NaN,false,NaN,E:\2026\99_seasonTiming\04_RUA\top_speed\Practice.pdf,2026-04-22 16:34:43,158,
RUA,PRACTICE,11,Jackson Walls,,5,NaN,NaN,false,NaN,E:\2026\99_seasonTiming\04_RUA\top_speed\Practice.pdf,2026-04-22 16:34:43,238,
RUA,PRACTICE,11,Jackson Walls,,6,NaN,NaN,false,NaN,E:\2026\99_seasonTiming\04_RUA\top_speed\Practice.pdf,2026-04-22 16:34:43,247,
RUA,PRACTICE,11,Jackson Walls,,7,NaN,NaN,false,NaN,E:\2026\99_seasonTiming\04_RUA\top_speed\Practice.pdf,2026-04-22 16:34:43,252,
RUA,PRACTICE,11,Jackson Walls,,8,NaN,NaN,false,NaN,E:\2026\99_seasonTiming\04_RUA\top_speed\Practice.pdf,2026-04-22 16:34:43,141,
RUA,PRACTICE,11,Jackson Walls,,9,NaN,NaN,false,NaN,E:\2026\99_seasonTiming\04_RUA\top_speed\Practice.pdf,2026-04-22 16:34:43,246,
RUA,PRACTICE,11,Jackson Walls,,10,NaN,NaN,false,NaN,E:\2026\99_seasonTiming\04_RUA\top_speed\Practice.pdf,2026-04-22 16:34:43,253,
RUA,PRACTICE,11,Jackson Walls,,11,NaN,NaN,false,NaN,E:\2026\99_seasonTiming\04_RUA\top_speed\Practice.pdf,2026-04-22 16:34:43,250,
RUA,PRACTICE,11,Jackson Walls,,12,NaN,NaN,false,NaN,E:\2026\99_seasonTiming\04_RUA\top_speed\Practice.pdf,2026-04-22 16:34:43,251,
RUA,PRACTICE,11,Jackson Walls,,13,NaN,NaN,false,NaN,E:\2026\99_seasonTiming\04_RUA\top_speed\Practice.pdf,2026-04-22 16:34:43,132,
RUA,PRACTICE,11,Jackson Walls,,14,NaN,NaN,false,NaN,E:\2026\99_seasonTiming\04_RUA\top_speed\Practice.pdf,2026-04-22 16:34:43,251,
RUA,PRACTICE,11,Jackson Walls,,15,NaN,NaN,false,NaN,E:\2026\99_seasonTiming\04_RUA\top_speed\Practice.pdf,2026-04-22 16:34:43,253,
RUA,PRACTICE,11,Jackson Walls,,16,NaN,NaN,false,NaN,E:\2026\99_seasonTiming\04_RUA\top_speed\Practice.pdf,2026-04-22 16:34:43,155,
RUA,PRACTICE,11,Jackson Walls,,17,NaN,NaN,false,NaN,E:\2026\99_seasonTiming\04_RUA\top_speed\Practice.pdf,2026-04-22 16:34:43,251,
RUA,PRACTICE,11,Jackson Walls,,18,NaN,NaN,false,NaN,E:\2026\99_seasonTiming\04_RUA\top_speed\Practice.pdf,2026-04-22 16:34:43,253,
RUA,PRACTICE,11,Jackson Walls,,19,NaN,NaN,false,NaN,E:\2026\99_seasonTiming\04_RUA\top_speed\Practice.pdf,2026-04-22 16:34:43,252,
RUA,PRACTICE,11,Jackson Walls,,20,NaN,NaN,false,NaN,E:\2026\99_seasonTiming\04_RUA\top_speed\Practice.pdf,2026-04-22 16:34:43,132,
RUA,PRACTICE,11,Jackson Walls,,21,NaN,NaN,false,NaN,E:\2026\99_seasonTiming\04_RUA\top_speed\Practice.pdf,2026-04-22 16:34:43,254,
RUA,PRACTICE,14,Cameron Hill,,1,NaN,NaN,false,NaN,E:\2026\99_seasonTiming\04_RUA\top_speed\Practice.pdf,2026-04-22 16:34:43,113,
RUA,PRACTICE,17,Brodie Kostecki,,1,NaN,NaN,false,NaN,E:\2026\99_seasonTiming\04_RUA\top_speed\Practice.pdf,2026-04-22 16:34:43,71,
RUA,PRACTICE,17,Brodie Kostecki,,2,NaN,NaN,false,NaN,E:\2026\99_seasonTiming\04_RUA\top_speed\Practice.pdf,2026-04-22 16:34:43,240,
RUA,PRACTICE,17,Brodie Kostecki,,3,NaN,NaN,false,NaN,E:\2026\99_seasonTiming\04_RUA\top_speed\Practice.pdf,2026-04-22 16:34:43,247,
RUA,PRACTICE,17,Brodie Kostecki,,4,NaN,NaN,false,NaN,E:\2026\99_seasonTiming\04_RUA\top_speed\Practice.pdf,2026-04-22 16:34:43,189,
RUA,PRACTICE,17,Brodie Kostecki,,5,NaN,NaN,false,NaN,E:\2026\99_seasonTiming\04_RUA\top_speed\Practice.pdf,2026-04-22 16:34:43,252,
RUA,PRACTICE,17,Brodie Kostecki,,6,NaN,NaN,false,NaN,E:\2026\99_seasonTiming\04_RUA\top_speed\Practice.pdf,2026-04-22 16:34:43,255,
RUA,PRACTICE,17,Brodie Kostecki,,7,NaN,NaN,false,NaN,E:\2026\99_seasonTiming\04_RUA\top_speed\Practice.pdf,2026-04-22 16:34:43,256,
RUA,PRACTICE,17,Brodie Kostecki,,8,NaN,NaN,false,NaN,E:\2026\99_seasonTiming\04_RUA\top_speed\Practice.pdf,2026-04-22 16:34:43,184,
RUA,PRACTICE,17,Brodie Kostecki,,9,NaN,NaN,false,NaN,E:\2026\99_seasonTiming\04_RUA\top_speed\Practice.pdf,2026-04-22 16:34:43,254,
RUA,PRACTICE,17,Brodie Kostecki,,10,NaN,NaN,false,NaN,E:\2026\99_seasonTiming\04_RUA\top_speed\Practice.pdf,2026-04-22 16:34:43,254,
RUA,PRACTICE,17,Brodie Kostecki,,11,NaN,NaN,false,NaN,E:\2026\99_seasonTiming\04_RUA\top_speed\Practice.pdf,2026-04-22 16:34:43,186,
RUA,PRACTICE,17,Brodie Kostecki,,12,NaN,NaN,false,NaN,E:\2026\99_seasonTiming\04_RUA\top_speed\Practice.pdf,2026-04-22 16:34:43,254,
RUA,PRACTICE,17,Brodie Kostecki,,13,NaN,NaN,false,NaN,E:\2026\99_seasonTiming\04_RUA\top_speed\Practice.pdf,2026-04-22 16:34:43,197,
RUA,PRACTICE,17,Brodie Kostecki,,14,NaN,NaN,false,NaN,E:\2026\99_seasonTiming\04_RUA\top_speed\Practice.pdf,2026-04-22 16:34:43,254,
RUA,PRACTICE,17,Brodie Kostecki,,15,NaN,NaN,false,NaN,E:\2026\99_seasonTiming\04_RUA\top_speed\Practice.pdf,2026-04-22 16:34:43,143,
RUA,PRACTICE,17,Brodie Kostecki,,16,NaN,NaN,false,NaN,E:\2026\99_seasonTiming\04_RUA\top_speed\Practice.pdf,2026-04-22 16:34:43,246,
RUA,PRACTICE,17,Brodie Kostecki,,17,NaN,NaN,false,NaN,E:\2026\99_seasonTiming\04_RUA\top_speed\Practice.pdf,2026-04-22 16:34:43,254,
RUA,PRACTICE,18,Anton De Pasquale,,1,NaN,NaN,false,NaN,E:\2026\99_seasonTiming\04_RUA\top_speed\Practice.pdf,2026-04-22 16:34:43,75,
RUA,PRACTICE,18,Anton De Pasquale,,2,NaN,NaN,false,NaN,E:\2026\99_seasonTiming\04_RUA\top_speed\Practice.pdf,2026-04-22 16:34:43,233,
RUA,PRACTICE,18,Anton De Pasquale,,3,NaN,NaN,false,NaN,E:\2026\99_seasonTiming\04_RUA\top_speed\Practice.pdf,2026-04-22 16:34:43,247,
RUA,PRACTICE,18,Anton De Pasquale,,4,NaN,NaN,false,NaN,E:\2026\99_seasonTiming\04_RUA\top_speed\Practice.pdf,2026-04-22 16:34:43,150,
RUA,PRACTICE,18,Anton De Pasquale,,5,NaN,NaN,false,NaN,E:\2026\99_seasonTiming\04_RUA\top_speed\Practice.pdf,2026-04-22 16:34:43,250,
RUA,PRACTICE,18,Anton De Pasquale,,6,NaN,NaN,false,NaN,E:\2026\99_seasonTiming\04_RUA\top_speed\Practice.pdf,2026-04-22 16:34:43,252,
RUA,PRACTICE,18,Anton De Pasquale,,7,NaN,NaN,false,NaN,E:\2026\99_seasonTiming\04_RUA\top_speed\Practice.pdf,2026-04-22 16:34:43,138,
RUA,PRACTICE,18,Anton De Pasquale,,8,NaN,NaN,false,NaN,E:\2026\99_seasonTiming\04_RUA\top_speed\Practice.pdf,2026-04-22 16:34:43,252,
RUA,PRACTICE,18,Anton De Pasquale,,9,NaN,NaN,false,NaN,E:\2026\99_seasonTiming\04_RUA\top_speed\Practice.pdf,2026-04-22 16:34:43,252,
RUA,PRACTICE,18,Anton De Pasquale,,10,NaN,NaN,false,NaN,E:\2026\99_seasonTiming\04_RUA\top_speed\Practice.pdf,2026-04-22 16:34:43,186,
RUA,PRACTICE,18,Anton De Pasquale,,11,NaN,NaN,false,NaN,E:\2026\99_seasonTiming\04_RUA\top_speed\Practice.pdf,2026-04-22 16:34:43,252,
RUA,PRACTICE,18,Anton De Pasquale,,12,NaN,NaN,false,NaN,E:\2026\99_seasonTiming\04_RUA\top_speed\Practice.pdf,2026-04-22 16:34:43,253,
RUA,PRACTICE,18,Anton De Pasquale,,13,NaN,NaN,false,NaN,E:\2026\99_seasonTiming\04_RUA\top_speed\Practice.pdf,2026-04-22 16:34:43,175,
RUA,PRACTICE,18,Anton De Pasquale,,14,NaN,NaN,false,NaN,E:\2026\99_seasonTiming\04_RUA\top_speed\Practice.pdf,2026-04-22 16:34:43,251,
RUA,PRACTICE,18,Anton De Pasquale,,15,NaN,NaN,false,NaN,E:\2026\99_seasonTiming\04_RUA\top_speed\Practice.pdf,2026-04-22 16:34:43,176,
RUA,PRACTICE,18,Anton De Pasquale,,16,NaN,NaN,false,NaN,E:\2026\99_seasonTiming\04_RUA\top_speed\Practice.pdf,2026-04-22 16:34:43,108,
RUA,PRACTICE,18,Anton De Pasquale,,17,NaN,NaN,false,NaN,E:\2026\99_seasonTiming\04_RUA\top_speed\Practice.pdf,2026-04-22 16:34:43,254,
RUA,PRACTICE,18,Anton De Pasquale,,18,NaN,NaN,false,NaN,E:\2026\99_seasonTiming\04_RUA\top_speed\Practice.pdf,2026-04-22 16:34:43,254,
RUA,PRACTICE,19,Matthew Payne,,1,NaN,NaN,false,NaN,E:\2026\99_seasonTiming\04_RUA\top_speed\Practice.pdf,2026-04-22 16:34:43,67,
RUA,PRACTICE,19,Matthew Payne,,2,NaN,NaN,false,NaN,E:\2026\99_seasonTiming\04_RUA\top_speed\Practice.pdf,2026-04-22 16:34:43,215,
RUA,PRACTICE,19,Matthew Payne,,3,NaN,NaN,false,NaN,E:\2026\99_seasonTiming\04_RUA\top_speed\Practice.pdf,2026-04-22 16:34:43,247,
RUA,PRACTICE,19,Matthew Payne,,4,NaN,NaN,false,NaN,E:\2026\99_seasonTiming\04_RUA\top_speed\Practice.pdf,2026-04-22 16:34:43,174,
RUA,PRACTICE,19,Matthew Payne,,5,NaN,NaN,false,NaN,E:\2026\99_seasonTiming\04_RUA\top_speed\Practice.pdf,2026-04-22 16:34:43,251,
RUA,PRACTICE,19,Matthew Payne,,6,NaN,NaN,false,NaN,E:\2026\99_seasonTiming\04_RUA\top_speed\Practice.pdf,2026-04-22 16:34:43,251,
RUA,PRACTICE,19,Matthew Payne,,7,NaN,NaN,false,NaN,E:\2026\99_seasonTiming\04_RUA\top_speed\Practice.pdf,2026-04-22 16:34:43,252,
RUA,PRACTICE,19,Matthew Payne,,8,NaN,NaN,false,NaN,E:\2026\99_seasonTiming\04_RUA\top_speed\Practice.pdf,2026-04-22 16:34:43,196,
RUA,PRACTICE,19,Matthew Payne,,9,NaN,NaN,false,NaN,E:\2026\99_seasonTiming\04_RUA\top_speed\Practice.pdf,2026-04-22 16:34:43,251,
RUA,PRACTICE,19,Matthew Payne,,10,NaN,NaN,false,NaN,E:\2026\99_seasonTiming\04_RUA\top_speed\Practice.pdf,2026-04-22 16:34:43,253,
RUA,PRACTICE,19,Matthew Payne,,11,NaN,NaN,false,NaN,E:\2026\99_seasonTiming\04_RUA\top_speed\Practice.pdf,2026-04-22 16:34:43,253,
RUA,PRACTICE,19,Matthew Payne,,12,NaN,NaN,false,NaN,E:\2026\99_seasonTiming\04_RUA\top_speed\Practice.pdf,2026-04-22 16:34:43,194,
RUA,PRACTICE,19,Matthew Payne,,13,NaN,NaN,false,NaN,E:\2026\99_seasonTiming\04_RUA\top_speed\Practice.pdf,2026-04-22 16:34:43,252,
RUA,PRACTICE,19,Matthew Payne,,14,NaN,NaN,false,NaN,E:\2026\99_seasonTiming\04_RUA\top_speed\Practice.pdf,2026-04-22 16:34:43,253,
RUA,PRACTICE,19,Matthew Payne,,15,NaN,NaN,false,NaN,E:\2026\99_seasonTiming\04_RUA\top_speed\Practice.pdf,2026-04-22 16:34:43,186,
RUA,PRACTICE,19,Matthew Payne,,16,NaN,NaN,false,NaN,E:\2026\99_seasonTiming\04_RUA\top_speed\Practice.pdf,2026-04-22 16:34:43,253,
RUA,PRACTICE,19,Matthew Payne,,17,NaN,NaN,false,NaN,E:\2026\99_seasonTiming\04_RUA\top_speed\Practice.pdf,2026-04-22 16:34:43,237,
RUA,PRACTICE,19,Matthew Payne,,18,NaN,NaN,false,NaN,E:\2026\99_seasonTiming\04_RUA\top_speed\Practice.pdf,2026-04-22 16:34:43,177,
RUA,PRACTICE,19,Matthew Payne,,19,NaN,NaN,false,NaN,E:\2026\99_seasonTiming\04_RUA\top_speed\Practice.pdf,2026-04-22 16:34:43,96,
RUA,PRACTICE,19,Matthew Payne,,20,NaN,NaN,false,NaN,E:\2026\99_seasonTiming\04_RUA\top_speed\Practice.pdf,2026-04-22 16:34:43,254,
RUA,PRACTICE,19,Matthew Payne,,21,NaN,NaN,false,NaN,E:\2026\99_seasonTiming\04_RUA\top_speed\Practice.pdf,2026-04-22 16:34:43,254,
RUA,PRACTICE,26,Kai Allen,,1,NaN,NaN,false,NaN,E:\2026\99_seasonTiming\04_RUA\top_speed\Practice.pdf,2026-04-22 16:34:43,63,
RUA,PRACTICE,26,Kai Allen,,2,NaN,NaN,false,NaN,E:\2026\99_seasonTiming\04_RUA\top_speed\Practice.pdf,2026-04-22 16:34:43,248,
RUA,PRACTICE,26,Kai Allen,,3,NaN,NaN,false,NaN,E:\2026\99_seasonTiming\04_RUA\top_speed\Practice.pdf,2026-04-22 16:34:43,253,
RUA,PRACTICE,26,Kai Allen,,4,NaN,NaN,false,NaN,E:\2026\99_seasonTiming\04_RUA\top_speed\Practice.pdf,2026-04-22 16:34:43,159,
RUA,PRACTICE,26,Kai Allen,,5,NaN,NaN,false,NaN,E:\2026\99_seasonTiming\04_RUA\top_speed\Practice.pdf,2026-04-22 16:34:43,254,
RUA,PRACTICE,26,Kai Allen,,6,NaN,NaN,false,NaN,E:\2026\99_seasonTiming\04_RUA\top_speed\Practice.pdf,2026-04-22 16:34:43,253,
RUA,PRACTICE,26,Kai Allen,,7,NaN,NaN,false,NaN,E:\2026\99_seasonTiming\04_RUA\top_speed\Practice.pdf,2026-04-22 16:34:43,166,
RUA,PRACTICE,26,Kai Allen,,8,NaN,NaN,false,NaN,E:\2026\99_seasonTiming\04_RUA\top_speed\Practice.pdf,2026-04-22 16:34:43,252,
RUA,PRACTICE,26,Kai Allen,,9,NaN,NaN,false,NaN,E:\2026\99_seasonTiming\04_RUA\top_speed\Practice.pdf,2026-04-22 16:34:43,254,
RUA,PRACTICE,26,Kai Allen,,10,NaN,NaN,false,NaN,E:\2026\99_seasonTiming\04_RUA\top_speed\Practice.pdf,2026-04-22 16:34:43,234,
RUA,PRACTICE,26,Kai Allen,,11,NaN,NaN,false,NaN,E:\2026\99_seasonTiming\04_RUA\top_speed\Practice.pdf,2026-04-22 16:34:43,196,
RUA,PRACTICE,26,Kai Allen,,12,NaN,NaN,false,NaN,E:\2026\99_seasonTiming\04_RUA\top_speed\Practice.pdf,2026-04-22 16:34:43,253,
RUA,PRACTICE,26,Kai Allen,,13,NaN,NaN,false,NaN,E:\2026\99_seasonTiming\04_RUA\top_speed\Practice.pdf,2026-04-22 16:34:43,254,
RUA,PRACTICE,26,Kai Allen,,14,NaN,NaN,false,NaN,E:\2026\99_seasonTiming\04_RUA\top_speed\Practice.pdf,2026-04-22 16:34:43,193,
RUA,PRACTICE,26,Kai Allen,,15,NaN,NaN,false,NaN,E:\2026\99_seasonTiming\04_RUA\top_speed\Practice.pdf,2026-04-22 16:34:43,254,
RUA,PRACTICE,26,Kai Allen,,16,NaN,NaN,false,NaN,E:\2026\99_seasonTiming\04_RUA\top_speed\Practice.pdf,2026-04-22 16:34:43,253,
RUA,PRACTICE,26,Kai Allen,,17,NaN,NaN,false,NaN,E:\2026\99_seasonTiming\04_RUA\top_speed\Practice.pdf,2026-04-22 16:34:43,253,
RUA,PRACTICE,26,Kai Allen,,18,NaN,NaN,false,NaN,E:\2026\99_seasonTiming\04_RUA\top_speed\Practice.pdf,2026-04-22 16:34:43,91,
RUA,PRACTICE,26,Kai Allen,,19,NaN,NaN,false,NaN,E:\2026\99_seasonTiming\04_RUA\top_speed\Practice.pdf,2026-04-22 16:34:43,255,
RUA,PRACTICE,31,Jayden Ojeda,,1,NaN,NaN,false,NaN,E:\2026\99_seasonTiming\04_RUA\top_speed\Practice.pdf,2026-04-22 16:34:43,100,
RUA,PRACTICE,31,Jayden Ojeda,,2,NaN,NaN,false,NaN,E:\2026\99_seasonTiming\04_RUA\top_speed\Practice.pdf,2026-04-22 16:34:43,238,
RUA,PRACTICE,31,Jayden Ojeda,,3,NaN,NaN,false,NaN,E:\2026\99_seasonTiming\04_RUA\top_speed\Practice.pdf,2026-04-22 16:34:43,175,
RUA,PRACTICE,31,Jayden Ojeda,,4,NaN,NaN,false,NaN,E:\2026\99_seasonTiming\04_RUA\top_speed\Practice.pdf,2026-04-22 16:34:43,247,
RUA,PRACTICE,31,Jayden Ojeda,,5,NaN,NaN,false,NaN,E:\2026\99_seasonTiming\04_RUA\top_speed\Practice.pdf,2026-04-22 16:34:43,255,
RUA,PRACTICE,31,Jayden Ojeda,,6,NaN,NaN,false,NaN,E:\2026\99_seasonTiming\04_RUA\top_speed\Practice.pdf,2026-04-22 16:34:43,239,
RUA,PRACTICE,31,Jayden Ojeda,,7,NaN,NaN,false,NaN,E:\2026\99_seasonTiming\04_RUA\top_speed\Practice.pdf,2026-04-22 16:34:43,185,
RUA,PRACTICE,31,Jayden Ojeda,,8,NaN,NaN,false,NaN,E:\2026\99_seasonTiming\04_RUA\top_speed\Practice.pdf,2026-04-22 16:34:43,253,
RUA,PRACTICE,31,Jayden Ojeda,,9,NaN,NaN,false,NaN,E:\2026\99_seasonTiming\04_RUA\top_speed\Practice.pdf,2026-04-22 16:34:43,245,
RUA,PRACTICE,31,Jayden Ojeda,,10,NaN,NaN,false,NaN,E:\2026\99_seasonTiming\04_RUA\top_speed\Practice.pdf,2026-04-22 16:34:43,253,
RUA,PRACTICE,31,Jayden Ojeda,,11,NaN,NaN,false,NaN,E:\2026\99_seasonTiming\04_RUA\top_speed\Practice.pdf,2026-04-22 16:34:43,186,
RUA,PRACTICE,31,Jayden Ojeda,,12,NaN,NaN,false,NaN,E:\2026\99_seasonTiming\04_RUA\top_speed\Practice.pdf,2026-04-22 16:34:43,253,
RUA,PRACTICE,31,Jayden Ojeda,,13,NaN,NaN,false,NaN,E:\2026\99_seasonTiming\04_RUA\top_speed\Practice.pdf,2026-04-22 16:34:43,254,
RUA,PRACTICE,31,Jayden Ojeda,,14,NaN,NaN,false,NaN,E:\2026\99_seasonTiming\04_RUA\top_speed\Practice.pdf,2026-04-22 16:34:43,254,
RUA,PRACTICE,31,Jayden Ojeda,,15,NaN,NaN,false,NaN,E:\2026\99_seasonTiming\04_RUA\top_speed\Practice.pdf,2026-04-22 16:34:43,254,
RUA,PRACTICE,31,Jayden Ojeda,,16,NaN,NaN,false,NaN,E:\2026\99_seasonTiming\04_RUA\top_speed\Practice.pdf,2026-04-22 16:34:43,173,
RUA,PRACTICE,31,Jayden Ojeda,,17,NaN,NaN,false,NaN,E:\2026\99_seasonTiming\04_RUA\top_speed\Practice.pdf,2026-04-22 16:34:43,254,
RUA,PRACTICE,31,Jayden Ojeda,,18,NaN,NaN,false,NaN,E:\2026\99_seasonTiming\04_RUA\top_speed\Practice.pdf,2026-04-22 16:34:43,94,
RUA,PRACTICE,31,Jayden Ojeda,,19,NaN,NaN,false,NaN,E:\2026\99_seasonTiming\04_RUA\top_speed\Practice.pdf,2026-04-22 16:34:43,255,
RUA,PRACTICE,31,Jayden Ojeda,,20,NaN,NaN,false,NaN,E:\2026\99_seasonTiming\04_RUA\top_speed\Practice.pdf,2026-04-22 16:34:43,256,
RUA,PRACTICE,38,Rylan Gray,,1,NaN,NaN,false,NaN,E:\2026\99_seasonTiming\04_RUA\top_speed\Practice.pdf,2026-04-22 16:34:43,62,
RUA,PRACTICE,38,Rylan Gray,,2,NaN,NaN,false,NaN,E:\2026\99_seasonTiming\04_RUA\top_speed\Practice.pdf,2026-04-22 16:34:43,223,
RUA,PRACTICE,38,Rylan Gray,,3,NaN,NaN,false,NaN,E:\2026\99_seasonTiming\04_RUA\top_speed\Practice.pdf,2026-04-22 16:34:43,245,
RUA,PRACTICE,38,Rylan Gray,,4,NaN,NaN,false,NaN,E:\2026\99_seasonTiming\04_RUA\top_speed\Practice.pdf,2026-04-22 16:34:43,186,
RUA,PRACTICE,38,Rylan Gray,,5,NaN,NaN,false,NaN,E:\2026\99_seasonTiming\04_RUA\top_speed\Practice.pdf,2026-04-22 16:34:43,243,
RUA,PRACTICE,38,Rylan Gray,,6,NaN,NaN,false,NaN,E:\2026\99_seasonTiming\04_RUA\top_speed\Practice.pdf,2026-04-22 16:34:43,254,
RUA,PRACTICE,38,Rylan Gray,,7,NaN,NaN,false,NaN,E:\2026\99_seasonTiming\04_RUA\top_speed\Practice.pdf,2026-04-22 16:34:43,237,
RUA,PRACTICE,38,Rylan Gray,,8,NaN,NaN,false,NaN,E:\2026\99_seasonTiming\04_RUA\top_speed\Practice.pdf,2026-04-22 16:34:43,192,
RUA,PRACTICE,38,Rylan Gray,,9,NaN,NaN,false,NaN,E:\2026\99_seasonTiming\04_RUA\top_speed\Practice.pdf,2026-04-22 16:34:43,254,
RUA,PRACTICE,38,Rylan Gray,,10,NaN,NaN,false,NaN,E:\2026\99_seasonTiming\04_RUA\top_speed\Practice.pdf,2026-04-22 16:34:43,253,
RUA,PRACTICE,38,Rylan Gray,,11,NaN,NaN,false,NaN,E:\2026\99_seasonTiming\04_RUA\top_speed\Practice.pdf,2026-04-22 16:34:43,191,
RUA,PRACTICE,38,Rylan Gray,,12,NaN,NaN,false,NaN,E:\2026\99_seasonTiming\04_RUA\top_speed\Practice.pdf,2026-04-22 16:34:43,253,
RUA,PRACTICE,38,Rylan Gray,,13,NaN,NaN,false,NaN,E:\2026\99_seasonTiming\04_RUA\top_speed\Practice.pdf,2026-04-22 16:34:43,253,
RUA,PRACTICE,38,Rylan Gray,,14,NaN,NaN,false,NaN,E:\2026\99_seasonTiming\04_RUA\top_speed\Practice.pdf,2026-04-22 16:34:43,207,
RUA,PRACTICE,38,Rylan Gray,,15,NaN,NaN,false,NaN,E:\2026\99_seasonTiming\04_RUA\top_speed\Practice.pdf,2026-04-22 16:34:43,186,
RUA,PRACTICE,38,Rylan Gray,,16,NaN,NaN,false,NaN,E:\2026\99_seasonTiming\04_RUA\top_speed\Practice.pdf,2026-04-22 16:34:43,254,
RUA,PRACTICE,38,Rylan Gray,,17,NaN,NaN,false,NaN,E:\2026\99_seasonTiming\04_RUA\top_speed\Practice.pdf,2026-04-22 16:34:43,193,
RUA,PRACTICE,38,Rylan Gray,,18,NaN,NaN,false,NaN,E:\2026\99_seasonTiming\04_RUA\top_speed\Practice.pdf,2026-04-22 16:34:43,253,
RUA,PRACTICE,38,Rylan Gray,,19,NaN,NaN,false,NaN,E:\2026\99_seasonTiming\04_RUA\top_speed\Practice.pdf,2026-04-22 16:34:43,88,
RUA,PRACTICE,38,Rylan Gray,,20,NaN,NaN,false,NaN,E:\2026\99_seasonTiming\04_RUA\top_speed\Practice.pdf,2026-04-22 16:34:43,255,
RUA,PRACTICE,38,Rylan Gray,,21,NaN,NaN,false,NaN,E:\2026\99_seasonTiming\04_RUA\top_speed\Practice.pdf,2026-04-22 16:34:43,254,
RUA,PRACTICE,55,Thomas Randle,,1,NaN,NaN,false,NaN,E:\2026\99_seasonTiming\04_RUA\top_speed\Practice.pdf,2026-04-22 16:34:43,85,
RUA,PRACTICE,55,Thomas Randle,,2,NaN,NaN,false,NaN,E:\2026\99_seasonTiming\04_RUA\top_speed\Practice.pdf,2026-04-22 16:34:43,227,
RUA,PRACTICE,55,Thomas Randle,,3,NaN,NaN,false,NaN,E:\2026\99_seasonTiming\04_RUA\top_speed\Practice.pdf,2026-04-22 16:34:43,247,
RUA,PRACTICE,55,Thomas Randle,,4,NaN,NaN,false,NaN,E:\2026\99_seasonTiming\04_RUA\top_speed\Practice.pdf,2026-04-22 16:34:43,175,
RUA,PRACTICE,55,Thomas Randle,,5,NaN,NaN,false,NaN,E:\2026\99_seasonTiming\04_RUA\top_speed\Practice.pdf,2026-04-22 16:34:43,251,
RUA,PRACTICE,55,Thomas Randle,,6,NaN,NaN,false,NaN,E:\2026\99_seasonTiming\04_RUA\top_speed\Practice.pdf,2026-04-22 16:34:43,253,
RUA,PRACTICE,55,Thomas Randle,,7,NaN,NaN,false,NaN,E:\2026\99_seasonTiming\04_RUA\top_speed\Practice.pdf,2026-04-22 16:34:43,253,
RUA,PRACTICE,55,Thomas Randle,,8,NaN,NaN,false,NaN,E:\2026\99_seasonTiming\04_RUA\top_speed\Practice.pdf,2026-04-22 16:34:43,251,
RUA,PRACTICE,55,Thomas Randle,,9,NaN,NaN,false,NaN,E:\2026\99_seasonTiming\04_RUA\top_speed\Practice.pdf,2026-04-22 16:34:43,252,
RUA,PRACTICE,55,Thomas Randle,,10,NaN,NaN,false,NaN,E:\2026\99_seasonTiming\04_RUA\top_speed\Practice.pdf,2026-04-22 16:34:43,254,
RUA,PRACTICE,55,Thomas Randle,,11,NaN,NaN,false,NaN,E:\2026\99_seasonTiming\04_RUA\top_speed\Practice.pdf,2026-04-22 16:34:43,254,
RUA,PRACTICE,55,Thomas Randle,,12,NaN,NaN,false,NaN,E:\2026\99_seasonTiming\04_RUA\top_speed\Practice.pdf,2026-04-22 16:34:43,250,
RUA,PRACTICE,55,Thomas Randle,,13,NaN,NaN,false,NaN,E:\2026\99_seasonTiming\04_RUA\top_speed\Practice.pdf,2026-04-22 16:34:43,252,
RUA,PRACTICE,55,Thomas Randle,,14,NaN,NaN,false,NaN,E:\2026\99_seasonTiming\04_RUA\top_speed\Practice.pdf,2026-04-22 16:34:43,231,
RUA,PRACTICE,55,Thomas Randle,,15,NaN,NaN,false,NaN,E:\2026\99_seasonTiming\04_RUA\top_speed\Practice.pdf,2026-04-22 16:34:43,105,
RUA,PRACTICE,55,Thomas Randle,,16,NaN,NaN,false,NaN,E:\2026\99_seasonTiming\04_RUA\top_speed\Practice.pdf,2026-04-22 16:34:43,254,
RUA,PRACTICE,55,Thomas Randle,,17,NaN,NaN,false,NaN,E:\2026\99_seasonTiming\04_RUA\top_speed\Practice.pdf,2026-04-22 16:34:43,254,
RUA,PRACTICE,55,Thomas Randle,,18,NaN,NaN,false,NaN,E:\2026\99_seasonTiming\04_RUA\top_speed\Practice.pdf,2026-04-22 16:34:43,214,
RUA,PRACTICE,55,Thomas Randle,,19,NaN,NaN,false,NaN,E:\2026\99_seasonTiming\04_RUA\top_speed\Practice.pdf,2026-04-22 16:34:43,180,
RUA,PRACTICE,55,Thomas Randle,,20,NaN,NaN,false,NaN,E:\2026\99_seasonTiming\04_RUA\top_speed\Practice.pdf,2026-04-22 16:34:43,255,
RUA,PRACTICE,55,Thomas Randle,,21,NaN,NaN,false,NaN,E:\2026\99_seasonTiming\04_RUA\top_speed\Practice.pdf,2026-04-22 16:34:43,105,
RUA,PRACTICE,55,Thomas Randle,,22,NaN,NaN,false,NaN,E:\2026\99_seasonTiming\04_RUA\top_speed\Practice.pdf,2026-04-22 16:34:43,254,
RUA,PRACTICE,88,Broc Feeney,,1,NaN,NaN,false,NaN,E:\2026\99_seasonTiming\04_RUA\top_speed\Practice.pdf,2026-04-22 16:34:43,78,
RUA,PRACTICE,88,Broc Feeney,,2,NaN,NaN,false,NaN,E:\2026\99_seasonTiming\04_RUA\top_speed\Practice.pdf,2026-04-22 16:34:43,244,
RUA,PRACTICE,88,Broc Feeney,,3,NaN,NaN,false,NaN,E:\2026\99_seasonTiming\04_RUA\top_speed\Practice.pdf,2026-04-22 16:34:43,250,
RUA,PRACTICE,88,Broc Feeney,,4,NaN,NaN,false,NaN,E:\2026\99_seasonTiming\04_RUA\top_speed\Practice.pdf,2026-04-22 16:34:43,116,
RUA,PRACTICE,88,Broc Feeney,,5,NaN,NaN,false,NaN,E:\2026\99_seasonTiming\04_RUA\top_speed\Practice.pdf,2026-04-22 16:34:43,165,
RUA,PRACTICE,88,Broc Feeney,,6,NaN,NaN,false,NaN,E:\2026\99_seasonTiming\04_RUA\top_speed\Practice.pdf,2026-04-22 16:34:43,252,
RUA,PRACTICE,88,Broc Feeney,,7,NaN,NaN,false,NaN,E:\2026\99_seasonTiming\04_RUA\top_speed\Practice.pdf,2026-04-22 16:34:43,253,
RUA,PRACTICE,88,Broc Feeney,,8,NaN,NaN,false,NaN,E:\2026\99_seasonTiming\04_RUA\top_speed\Practice.pdf,2026-04-22 16:34:43,163,
RUA,PRACTICE,88,Broc Feeney,,9,NaN,NaN,false,NaN,E:\2026\99_seasonTiming\04_RUA\top_speed\Practice.pdf,2026-04-22 16:34:43,252,
RUA,PRACTICE,88,Broc Feeney,,10,NaN,NaN,false,NaN,E:\2026\99_seasonTiming\04_RUA\top_speed\Practice.pdf,2026-04-22 16:34:43,252,
RUA,PRACTICE,88,Broc Feeney,,11,NaN,NaN,false,NaN,E:\2026\99_seasonTiming\04_RUA\top_speed\Practice.pdf,2026-04-22 16:34:43,209,
RUA,PRACTICE,88,Broc Feeney,,12,NaN,NaN,false,NaN,E:\2026\99_seasonTiming\04_RUA\top_speed\Practice.pdf,2026-04-22 16:34:43,191,
RUA,PRACTICE,88,Broc Feeney,,13,NaN,NaN,false,NaN,E:\2026\99_seasonTiming\04_RUA\top_speed\Practice.pdf,2026-04-22 16:34:43,251,
RUA,PRACTICE,88,Broc Feeney,,14,NaN,NaN,false,NaN,E:\2026\99_seasonTiming\04_RUA\top_speed\Practice.pdf,2026-04-22 16:34:43,251,
RUA,PRACTICE,88,Broc Feeney,,15,NaN,NaN,false,NaN,E:\2026\99_seasonTiming\04_RUA\top_speed\Practice.pdf,2026-04-22 16:34:43,157,
RUA,PRACTICE,88,Broc Feeney,,16,NaN,NaN,false,NaN,E:\2026\99_seasonTiming\04_RUA\top_speed\Practice.pdf,2026-04-22 16:34:43,252,
RUA,PRACTICE,88,Broc Feeney,,17,NaN,NaN,false,NaN,E:\2026\99_seasonTiming\04_RUA\top_speed\Practice.pdf,2026-04-22 16:34:43,254,
RUA,PRACTICE,88,Broc Feeney,,18,NaN,NaN,false,NaN,E:\2026\99_seasonTiming\04_RUA\top_speed\Practice.pdf,2026-04-22 16:34:43,253,
RUA,PRACTICE,88,Broc Feeney,,19,NaN,NaN,false,NaN,E:\2026\99_seasonTiming\04_RUA\top_speed\Practice.pdf,2026-04-22 16:34:43,118,
RUA,PRACTICE,88,Broc Feeney,,20,NaN,NaN,false,NaN,E:\2026\99_seasonTiming\04_RUA\top_speed\Practice.pdf,2026-04-22 16:34:43,252,
RUA,PRACTICE,88,Broc Feeney,,21,NaN,NaN,false,NaN,E:\2026\99_seasonTiming\04_RUA\top_speed\Practice.pdf,2026-04-22 16:34:43,252,
RUA,PRACTICE,88,Broc Feeney,,22,NaN,NaN,false,NaN,E:\2026\99_seasonTiming\04_RUA\top_speed\Practice.pdf,2026-04-22 16:34:43,254,
RUA,PRACTICE,88,Broc Feeney,,23,NaN,NaN,false,NaN,E:\2026\99_seasonTiming\04_RUA\top_speed\Practice.pdf,2026-04-22 16:34:43,253,
RUA,PRACTICE,96,Macauley Jones,,1,NaN,NaN,false,NaN,E:\2026\99_seasonTiming\04_RUA\top_speed\Practice.pdf,2026-04-22 16:34:43,114,
RUA,PRACTICE,96,Macauley Jones,,2,NaN,NaN,false,NaN,E:\2026\99_seasonTiming\04_RUA\top_speed\Practice.pdf,2026-04-22 16:34:43,232,
RUA,PRACTICE,96,Macauley Jones,,3,NaN,NaN,false,NaN,E:\2026\99_seasonTiming\04_RUA\top_speed\Practice.pdf,2026-04-22 16:34:43,225,
RUA,PRACTICE,96,Macauley Jones,,4,NaN,NaN,false,NaN,E:\2026\99_seasonTiming\04_RUA\top_speed\Practice.pdf,2026-04-22 16:34:43,191,
RUA,PRACTICE,96,Macauley Jones,,5,NaN,NaN,false,NaN,E:\2026\99_seasonTiming\04_RUA\top_speed\Practice.pdf,2026-04-22 16:34:43,238,
RUA,PRACTICE,96,Macauley Jones,,6,NaN,NaN,false,NaN,E:\2026\99_seasonTiming\04_RUA\top_speed\Practice.pdf,2026-04-22 16:34:43,245,
RUA,PRACTICE,96,Macauley Jones,,7,NaN,NaN,false,NaN,E:\2026\99_seasonTiming\04_RUA\top_speed\Practice.pdf,2026-04-22 16:34:43,248,
RUA,PRACTICE,96,Macauley Jones,,8,NaN,NaN,false,NaN,E:\2026\99_seasonTiming\04_RUA\top_speed\Practice.pdf,2026-04-22 16:34:43,251,
RUA,PRACTICE,96,Macauley Jones,,9,NaN,NaN,false,NaN,E:\2026\99_seasonTiming\04_RUA\top_speed\Practice.pdf,2026-04-22 16:34:43,252,
RUA,PRACTICE,96,Macauley Jones,,10,NaN,NaN,false,NaN,E:\2026\99_seasonTiming\04_RUA\top_speed\Practice.pdf,2026-04-22 16:34:43,250,
RUA,PRACTICE,96,Macauley Jones,,11,NaN,NaN,false,NaN,E:\2026\99_seasonTiming\04_RUA\top_speed\Practice.pdf,2026-04-22 16:34:43,187,
RUA,PRACTICE,96,Macauley Jones,,12,NaN,NaN,false,NaN,E:\2026\99_seasonTiming\04_RUA\top_speed\Practice.pdf,2026-04-22 16:34:43,250,
RUA,PRACTICE,96,Macauley Jones,,13,NaN,NaN,false,NaN,E:\2026\99_seasonTiming\04_RUA\top_speed\Practice.pdf,2026-04-22 16:34:43,249,
RUA,PRACTICE,96,Macauley Jones,,14,NaN,NaN,false,NaN,E:\2026\99_seasonTiming\04_RUA\top_speed\Practice.pdf,2026-04-22 16:34:43,250,
RUA,PRACTICE,96,Macauley Jones,,15,NaN,NaN,false,NaN,E:\2026\99_seasonTiming\04_RUA\top_speed\Practice.pdf,2026-04-22 16:34:43,251,
RUA,PRACTICE,96,Macauley Jones,,16,NaN,NaN,false,NaN,E:\2026\99_seasonTiming\04_RUA\top_speed\Practice.pdf,2026-04-22 16:34:43,251,
RUA,PRACTICE,96,Macauley Jones,,17,NaN,NaN,false,NaN,E:\2026\99_seasonTiming\04_RUA\top_speed\Practice.pdf,2026-04-22 16:34:43,175,
RUA,PRACTICE,96,Macauley Jones,,18,NaN,NaN,false,NaN,E:\2026\99_seasonTiming\04_RUA\top_speed\Practice.pdf,2026-04-22 16:34:43,250,
RUA,PRACTICE,96,Macauley Jones,,19,NaN,NaN,false,NaN,E:\2026\99_seasonTiming\04_RUA\top_speed\Practice.pdf,2026-04-22 16:34:43,148,
RUA,PRACTICE,96,Macauley Jones,,20,NaN,NaN,false,NaN,E:\2026\99_seasonTiming\04_RUA\top_speed\Practice.pdf,2026-04-22 16:34:43,251,
RUA,PRACTICE,96,Macauley Jones,,21,NaN,NaN,false,NaN,E:\2026\99_seasonTiming\04_RUA\top_speed\Practice.pdf,2026-04-22 16:34:43,251,
RUA,PRACTICE,99,Cooper Murray,,1,NaN,NaN,false,NaN,E:\2026\99_seasonTiming\04_RUA\top_speed\Practice.pdf,2026-04-22 16:34:43,81,
RUA,PRACTICE,99,Cooper Murray,,2,NaN,NaN,false,NaN,E:\2026\99_seasonTiming\04_RUA\top_speed\Practice.pdf,2026-04-22 16:34:43,225,
RUA,PRACTICE,99,Cooper Murray,,3,NaN,NaN,false,NaN,E:\2026\99_seasonTiming\04_RUA\top_speed\Practice.pdf,2026-04-22 16:34:43,174,
RUA,PRACTICE,99,Cooper Murray,,4,NaN,NaN,false,NaN,E:\2026\99_seasonTiming\04_RUA\top_speed\Practice.pdf,2026-04-22 16:34:43,186,
RUA,PRACTICE,99,Cooper Murray,,5,NaN,NaN,false,NaN,E:\2026\99_seasonTiming\04_RUA\top_speed\Practice.pdf,2026-04-22 16:34:43,252,
RUA,PRACTICE,99,Cooper Murray,,6,NaN,NaN,false,NaN,E:\2026\99_seasonTiming\04_RUA\top_speed\Practice.pdf,2026-04-22 16:34:43,253,
RUA,PRACTICE,99,Cooper Murray,,7,NaN,NaN,false,NaN,E:\2026\99_seasonTiming\04_RUA\top_speed\Practice.pdf,2026-04-22 16:34:43,253,
RUA,PRACTICE,99,Cooper Murray,,8,NaN,NaN,false,NaN,E:\2026\99_seasonTiming\04_RUA\top_speed\Practice.pdf,2026-04-22 16:34:43,235,
RUA,PRACTICE,99,Cooper Murray,,9,NaN,NaN,false,NaN,E:\2026\99_seasonTiming\04_RUA\top_speed\Practice.pdf,2026-04-22 16:34:43,195,
RUA,PRACTICE,99,Cooper Murray,,10,NaN,NaN,false,NaN,E:\2026\99_seasonTiming\04_RUA\top_speed\Practice.pdf,2026-04-22 16:34:43,252,
RUA,PRACTICE,99,Cooper Murray,,11,NaN,NaN,false,NaN,E:\2026\99_seasonTiming\04_RUA\top_speed\Practice.pdf,2026-04-22 16:34:43,253,
RUA,PRACTICE,99,Cooper Murray,,12,NaN,NaN,false,NaN,E:\2026\99_seasonTiming\04_RUA\top_speed\Practice.pdf,2026-04-22 16:34:43,252,
RUA,PRACTICE,99,Cooper Murray,,13,NaN,NaN,false,NaN,E:\2026\99_seasonTiming\04_RUA\top_speed\Practice.pdf,2026-04-22 16:34:43,195,
RUA,PRACTICE,99,Cooper Murray,,14,NaN,NaN,false,NaN,E:\2026\99_seasonTiming\04_RUA\top_speed\Practice.pdf,2026-04-22 16:34:43,195,
RUA,PRACTICE,99,Cooper Murray,,15,NaN,NaN,false,NaN,E:\2026\99_seasonTiming\04_RUA\top_speed\Practice.pdf,2026-04-22 16:34:43,253,
RUA,PRACTICE,99,Cooper Murray,,16,NaN,NaN,false,NaN,E:\2026\99_seasonTiming\04_RUA\top_speed\Practice.pdf,2026-04-22 16:34:43,225,
RUA,PRACTICE,99,Cooper Murray,,17,NaN,NaN,false,NaN,E:\2026\99_seasonTiming\04_RUA\top_speed\Practice.pdf,2026-04-22 16:34:43,126,
RUA,PRACTICE,99,Cooper Murray,,18,NaN,NaN,false,NaN,E:\2026\99_seasonTiming\04_RUA\top_speed\Practice.pdf,2026-04-22 16:34:43,252,
RUA,PRACTICE,99,Cooper Murray,,19,NaN,NaN,false,NaN,E:\2026\99_seasonTiming\04_RUA\top_speed\Practice.pdf,2026-04-22 16:34:43,117,
RUA,PRACTICE,99,Cooper Murray,,20,NaN,NaN,false,NaN,E:\2026\99_seasonTiming\04_RUA\top_speed\Practice.pdf,2026-04-22 16:34:43,255,
RUA,PRACTICE,99,Cooper Murray,,21,NaN,NaN,false,NaN,E:\2026\99_seasonTiming\04_RUA\top_speed\Practice.pdf,2026-04-22 16:34:43,254,
RUA,PRACTICE,777,Declan Fraser,,1,NaN,NaN,false,NaN,E:\2026\99_seasonTiming\04_RUA\top_speed\Practice.pdf,2026-04-22 16:34:43,103,
RUA,PRACTICE,777,Declan Fraser,,2,NaN,NaN,false,NaN,E:\2026\99_seasonTiming\04_RUA\top_speed\Practice.pdf,2026-04-22 16:34:43,224,
RUA,PRACTICE,777,Declan Fraser,,3,NaN,NaN,false,NaN,E:\2026\99_seasonTiming\04_RUA\top_speed\Practice.pdf,2026-04-22 16:34:43,155,
RUA,PRACTICE,777,Declan Fraser,,4,NaN,NaN,false,NaN,E:\2026\99_seasonTiming\04_RUA\top_speed\Practice.pdf,2026-04-22 16:34:43,231,
RUA,PRACTICE,777,Declan Fraser,,5,NaN,NaN,false,NaN,E:\2026\99_seasonTiming\04_RUA\top_speed\Practice.pdf,2026-04-22 16:34:43,254,
RUA,PRACTICE,777,Declan Fraser,,6,NaN,NaN,false,NaN,E:\2026\99_seasonTiming\04_RUA\top_speed\Practice.pdf,2026-04-22 16:34:43,254,
RUA,PRACTICE,777,Declan Fraser,,7,NaN,NaN,false,NaN,E:\2026\99_seasonTiming\04_RUA\top_speed\Practice.pdf,2026-04-22 16:34:43,255,
RUA,PRACTICE,777,Declan Fraser,,8,NaN,NaN,false,NaN,E:\2026\99_seasonTiming\04_RUA\top_speed\Practice.pdf,2026-04-22 16:34:43,186,
RUA,PRACTICE,777,Declan Fraser,,9,NaN,NaN,false,NaN,E:\2026\99_seasonTiming\04_RUA\top_speed\Practice.pdf,2026-04-22 16:34:43,252,
RUA,PRACTICE,777,Declan Fraser,,10,NaN,NaN,false,NaN,E:\2026\99_seasonTiming\04_RUA\top_speed\Practice.pdf,2026-04-22 16:34:43,253,
RUA,PRACTICE,777,Declan Fraser,,11,NaN,NaN,false,NaN,E:\2026\99_seasonTiming\04_RUA\top_speed\Practice.pdf,2026-04-22 16:34:43,253,
RUA,PRACTICE,777,Declan Fraser,,12,NaN,NaN,false,NaN,E:\2026\99_seasonTiming\04_RUA\top_speed\Practice.pdf,2026-04-22 16:34:43,193,
RUA,PRACTICE,777,Declan Fraser,,13,NaN,NaN,false,NaN,E:\2026\99_seasonTiming\04_RUA\top_speed\Practice.pdf,2026-04-22 16:34:43,251,
RUA,PRACTICE,777,Declan Fraser,,14,NaN,NaN,false,NaN,E:\2026\99_seasonTiming\04_RUA\top_speed\Practice.pdf,2026-04-22 16:34:43,251,
RUA,PRACTICE,777,Declan Fraser,,15,NaN,NaN,false,NaN,E:\2026\99_seasonTiming\04_RUA\top_speed\Practice.pdf,2026-04-22 16:34:43,250,
RUA,PRACTICE,777,Declan Fraser,,16,NaN,NaN,false,NaN,E:\2026\99_seasonTiming\04_RUA\top_speed\Practice.pdf,2026-04-22 16:34:43,194,
RUA,PRACTICE,777,Declan Fraser,,17,NaN,NaN,false,NaN,E:\2026\99_seasonTiming\04_RUA\top_speed\Practice.pdf,2026-04-22 16:34:43,251,
RUA,PRACTICE,777,Declan Fraser,,18,NaN,NaN,false,NaN,E:\2026\99_seasonTiming\04_RUA\top_speed\Practice.pdf,2026-04-22 16:34:43,166,
RUA,PRACTICE,777,Declan Fraser,,19,NaN,NaN,false,NaN,E:\2026\99_seasonTiming\04_RUA\top_speed\Practice.pdf,2026-04-22 16:34:43,253,
RUA,PRACTICE,777,Declan Fraser,,20,NaN,NaN,false,NaN,E:\2026\99_seasonTiming\04_RUA\top_speed\Practice.pdf,2026-04-22 16:34:43,254,
RUA,PRACTICE,888,William Brown,,1,NaN,NaN,false,NaN,E:\2026\99_seasonTiming\04_RUA\top_speed\Practice.pdf,2026-04-22 16:34:43,80,
RUA,PRACTICE,888,William Brown,,2,NaN,NaN,false,NaN,E:\2026\99_seasonTiming\04_RUA\top_speed\Practice.pdf,2026-04-22 16:34:43,242,
RUA,PRACTICE,888,William Brown,,3,NaN,NaN,false,NaN,E:\2026\99_seasonTiming\04_RUA\top_speed\Practice.pdf,2026-04-22 16:34:43,252,
RUA,PRACTICE,888,William Brown,,4,NaN,NaN,false,NaN,E:\2026\99_seasonTiming\04_RUA\top_speed\Practice.pdf,2026-04-22 16:34:43,110,
RUA,PRACTICE,888,William Brown,,5,NaN,NaN,false,NaN,E:\2026\99_seasonTiming\04_RUA\top_speed\Practice.pdf,2026-04-22 16:34:43,123,
RUA,PRACTICE,888,William Brown,,6,NaN,NaN,false,NaN,E:\2026\99_seasonTiming\04_RUA\top_speed\Practice.pdf,2026-04-22 16:34:43,247,
RUA,PRACTICE,888,William Brown,,7,NaN,NaN,false,NaN,E:\2026\99_seasonTiming\04_RUA\top_speed\Practice.pdf,2026-04-22 16:34:43,252,
RUA,PRACTICE,888,William Brown,,8,NaN,NaN,false,NaN,E:\2026\99_seasonTiming\04_RUA\top_speed\Practice.pdf,2026-04-22 16:34:43,215,
RUA,PRACTICE,888,William Brown,,9,NaN,NaN,false,NaN,E:\2026\99_seasonTiming\04_RUA\top_speed\Practice.pdf,2026-04-22 16:34:43,186,
RUA,PRACTICE,888,William Brown,,10,NaN,NaN,false,NaN,E:\2026\99_seasonTiming\04_RUA\top_speed\Practice.pdf,2026-04-22 16:34:43,252,
RUA,PRACTICE,888,William Brown,,11,NaN,NaN,false,NaN,E:\2026\99_seasonTiming\04_RUA\top_speed\Practice.pdf,2026-04-22 16:34:43,252,
RUA,PRACTICE,888,William Brown,,12,NaN,NaN,false,NaN,E:\2026\99_seasonTiming\04_RUA\top_speed\Practice.pdf,2026-04-22 16:34:43,193,
RUA,PRACTICE,888,William Brown,,13,NaN,NaN,false,NaN,E:\2026\99_seasonTiming\04_RUA\top_speed\Practice.pdf,2026-04-22 16:34:43,252,
RUA,PRACTICE,888,William Brown,,14,NaN,NaN,false,NaN,E:\2026\99_seasonTiming\04_RUA\top_speed\Practice.pdf,2026-04-22 16:34:43,252,
RUA,PRACTICE,888,William Brown,,15,NaN,NaN,false,NaN,E:\2026\99_seasonTiming\04_RUA\top_speed\Practice.pdf,2026-04-22 16:34:43,183,
RUA,PRACTICE,888,William Brown,,16,NaN,NaN,false,NaN,E:\2026\99_seasonTiming\04_RUA\top_speed\Practice.pdf,2026-04-22 16:34:43,252,
RUA,PRACTICE,888,William Brown,,17,NaN,NaN,false,NaN,E:\2026\99_seasonTiming\04_RUA\top_speed\Practice.pdf,2026-04-22 16:34:43,106,
RUA,PRACTICE,888,William Brown,,18,NaN,NaN,false,NaN,E:\2026\99_seasonTiming\04_RUA\top_speed\Practice.pdf,2026-04-22 16:34:43,253,
RUA,PRACTICE,888,William Brown,,19,NaN,NaN,false,NaN,E:\2026\99_seasonTiming\04_RUA\top_speed\Practice.pdf,2026-04-22 16:34:43,253,
RUA,QR10,1,Chaz Mostert,,1,NaN,NaN,false,NaN,E:\2026\99_seasonTiming\04_RUA\top_speed\Qualifying Race 10.pdf,2026-04-22 16:34:43,54,
RUA,QR10,1,Chaz Mostert,,2,NaN,NaN,false,NaN,E:\2026\99_seasonTiming\04_RUA\top_speed\Qualifying Race 10.pdf,2026-04-22 16:34:43,253,
RUA,QR10,1,Chaz Mostert,,3,NaN,NaN,false,NaN,E:\2026\99_seasonTiming\04_RUA\top_speed\Qualifying Race 10.pdf,2026-04-22 16:34:43,254,
RUA,QR10,1,Chaz Mostert,,4,NaN,NaN,false,NaN,E:\2026\99_seasonTiming\04_RUA\top_speed\Qualifying Race 10.pdf,2026-04-22 16:34:43,218,
RUA,QR10,1,Chaz Mostert,,5,NaN,NaN,false,NaN,E:\2026\99_seasonTiming\04_RUA\top_speed\Qualifying Race 10.pdf,2026-04-22 16:34:43,83,
RUA,QR10,1,Chaz Mostert,,6,NaN,NaN,false,NaN,E:\2026\99_seasonTiming\04_RUA\top_speed\Qualifying Race 10.pdf,2026-04-22 16:34:43,255,
RUA,QR10,1,Chaz Mostert,,7,NaN,NaN,false,NaN,E:\2026\99_seasonTiming\04_RUA\top_speed\Qualifying Race 10.pdf,2026-04-22 16:34:43,60,
RUA,QR10,1,Chaz Mostert,,8,NaN,NaN,false,NaN,E:\2026\99_seasonTiming\04_RUA\top_speed\Qualifying Race 10.pdf,2026-04-22 16:34:43,254,
RUA,QR10,2,Ryan Wood,,1,NaN,NaN,false,NaN,E:\2026\99_seasonTiming\04_RUA\top_speed\Qualifying Race 10.pdf,2026-04-22 16:34:43,60,
RUA,QR10,2,Ryan Wood,,2,NaN,NaN,false,NaN,E:\2026\99_seasonTiming\04_RUA\top_speed\Qualifying Race 10.pdf,2026-04-22 16:34:43,251,
RUA,QR10,2,Ryan Wood,,3,NaN,NaN,false,NaN,E:\2026\99_seasonTiming\04_RUA\top_speed\Qualifying Race 10.pdf,2026-04-22 16:34:43,253,
RUA,QR10,2,Ryan Wood,,4,NaN,NaN,false,NaN,E:\2026\99_seasonTiming\04_RUA\top_speed\Qualifying Race 10.pdf,2026-04-22 16:34:43,66,
RUA,QR10,2,Ryan Wood,,5,NaN,NaN,false,NaN,E:\2026\99_seasonTiming\04_RUA\top_speed\Qualifying Race 10.pdf,2026-04-22 16:34:43,255,
RUA,QR10,2,Ryan Wood,,6,NaN,NaN,false,NaN,E:\2026\99_seasonTiming\04_RUA\top_speed\Qualifying Race 10.pdf,2026-04-22 16:34:43,69,
RUA,QR10,2,Ryan Wood,,7,NaN,NaN,false,NaN,E:\2026\99_seasonTiming\04_RUA\top_speed\Qualifying Race 10.pdf,2026-04-22 16:34:43,254,
RUA,QR10,3,Aaron Cameron,,1,NaN,NaN,false,NaN,E:\2026\99_seasonTiming\04_RUA\top_speed\Qualifying Race 10.pdf,2026-04-22 16:34:43,60,
RUA,QR10,3,Aaron Cameron,,2,NaN,NaN,false,NaN,E:\2026\99_seasonTiming\04_RUA\top_speed\Qualifying Race 10.pdf,2026-04-22 16:34:43,246,
RUA,QR10,3,Aaron Cameron,,3,NaN,NaN,false,NaN,E:\2026\99_seasonTiming\04_RUA\top_speed\Qualifying Race 10.pdf,2026-04-22 16:34:43,253,
RUA,QR10,3,Aaron Cameron,,4,NaN,NaN,false,NaN,E:\2026\99_seasonTiming\04_RUA\top_speed\Qualifying Race 10.pdf,2026-04-22 16:34:43,253,
RUA,QR10,3,Aaron Cameron,,5,NaN,NaN,false,NaN,E:\2026\99_seasonTiming\04_RUA\top_speed\Qualifying Race 10.pdf,2026-04-22 16:34:43,73,
RUA,QR10,3,Aaron Cameron,,6,NaN,NaN,false,NaN,E:\2026\99_seasonTiming\04_RUA\top_speed\Qualifying Race 10.pdf,2026-04-22 16:34:43,255,
RUA,QR10,4,Jack Le Brocq,,1,NaN,NaN,false,NaN,E:\2026\99_seasonTiming\04_RUA\top_speed\Qualifying Race 10.pdf,2026-04-22 16:34:43,60,
RUA,QR10,4,Jack Le Brocq,,2,NaN,NaN,false,NaN,E:\2026\99_seasonTiming\04_RUA\top_speed\Qualifying Race 10.pdf,2026-04-22 16:34:43,251,
RUA,QR10,4,Jack Le Brocq,,3,NaN,NaN,false,NaN,E:\2026\99_seasonTiming\04_RUA\top_speed\Qualifying Race 10.pdf,2026-04-22 16:34:43,253,
RUA,QR10,4,Jack Le Brocq,,4,NaN,NaN,false,NaN,E:\2026\99_seasonTiming\04_RUA\top_speed\Qualifying Race 10.pdf,2026-04-22 16:34:43,252,
RUA,QR10,4,Jack Le Brocq,,5,NaN,NaN,false,NaN,E:\2026\99_seasonTiming\04_RUA\top_speed\Qualifying Race 10.pdf,2026-04-22 16:34:43,106,
RUA,QR10,4,Jack Le Brocq,,6,NaN,NaN,false,NaN,E:\2026\99_seasonTiming\04_RUA\top_speed\Qualifying Race 10.pdf,2026-04-22 16:34:43,254,
RUA,QR10,6,Cameron Waters,,1,NaN,NaN,false,NaN,E:\2026\99_seasonTiming\04_RUA\top_speed\Qualifying Race 10.pdf,2026-04-22 16:34:43,62,
RUA,QR10,6,Cameron Waters,,2,NaN,NaN,false,NaN,E:\2026\99_seasonTiming\04_RUA\top_speed\Qualifying Race 10.pdf,2026-04-22 16:34:43,253,
RUA,QR10,6,Cameron Waters,,3,NaN,NaN,false,NaN,E:\2026\99_seasonTiming\04_RUA\top_speed\Qualifying Race 10.pdf,2026-04-22 16:34:43,252,
RUA,QR10,6,Cameron Waters,,4,NaN,NaN,false,NaN,E:\2026\99_seasonTiming\04_RUA\top_speed\Qualifying Race 10.pdf,2026-04-22 16:34:43,95,
RUA,QR10,6,Cameron Waters,,5,NaN,NaN,false,NaN,E:\2026\99_seasonTiming\04_RUA\top_speed\Qualifying Race 10.pdf,2026-04-22 16:34:43,253,
RUA,QR10,7,James Golding,,1,NaN,NaN,false,NaN,E:\2026\99_seasonTiming\04_RUA\top_speed\Qualifying Race 10.pdf,2026-04-22 16:34:43,66,
RUA,QR10,7,James Golding,,2,NaN,NaN,false,NaN,E:\2026\99_seasonTiming\04_RUA\top_speed\Qualifying Race 10.pdf,2026-04-22 16:34:43,245,
RUA,QR10,7,James Golding,,3,NaN,NaN,false,NaN,E:\2026\99_seasonTiming\04_RUA\top_speed\Qualifying Race 10.pdf,2026-04-22 16:34:43,255,
RUA,QR10,7,James Golding,,4,NaN,NaN,false,NaN,E:\2026\99_seasonTiming\04_RUA\top_speed\Qualifying Race 10.pdf,2026-04-22 16:34:43,253,
RUA,QR10,7,James Golding,,5,NaN,NaN,false,NaN,E:\2026\99_seasonTiming\04_RUA\top_speed\Qualifying Race 10.pdf,2026-04-22 16:34:43,97,
RUA,QR10,7,James Golding,,6,NaN,NaN,false,NaN,E:\2026\99_seasonTiming\04_RUA\top_speed\Qualifying Race 10.pdf,2026-04-22 16:34:43,256,
RUA,QR10,7,James Golding,,7,NaN,NaN,false,NaN,E:\2026\99_seasonTiming\04_RUA\top_speed\Qualifying Race 10.pdf,2026-04-22 16:34:43,64,
RUA,QR10,7,James Golding,,8,NaN,NaN,false,NaN,E:\2026\99_seasonTiming\04_RUA\top_speed\Qualifying Race 10.pdf,2026-04-22 16:34:43,255,
RUA,QR10,8,Andre Heimgartner,,1,NaN,NaN,false,NaN,E:\2026\99_seasonTiming\04_RUA\top_speed\Qualifying Race 10.pdf,2026-04-22 16:34:43,67,
RUA,QR10,8,Andre Heimgartner,,2,NaN,NaN,false,NaN,E:\2026\99_seasonTiming\04_RUA\top_speed\Qualifying Race 10.pdf,2026-04-22 16:34:43,252,
RUA,QR10,8,Andre Heimgartner,,3,NaN,NaN,false,NaN,E:\2026\99_seasonTiming\04_RUA\top_speed\Qualifying Race 10.pdf,2026-04-22 16:34:43,253,
RUA,QR10,8,Andre Heimgartner,,4,NaN,NaN,false,NaN,E:\2026\99_seasonTiming\04_RUA\top_speed\Qualifying Race 10.pdf,2026-04-22 16:34:43,253,
RUA,QR10,8,Andre Heimgartner,,5,NaN,NaN,false,NaN,E:\2026\99_seasonTiming\04_RUA\top_speed\Qualifying Race 10.pdf,2026-04-22 16:34:43,146,
RUA,QR10,8,Andre Heimgartner,,6,NaN,NaN,false,NaN,E:\2026\99_seasonTiming\04_RUA\top_speed\Qualifying Race 10.pdf,2026-04-22 16:34:43,254,
RUA,QR10,9,Jobe Stewart,,1,NaN,NaN,false,NaN,E:\2026\99_seasonTiming\04_RUA\top_speed\Qualifying Race 10.pdf,2026-04-22 16:34:43,67,
RUA,QR10,9,Jobe Stewart,,2,NaN,NaN,false,NaN,E:\2026\99_seasonTiming\04_RUA\top_speed\Qualifying Race 10.pdf,2026-04-22 16:34:43,252,
RUA,QR10,9,Jobe Stewart,,3,NaN,NaN,false,NaN,E:\2026\99_seasonTiming\04_RUA\top_speed\Qualifying Race 10.pdf,2026-04-22 16:34:43,253,
RUA,QR10,9,Jobe Stewart,,4,NaN,NaN,false,NaN,E:\2026\99_seasonTiming\04_RUA\top_speed\Qualifying Race 10.pdf,2026-04-22 16:34:43,78,
RUA,QR10,9,Jobe Stewart,,5,NaN,NaN,false,NaN,E:\2026\99_seasonTiming\04_RUA\top_speed\Qualifying Race 10.pdf,2026-04-22 16:34:43,253,
RUA,QR10,10,Zach Bates,,1,NaN,NaN,false,NaN,E:\2026\99_seasonTiming\04_RUA\top_speed\Qualifying Race 10.pdf,2026-04-22 16:34:43,62,
RUA,QR10,10,Zach Bates,,2,NaN,NaN,false,NaN,E:\2026\99_seasonTiming\04_RUA\top_speed\Qualifying Race 10.pdf,2026-04-22 16:34:43,250,
RUA,QR10,10,Zach Bates,,3,NaN,NaN,false,NaN,E:\2026\99_seasonTiming\04_RUA\top_speed\Qualifying Race 10.pdf,2026-04-22 16:34:43,253,
RUA,QR10,10,Zach Bates,,4,NaN,NaN,false,NaN,E:\2026\99_seasonTiming\04_RUA\top_speed\Qualifying Race 10.pdf,2026-04-22 16:34:43,253,
RUA,QR10,10,Zach Bates,,5,NaN,NaN,false,NaN,E:\2026\99_seasonTiming\04_RUA\top_speed\Qualifying Race 10.pdf,2026-04-22 16:34:43,112,
RUA,QR10,10,Zach Bates,,6,NaN,NaN,false,NaN,E:\2026\99_seasonTiming\04_RUA\top_speed\Qualifying Race 10.pdf,2026-04-22 16:34:43,255,
RUA,QR10,10,Zach Bates,,7,NaN,NaN,false,NaN,E:\2026\99_seasonTiming\04_RUA\top_speed\Qualifying Race 10.pdf,2026-04-22 16:34:43,97,
RUA,QR10,10,Zach Bates,,8,NaN,NaN,false,NaN,E:\2026\99_seasonTiming\04_RUA\top_speed\Qualifying Race 10.pdf,2026-04-22 16:34:43,254,
RUA,QR10,10,Zach Bates,,9,NaN,NaN,false,NaN,E:\2026\99_seasonTiming\04_RUA\top_speed\Qualifying Race 10.pdf,2026-04-22 16:34:43,82,
RUA,QR10,10,Zach Bates,,10,NaN,NaN,false,NaN,E:\2026\99_seasonTiming\04_RUA\top_speed\Qualifying Race 10.pdf,2026-04-22 16:34:43,255,
RUA,QR10,11,Jackson Walls,,1,NaN,NaN,false,NaN,E:\2026\99_seasonTiming\04_RUA\top_speed\Qualifying Race 10.pdf,2026-04-22 16:34:43,61,
RUA,QR10,11,Jackson Walls,,2,NaN,NaN,false,NaN,E:\2026\99_seasonTiming\04_RUA\top_speed\Qualifying Race 10.pdf,2026-04-22 16:34:43,251,
RUA,QR10,11,Jackson Walls,,3,NaN,NaN,false,NaN,E:\2026\99_seasonTiming\04_RUA\top_speed\Qualifying Race 10.pdf,2026-04-22 16:34:43,253,
RUA,QR10,11,Jackson Walls,,4,NaN,NaN,false,NaN,E:\2026\99_seasonTiming\04_RUA\top_speed\Qualifying Race 10.pdf,2026-04-22 16:34:43,72,
RUA,QR10,11,Jackson Walls,,5,NaN,NaN,false,NaN,E:\2026\99_seasonTiming\04_RUA\top_speed\Qualifying Race 10.pdf,2026-04-22 16:34:43,253,
RUA,QR10,14,Cameron Hill,,1,NaN,NaN,false,NaN,E:\2026\99_seasonTiming\04_RUA\top_speed\Qualifying Race 10.pdf,2026-04-22 16:34:43,68,
RUA,QR10,14,Cameron Hill,,2,NaN,NaN,false,NaN,E:\2026\99_seasonTiming\04_RUA\top_speed\Qualifying Race 10.pdf,2026-04-22 16:34:43,252,
RUA,QR10,14,Cameron Hill,,3,NaN,NaN,false,NaN,E:\2026\99_seasonTiming\04_RUA\top_speed\Qualifying Race 10.pdf,2026-04-22 16:34:43,254,
RUA,QR10,14,Cameron Hill,,4,NaN,NaN,false,NaN,E:\2026\99_seasonTiming\04_RUA\top_speed\Qualifying Race 10.pdf,2026-04-22 16:34:43,79,
RUA,QR10,14,Cameron Hill,,5,NaN,NaN,false,NaN,E:\2026\99_seasonTiming\04_RUA\top_speed\Qualifying Race 10.pdf,2026-04-22 16:34:43,254,
RUA,QR10,17,Brodie Kostecki,,1,NaN,NaN,false,NaN,E:\2026\99_seasonTiming\04_RUA\top_speed\Qualifying Race 10.pdf,2026-04-22 16:34:43,53,
RUA,QR10,17,Brodie Kostecki,,2,NaN,NaN,false,NaN,E:\2026\99_seasonTiming\04_RUA\top_speed\Qualifying Race 10.pdf,2026-04-22 16:34:43,254,
RUA,QR10,17,Brodie Kostecki,,3,NaN,NaN,false,NaN,E:\2026\99_seasonTiming\04_RUA\top_speed\Qualifying Race 10.pdf,2026-04-22 16:34:43,254,
RUA,QR10,17,Brodie Kostecki,,4,NaN,NaN,false,NaN,E:\2026\99_seasonTiming\04_RUA\top_speed\Qualifying Race 10.pdf,2026-04-22 16:34:43,249,
RUA,QR10,17,Brodie Kostecki,,5,NaN,NaN,false,NaN,E:\2026\99_seasonTiming\04_RUA\top_speed\Qualifying Race 10.pdf,2026-04-22 16:34:43,78,
RUA,QR10,17,Brodie Kostecki,,6,NaN,NaN,false,NaN,E:\2026\99_seasonTiming\04_RUA\top_speed\Qualifying Race 10.pdf,2026-04-22 16:34:43,255,
RUA,QR10,17,Brodie Kostecki,,7,NaN,NaN,false,NaN,E:\2026\99_seasonTiming\04_RUA\top_speed\Qualifying Race 10.pdf,2026-04-22 16:34:43,255,
RUA,QR10,17,Brodie Kostecki,,8,NaN,NaN,false,NaN,E:\2026\99_seasonTiming\04_RUA\top_speed\Qualifying Race 10.pdf,2026-04-22 16:34:43,63,
RUA,QR10,17,Brodie Kostecki,,9,NaN,NaN,false,NaN,E:\2026\99_seasonTiming\04_RUA\top_speed\Qualifying Race 10.pdf,2026-04-22 16:34:43,254,
RUA,QR10,18,Anton De Pasquale,,1,NaN,NaN,false,NaN,E:\2026\99_seasonTiming\04_RUA\top_speed\Qualifying Race 10.pdf,2026-04-22 16:34:43,75,
RUA,QR10,18,Anton De Pasquale,,2,NaN,NaN,false,NaN,E:\2026\99_seasonTiming\04_RUA\top_speed\Qualifying Race 10.pdf,2026-04-22 16:34:43,250,
RUA,QR10,18,Anton De Pasquale,,3,NaN,NaN,false,NaN,E:\2026\99_seasonTiming\04_RUA\top_speed\Qualifying Race 10.pdf,2026-04-22 16:34:43,253,
RUA,QR10,18,Anton De Pasquale,,4,NaN,NaN,false,NaN,E:\2026\99_seasonTiming\04_RUA\top_speed\Qualifying Race 10.pdf,2026-04-22 16:34:43,253,
RUA,QR10,18,Anton De Pasquale,,5,NaN,NaN,false,NaN,E:\2026\99_seasonTiming\04_RUA\top_speed\Qualifying Race 10.pdf,2026-04-22 16:34:43,80,
RUA,QR10,18,Anton De Pasquale,,6,NaN,NaN,false,NaN,E:\2026\99_seasonTiming\04_RUA\top_speed\Qualifying Race 10.pdf,2026-04-22 16:34:43,255,
RUA,QR10,18,Anton De Pasquale,,7,NaN,NaN,false,NaN,E:\2026\99_seasonTiming\04_RUA\top_speed\Qualifying Race 10.pdf,2026-04-22 16:34:43,100,
RUA,QR10,18,Anton De Pasquale,,8,NaN,NaN,false,NaN,E:\2026\99_seasonTiming\04_RUA\top_speed\Qualifying Race 10.pdf,2026-04-22 16:34:43,253,
RUA,QR10,19,Matthew Payne,,1,NaN,NaN,false,NaN,E:\2026\99_seasonTiming\04_RUA\top_speed\Qualifying Race 10.pdf,2026-04-22 16:34:43,58,
RUA,QR10,19,Matthew Payne,,2,NaN,NaN,false,NaN,E:\2026\99_seasonTiming\04_RUA\top_speed\Qualifying Race 10.pdf,2026-04-22 16:34:43,252,
RUA,QR10,19,Matthew Payne,,3,NaN,NaN,false,NaN,E:\2026\99_seasonTiming\04_RUA\top_speed\Qualifying Race 10.pdf,2026-04-22 16:34:43,252,
RUA,QR10,19,Matthew Payne,,4,NaN,NaN,false,NaN,E:\2026\99_seasonTiming\04_RUA\top_speed\Qualifying Race 10.pdf,2026-04-22 16:34:43,216,
RUA,QR10,19,Matthew Payne,,5,NaN,NaN,false,NaN,E:\2026\99_seasonTiming\04_RUA\top_speed\Qualifying Race 10.pdf,2026-04-22 16:34:43,79,
RUA,QR10,19,Matthew Payne,,6,NaN,NaN,false,NaN,E:\2026\99_seasonTiming\04_RUA\top_speed\Qualifying Race 10.pdf,2026-04-22 16:34:43,253,
RUA,QR10,19,Matthew Payne,,7,NaN,NaN,false,NaN,E:\2026\99_seasonTiming\04_RUA\top_speed\Qualifying Race 10.pdf,2026-04-22 16:34:43,67,
RUA,QR10,19,Matthew Payne,,8,NaN,NaN,false,NaN,E:\2026\99_seasonTiming\04_RUA\top_speed\Qualifying Race 10.pdf,2026-04-22 16:34:43,73,
RUA,QR10,19,Matthew Payne,,9,NaN,NaN,false,NaN,E:\2026\99_seasonTiming\04_RUA\top_speed\Qualifying Race 10.pdf,2026-04-22 16:34:43,254,
RUA,QR10,26,Kai Allen,,1,NaN,NaN,false,NaN,E:\2026\99_seasonTiming\04_RUA\top_speed\Qualifying Race 10.pdf,2026-04-22 16:34:43,59,
RUA,QR10,26,Kai Allen,,2,NaN,NaN,false,NaN,E:\2026\99_seasonTiming\04_RUA\top_speed\Qualifying Race 10.pdf,2026-04-22 16:34:43,253,
RUA,QR10,26,Kai Allen,,3,NaN,NaN,false,NaN,E:\2026\99_seasonTiming\04_RUA\top_speed\Qualifying Race 10.pdf,2026-04-22 16:34:43,253,
RUA,QR10,26,Kai Allen,,4,NaN,NaN,false,NaN,E:\2026\99_seasonTiming\04_RUA\top_speed\Qualifying Race 10.pdf,2026-04-22 16:34:43,252,
RUA,QR10,26,Kai Allen,,5,NaN,NaN,false,NaN,E:\2026\99_seasonTiming\04_RUA\top_speed\Qualifying Race 10.pdf,2026-04-22 16:34:43,72,
RUA,QR10,26,Kai Allen,,6,NaN,NaN,false,NaN,E:\2026\99_seasonTiming\04_RUA\top_speed\Qualifying Race 10.pdf,2026-04-22 16:34:43,255,
RUA,QR10,26,Kai Allen,,7,NaN,NaN,false,NaN,E:\2026\99_seasonTiming\04_RUA\top_speed\Qualifying Race 10.pdf,2026-04-22 16:34:43,255,
RUA,QR10,26,Kai Allen,,8,NaN,NaN,false,NaN,E:\2026\99_seasonTiming\04_RUA\top_speed\Qualifying Race 10.pdf,2026-04-22 16:34:43,120,
RUA,QR10,26,Kai Allen,,9,NaN,NaN,false,NaN,E:\2026\99_seasonTiming\04_RUA\top_speed\Qualifying Race 10.pdf,2026-04-22 16:34:43,253,
RUA,QR10,26,Kai Allen,,10,NaN,NaN,false,NaN,E:\2026\99_seasonTiming\04_RUA\top_speed\Qualifying Race 10.pdf,2026-04-22 16:34:43,254,
RUA,QR10,31,Jayden Ojeda,,1,NaN,NaN,false,NaN,E:\2026\99_seasonTiming\04_RUA\top_speed\Qualifying Race 10.pdf,2026-04-22 16:34:43,95,
RUA,QR10,31,Jayden Ojeda,,2,NaN,NaN,false,NaN,E:\2026\99_seasonTiming\04_RUA\top_speed\Qualifying Race 10.pdf,2026-04-22 16:34:43,249,
RUA,QR10,31,Jayden Ojeda,,3,NaN,NaN,false,NaN,E:\2026\99_seasonTiming\04_RUA\top_speed\Qualifying Race 10.pdf,2026-04-22 16:34:43,255,
RUA,QR10,31,Jayden Ojeda,,4,NaN,NaN,false,NaN,E:\2026\99_seasonTiming\04_RUA\top_speed\Qualifying Race 10.pdf,2026-04-22 16:34:43,249,
RUA,QR10,31,Jayden Ojeda,,5,NaN,NaN,false,NaN,E:\2026\99_seasonTiming\04_RUA\top_speed\Qualifying Race 10.pdf,2026-04-22 16:34:43,116,
RUA,QR10,38,Rylan Gray,,1,NaN,NaN,false,NaN,E:\2026\99_seasonTiming\04_RUA\top_speed\Qualifying Race 10.pdf,2026-04-22 16:34:43,62,
RUA,QR10,38,Rylan Gray,,2,NaN,NaN,false,NaN,E:\2026\99_seasonTiming\04_RUA\top_speed\Qualifying Race 10.pdf,2026-04-22 16:34:43,252,
RUA,QR10,38,Rylan Gray,,3,NaN,NaN,false,NaN,E:\2026\99_seasonTiming\04_RUA\top_speed\Qualifying Race 10.pdf,2026-04-22 16:34:43,251,
RUA,QR10,38,Rylan Gray,,4,NaN,NaN,false,NaN,E:\2026\99_seasonTiming\04_RUA\top_speed\Qualifying Race 10.pdf,2026-04-22 16:34:43,71,
RUA,QR10,38,Rylan Gray,,5,NaN,NaN,false,NaN,E:\2026\99_seasonTiming\04_RUA\top_speed\Qualifying Race 10.pdf,2026-04-22 16:34:43,254,
RUA,QR10,55,Thomas Randle,,1,NaN,NaN,false,NaN,E:\2026\99_seasonTiming\04_RUA\top_speed\Qualifying Race 10.pdf,2026-04-22 16:34:43,56,
RUA,QR10,55,Thomas Randle,,2,NaN,NaN,false,NaN,E:\2026\99_seasonTiming\04_RUA\top_speed\Qualifying Race 10.pdf,2026-04-22 16:34:43,253,
RUA,QR10,55,Thomas Randle,,3,NaN,NaN,false,NaN,E:\2026\99_seasonTiming\04_RUA\top_speed\Qualifying Race 10.pdf,2026-04-22 16:34:43,252,
RUA,QR10,55,Thomas Randle,,4,NaN,NaN,false,NaN,E:\2026\99_seasonTiming\04_RUA\top_speed\Qualifying Race 10.pdf,2026-04-22 16:34:43,252,
RUA,QR10,55,Thomas Randle,,5,NaN,NaN,false,NaN,E:\2026\99_seasonTiming\04_RUA\top_speed\Qualifying Race 10.pdf,2026-04-22 16:34:43,113,
RUA,QR10,55,Thomas Randle,,6,NaN,NaN,false,NaN,E:\2026\99_seasonTiming\04_RUA\top_speed\Qualifying Race 10.pdf,2026-04-22 16:34:43,255,
RUA,QR10,88,Broc Feeney,,1,NaN,NaN,false,NaN,E:\2026\99_seasonTiming\04_RUA\top_speed\Qualifying Race 10.pdf,2026-04-22 16:34:43,68,
RUA,QR10,88,Broc Feeney,,2,NaN,NaN,false,NaN,E:\2026\99_seasonTiming\04_RUA\top_speed\Qualifying Race 10.pdf,2026-04-22 16:34:43,251,
RUA,QR10,88,Broc Feeney,,3,NaN,NaN,false,NaN,E:\2026\99_seasonTiming\04_RUA\top_speed\Qualifying Race 10.pdf,2026-04-22 16:34:43,251,
RUA,QR10,88,Broc Feeney,,4,NaN,NaN,false,NaN,E:\2026\99_seasonTiming\04_RUA\top_speed\Qualifying Race 10.pdf,2026-04-22 16:34:43,84,
RUA,QR10,88,Broc Feeney,,5,NaN,NaN,false,NaN,E:\2026\99_seasonTiming\04_RUA\top_speed\Qualifying Race 10.pdf,2026-04-22 16:34:43,251,
RUA,QR10,88,Broc Feeney,,6,NaN,NaN,false,NaN,E:\2026\99_seasonTiming\04_RUA\top_speed\Qualifying Race 10.pdf,2026-04-22 16:34:43,251,
RUA,QR10,88,Broc Feeney,,7,NaN,NaN,false,NaN,E:\2026\99_seasonTiming\04_RUA\top_speed\Qualifying Race 10.pdf,2026-04-22 16:34:43,146,
RUA,QR10,88,Broc Feeney,,8,NaN,NaN,false,NaN,E:\2026\99_seasonTiming\04_RUA\top_speed\Qualifying Race 10.pdf,2026-04-22 16:34:43,250,
RUA,QR10,88,Broc Feeney,,9,NaN,NaN,false,NaN,E:\2026\99_seasonTiming\04_RUA\top_speed\Qualifying Race 10.pdf,2026-04-22 16:34:43,246,
RUA,QR10,88,Broc Feeney,,10,NaN,NaN,false,NaN,E:\2026\99_seasonTiming\04_RUA\top_speed\Qualifying Race 10.pdf,2026-04-22 16:34:43,126,
RUA,QR10,96,Macauley Jones,,1,NaN,NaN,false,NaN,E:\2026\99_seasonTiming\04_RUA\top_speed\Qualifying Race 10.pdf,2026-04-22 16:34:43,65,
RUA,QR10,96,Macauley Jones,,2,NaN,NaN,false,NaN,E:\2026\99_seasonTiming\04_RUA\top_speed\Qualifying Race 10.pdf,2026-04-22 16:34:43,252,
RUA,QR10,96,Macauley Jones,,3,NaN,NaN,false,NaN,E:\2026\99_seasonTiming\04_RUA\top_speed\Qualifying Race 10.pdf,2026-04-22 16:34:43,252,
RUA,QR10,96,Macauley Jones,,4,NaN,NaN,false,NaN,E:\2026\99_seasonTiming\04_RUA\top_speed\Qualifying Race 10.pdf,2026-04-22 16:34:43,73,
RUA,QR10,96,Macauley Jones,,5,NaN,NaN,false,NaN,E:\2026\99_seasonTiming\04_RUA\top_speed\Qualifying Race 10.pdf,2026-04-22 16:34:43,253,
RUA,QR10,99,Cooper Murray,,1,NaN,NaN,false,NaN,E:\2026\99_seasonTiming\04_RUA\top_speed\Qualifying Race 10.pdf,2026-04-22 16:34:43,63,
RUA,QR10,99,Cooper Murray,,2,NaN,NaN,false,NaN,E:\2026\99_seasonTiming\04_RUA\top_speed\Qualifying Race 10.pdf,2026-04-22 16:34:43,253,
RUA,QR10,99,Cooper Murray,,3,NaN,NaN,false,NaN,E:\2026\99_seasonTiming\04_RUA\top_speed\Qualifying Race 10.pdf,2026-04-22 16:34:43,253,
RUA,QR10,99,Cooper Murray,,4,NaN,NaN,false,NaN,E:\2026\99_seasonTiming\04_RUA\top_speed\Qualifying Race 10.pdf,2026-04-22 16:34:43,252,
RUA,QR10,99,Cooper Murray,,5,NaN,NaN,false,NaN,E:\2026\99_seasonTiming\04_RUA\top_speed\Qualifying Race 10.pdf,2026-04-22 16:34:43,130,
RUA,QR10,99,Cooper Murray,,6,NaN,NaN,false,NaN,E:\2026\99_seasonTiming\04_RUA\top_speed\Qualifying Race 10.pdf,2026-04-22 16:34:43,255,
RUA,QR10,777,Declan Fraser,,1,NaN,NaN,false,NaN,E:\2026\99_seasonTiming\04_RUA\top_speed\Qualifying Race 10.pdf,2026-04-22 16:34:43,104,
RUA,QR10,777,Declan Fraser,,2,NaN,NaN,false,NaN,E:\2026\99_seasonTiming\04_RUA\top_speed\Qualifying Race 10.pdf,2026-04-22 16:34:43,250,
RUA,QR10,777,Declan Fraser,,3,NaN,NaN,false,NaN,E:\2026\99_seasonTiming\04_RUA\top_speed\Qualifying Race 10.pdf,2026-04-22 16:34:43,253,
RUA,QR10,777,Declan Fraser,,4,NaN,NaN,false,NaN,E:\2026\99_seasonTiming\04_RUA\top_speed\Qualifying Race 10.pdf,2026-04-22 16:34:43,73,
RUA,QR10,777,Declan Fraser,,5,NaN,NaN,false,NaN,E:\2026\99_seasonTiming\04_RUA\top_speed\Qualifying Race 10.pdf,2026-04-22 16:34:43,255,
RUA,QR10,888,William Brown,,1,NaN,NaN,false,NaN,E:\2026\99_seasonTiming\04_RUA\top_speed\Qualifying Race 10.pdf,2026-04-22 16:34:43,67,
RUA,QR10,888,William Brown,,2,NaN,NaN,false,NaN,E:\2026\99_seasonTiming\04_RUA\top_speed\Qualifying Race 10.pdf,2026-04-22 16:34:43,251,
RUA,QR10,888,William Brown,,3,NaN,NaN,false,NaN,E:\2026\99_seasonTiming\04_RUA\top_speed\Qualifying Race 10.pdf,2026-04-22 16:34:43,251,
RUA,QR10,888,William Brown,,4,NaN,NaN,false,NaN,E:\2026\99_seasonTiming\04_RUA\top_speed\Qualifying Race 10.pdf,2026-04-22 16:34:43,81,
RUA,QR10,888,William Brown,,5,NaN,NaN,false,NaN,E:\2026\99_seasonTiming\04_RUA\top_speed\Qualifying Race 10.pdf,2026-04-22 16:34:43,252,
RUA,QR10,888,William Brown,,6,NaN,NaN,false,NaN,E:\2026\99_seasonTiming\04_RUA\top_speed\Qualifying Race 10.pdf,2026-04-22 16:34:43,252,
RUA,QR10,888,William Brown,,7,NaN,NaN,false,NaN,E:\2026\99_seasonTiming\04_RUA\top_speed\Qualifying Race 10.pdf,2026-04-22 16:34:43,115,
RUA,QR10,888,William Brown,,8,NaN,NaN,false,NaN,E:\2026\99_seasonTiming\04_RUA\top_speed\Qualifying Race 10.pdf,2026-04-22 16:34:43,251,
RUA,QR10,888,William Brown,,9,NaN,NaN,false,NaN,E:\2026\99_seasonTiming\04_RUA\top_speed\Qualifying Race 10.pdf,2026-04-22 16:34:43,228,
RUA,QR10,888,William Brown,,10,NaN,NaN,false,NaN,E:\2026\99_seasonTiming\04_RUA\top_speed\Qualifying Race 10.pdf,2026-04-22 16:34:43,109,
RUA,QR11,1,Chaz Mostert,,1,NaN,NaN,false,NaN,E:\2026\99_seasonTiming\04_RUA\top_speed\Qualifying Race 11.pdf,2026-04-22 16:34:44,57,
RUA,QR11,1,Chaz Mostert,,2,NaN,NaN,false,NaN,E:\2026\99_seasonTiming\04_RUA\top_speed\Qualifying Race 11.pdf,2026-04-22 16:34:44,253,
RUA,QR11,1,Chaz Mostert,,3,NaN,NaN,false,NaN,E:\2026\99_seasonTiming\04_RUA\top_speed\Qualifying Race 11.pdf,2026-04-22 16:34:44,253,
RUA,QR11,1,Chaz Mostert,,4,NaN,NaN,false,NaN,E:\2026\99_seasonTiming\04_RUA\top_speed\Qualifying Race 11.pdf,2026-04-22 16:34:44,72,
RUA,QR11,1,Chaz Mostert,,5,NaN,NaN,false,NaN,E:\2026\99_seasonTiming\04_RUA\top_speed\Qualifying Race 11.pdf,2026-04-22 16:34:44,255,
RUA,QR11,2,Ryan Wood,,1,NaN,NaN,false,NaN,E:\2026\99_seasonTiming\04_RUA\top_speed\Qualifying Race 11.pdf,2026-04-22 16:34:44,57,
RUA,QR11,2,Ryan Wood,,2,NaN,NaN,false,NaN,E:\2026\99_seasonTiming\04_RUA\top_speed\Qualifying Race 11.pdf,2026-04-22 16:34:44,252,
RUA,QR11,2,Ryan Wood,,3,NaN,NaN,false,NaN,E:\2026\99_seasonTiming\04_RUA\top_speed\Qualifying Race 11.pdf,2026-04-22 16:34:44,253,
RUA,QR11,2,Ryan Wood,,4,NaN,NaN,false,NaN,E:\2026\99_seasonTiming\04_RUA\top_speed\Qualifying Race 11.pdf,2026-04-22 16:34:44,74,
RUA,QR11,2,Ryan Wood,,5,NaN,NaN,false,NaN,E:\2026\99_seasonTiming\04_RUA\top_speed\Qualifying Race 11.pdf,2026-04-22 16:34:44,255,
RUA,QR11,2,Ryan Wood,,6,NaN,NaN,false,NaN,E:\2026\99_seasonTiming\04_RUA\top_speed\Qualifying Race 11.pdf,2026-04-22 16:34:44,254,
RUA,QR11,2,Ryan Wood,,7,NaN,NaN,false,NaN,E:\2026\99_seasonTiming\04_RUA\top_speed\Qualifying Race 11.pdf,2026-04-22 16:34:44,55,
RUA,QR11,2,Ryan Wood,,8,NaN,NaN,false,NaN,E:\2026\99_seasonTiming\04_RUA\top_speed\Qualifying Race 11.pdf,2026-04-22 16:34:44,254,
RUA,QR11,2,Ryan Wood,,9,NaN,NaN,false,NaN,E:\2026\99_seasonTiming\04_RUA\top_speed\Qualifying Race 11.pdf,2026-04-22 16:34:44,253,
RUA,QR11,3,Aaron Cameron,,1,NaN,NaN,false,NaN,E:\2026\99_seasonTiming\04_RUA\top_speed\Qualifying Race 11.pdf,2026-04-22 16:34:44,92,
RUA,QR11,3,Aaron Cameron,,2,NaN,NaN,false,NaN,E:\2026\99_seasonTiming\04_RUA\top_speed\Qualifying Race 11.pdf,2026-04-22 16:34:44,252,
RUA,QR11,3,Aaron Cameron,,3,NaN,NaN,false,NaN,E:\2026\99_seasonTiming\04_RUA\top_speed\Qualifying Race 11.pdf,2026-04-22 16:34:44,253,
RUA,QR11,3,Aaron Cameron,,4,NaN,NaN,false,NaN,E:\2026\99_seasonTiming\04_RUA\top_speed\Qualifying Race 11.pdf,2026-04-22 16:34:44,254,
RUA,QR11,3,Aaron Cameron,,5,NaN,NaN,false,NaN,E:\2026\99_seasonTiming\04_RUA\top_speed\Qualifying Race 11.pdf,2026-04-22 16:34:44,124,
RUA,QR11,3,Aaron Cameron,,6,NaN,NaN,false,NaN,E:\2026\99_seasonTiming\04_RUA\top_speed\Qualifying Race 11.pdf,2026-04-22 16:34:44,256,
RUA,QR11,3,Aaron Cameron,,7,NaN,NaN,false,NaN,E:\2026\99_seasonTiming\04_RUA\top_speed\Qualifying Race 11.pdf,2026-04-22 16:34:44,64,
RUA,QR11,3,Aaron Cameron,,8,NaN,NaN,false,NaN,E:\2026\99_seasonTiming\04_RUA\top_speed\Qualifying Race 11.pdf,2026-04-22 16:34:44,254,
RUA,QR11,4,Jack Le Brocq,,1,NaN,NaN,false,NaN,E:\2026\99_seasonTiming\04_RUA\top_speed\Qualifying Race 11.pdf,2026-04-22 16:34:44,94,
RUA,QR11,4,Jack Le Brocq,,2,NaN,NaN,false,NaN,E:\2026\99_seasonTiming\04_RUA\top_speed\Qualifying Race 11.pdf,2026-04-22 16:34:44,251,
RUA,QR11,4,Jack Le Brocq,,3,NaN,NaN,false,NaN,E:\2026\99_seasonTiming\04_RUA\top_speed\Qualifying Race 11.pdf,2026-04-22 16:34:44,253,
RUA,QR11,4,Jack Le Brocq,,4,NaN,NaN,false,NaN,E:\2026\99_seasonTiming\04_RUA\top_speed\Qualifying Race 11.pdf,2026-04-22 16:34:44,252,
RUA,QR11,4,Jack Le Brocq,,5,NaN,NaN,false,NaN,E:\2026\99_seasonTiming\04_RUA\top_speed\Qualifying Race 11.pdf,2026-04-22 16:34:44,112,
RUA,QR11,4,Jack Le Brocq,,6,NaN,NaN,false,NaN,E:\2026\99_seasonTiming\04_RUA\top_speed\Qualifying Race 11.pdf,2026-04-22 16:34:44,255,
RUA,QR11,4,Jack Le Brocq,,7,NaN,NaN,false,NaN,E:\2026\99_seasonTiming\04_RUA\top_speed\Qualifying Race 11.pdf,2026-04-22 16:34:44,254,
RUA,QR11,6,Cameron Waters,,1,NaN,NaN,false,NaN,E:\2026\99_seasonTiming\04_RUA\top_speed\Qualifying Race 11.pdf,2026-04-22 16:34:44,62,
RUA,QR11,6,Cameron Waters,,2,NaN,NaN,false,NaN,E:\2026\99_seasonTiming\04_RUA\top_speed\Qualifying Race 11.pdf,2026-04-22 16:34:44,252,
RUA,QR11,6,Cameron Waters,,3,NaN,NaN,false,NaN,E:\2026\99_seasonTiming\04_RUA\top_speed\Qualifying Race 11.pdf,2026-04-22 16:34:44,251,
RUA,QR11,6,Cameron Waters,,4,NaN,NaN,false,NaN,E:\2026\99_seasonTiming\04_RUA\top_speed\Qualifying Race 11.pdf,2026-04-22 16:34:44,81,
RUA,QR11,6,Cameron Waters,,5,NaN,NaN,false,NaN,E:\2026\99_seasonTiming\04_RUA\top_speed\Qualifying Race 11.pdf,2026-04-22 16:34:44,254,
RUA,QR11,7,James Golding,,1,NaN,NaN,false,NaN,E:\2026\99_seasonTiming\04_RUA\top_speed\Qualifying Race 11.pdf,2026-04-22 16:34:44,69,
RUA,QR11,7,James Golding,,2,NaN,NaN,false,NaN,E:\2026\99_seasonTiming\04_RUA\top_speed\Qualifying Race 11.pdf,2026-04-22 16:34:44,249,
RUA,QR11,7,James Golding,,3,NaN,NaN,false,NaN,E:\2026\99_seasonTiming\04_RUA\top_speed\Qualifying Race 11.pdf,2026-04-22 16:34:44,253,
RUA,QR11,7,James Golding,,4,NaN,NaN,false,NaN,E:\2026\99_seasonTiming\04_RUA\top_speed\Qualifying Race 11.pdf,2026-04-22 16:34:44,214,
RUA,QR11,7,James Golding,,5,NaN,NaN,false,NaN,E:\2026\99_seasonTiming\04_RUA\top_speed\Qualifying Race 11.pdf,2026-04-22 16:34:44,157,
RUA,QR11,7,James Golding,,6,NaN,NaN,false,NaN,E:\2026\99_seasonTiming\04_RUA\top_speed\Qualifying Race 11.pdf,2026-04-22 16:34:44,255,
RUA,QR11,7,James Golding,,7,NaN,NaN,false,NaN,E:\2026\99_seasonTiming\04_RUA\top_speed\Qualifying Race 11.pdf,2026-04-22 16:34:44,203,
RUA,QR11,7,James Golding,,8,NaN,NaN,false,NaN,E:\2026\99_seasonTiming\04_RUA\top_speed\Qualifying Race 11.pdf,2026-04-22 16:34:44,86,
RUA,QR11,7,James Golding,,9,NaN,NaN,false,NaN,E:\2026\99_seasonTiming\04_RUA\top_speed\Qualifying Race 11.pdf,2026-04-22 16:34:44,255,
RUA,QR11,8,Andre Heimgartner,,1,NaN,NaN,false,NaN,E:\2026\99_seasonTiming\04_RUA\top_speed\Qualifying Race 11.pdf,2026-04-22 16:34:44,102,
RUA,QR11,8,Andre Heimgartner,,2,NaN,NaN,false,NaN,E:\2026\99_seasonTiming\04_RUA\top_speed\Qualifying Race 11.pdf,2026-04-22 16:34:44,253,
RUA,QR11,8,Andre Heimgartner,,3,NaN,NaN,false,NaN,E:\2026\99_seasonTiming\04_RUA\top_speed\Qualifying Race 11.pdf,2026-04-22 16:34:44,254,
RUA,QR11,8,Andre Heimgartner,,4,NaN,NaN,false,NaN,E:\2026\99_seasonTiming\04_RUA\top_speed\Qualifying Race 11.pdf,2026-04-22 16:34:44,110,
RUA,QR11,8,Andre Heimgartner,,5,NaN,NaN,false,NaN,E:\2026\99_seasonTiming\04_RUA\top_speed\Qualifying Race 11.pdf,2026-04-22 16:34:44,255,
RUA,QR11,8,Andre Heimgartner,,6,NaN,NaN,false,NaN,E:\2026\99_seasonTiming\04_RUA\top_speed\Qualifying Race 11.pdf,2026-04-22 16:34:44,255,
RUA,QR11,8,Andre Heimgartner,,7,NaN,NaN,false,NaN,E:\2026\99_seasonTiming\04_RUA\top_speed\Qualifying Race 11.pdf,2026-04-22 16:34:44,110,
RUA,QR11,8,Andre Heimgartner,,8,NaN,NaN,false,NaN,E:\2026\99_seasonTiming\04_RUA\top_speed\Qualifying Race 11.pdf,2026-04-22 16:34:44,252,
RUA,QR11,8,Andre Heimgartner,,9,NaN,NaN,false,NaN,E:\2026\99_seasonTiming\04_RUA\top_speed\Qualifying Race 11.pdf,2026-04-22 16:34:44,190,
RUA,QR11,9,Jobe Stewart,,1,NaN,NaN,false,NaN,E:\2026\99_seasonTiming\04_RUA\top_speed\Qualifying Race 11.pdf,2026-04-22 16:34:44,82,
RUA,QR11,9,Jobe Stewart,,2,NaN,NaN,false,NaN,E:\2026\99_seasonTiming\04_RUA\top_speed\Qualifying Race 11.pdf,2026-04-22 16:34:44,254,
RUA,QR11,9,Jobe Stewart,,3,NaN,NaN,false,NaN,E:\2026\99_seasonTiming\04_RUA\top_speed\Qualifying Race 11.pdf,2026-04-22 16:34:44,252,
RUA,QR11,9,Jobe Stewart,,4,NaN,NaN,false,NaN,E:\2026\99_seasonTiming\04_RUA\top_speed\Qualifying Race 11.pdf,2026-04-22 16:34:44,94,
RUA,QR11,9,Jobe Stewart,,5,NaN,NaN,false,NaN,E:\2026\99_seasonTiming\04_RUA\top_speed\Qualifying Race 11.pdf,2026-04-22 16:34:44,254,
RUA,QR11,10,Zach Bates,,1,NaN,NaN,false,NaN,E:\2026\99_seasonTiming\04_RUA\top_speed\Qualifying Race 11.pdf,2026-04-22 16:34:44,68,
RUA,QR11,10,Zach Bates,,2,NaN,NaN,false,NaN,E:\2026\99_seasonTiming\04_RUA\top_speed\Qualifying Race 11.pdf,2026-04-22 16:34:44,249,
RUA,QR11,10,Zach Bates,,3,NaN,NaN,false,NaN,E:\2026\99_seasonTiming\04_RUA\top_speed\Qualifying Race 11.pdf,2026-04-22 16:34:44,253,
RUA,QR11,10,Zach Bates,,4,NaN,NaN,false,NaN,E:\2026\99_seasonTiming\04_RUA\top_speed\Qualifying Race 11.pdf,2026-04-22 16:34:44,69,
RUA,QR11,10,Zach Bates,,5,NaN,NaN,false,NaN,E:\2026\99_seasonTiming\04_RUA\top_speed\Qualifying Race 11.pdf,2026-04-22 16:34:44,254,
RUA,QR11,11,Jackson Walls,,1,NaN,NaN,false,NaN,E:\2026\99_seasonTiming\04_RUA\top_speed\Qualifying Race 11.pdf,2026-04-22 16:34:44,108,
RUA,QR11,11,Jackson Walls,,2,NaN,NaN,false,NaN,E:\2026\99_seasonTiming\04_RUA\top_speed\Qualifying Race 11.pdf,2026-04-22 16:34:44,251,
RUA,QR11,11,Jackson Walls,,3,NaN,NaN,false,NaN,E:\2026\99_seasonTiming\04_RUA\top_speed\Qualifying Race 11.pdf,2026-04-22 16:34:44,252,
RUA,QR11,11,Jackson Walls,,4,NaN,NaN,false,NaN,E:\2026\99_seasonTiming\04_RUA\top_speed\Qualifying Race 11.pdf,2026-04-22 16:34:44,251,
RUA,QR11,11,Jackson Walls,,5,NaN,NaN,false,NaN,E:\2026\99_seasonTiming\04_RUA\top_speed\Qualifying Race 11.pdf,2026-04-22 16:34:44,122,
RUA,QR11,11,Jackson Walls,,6,NaN,NaN,false,NaN,E:\2026\99_seasonTiming\04_RUA\top_speed\Qualifying Race 11.pdf,2026-04-22 16:34:44,254,
RUA,QR11,14,Cameron Hill,,1,NaN,NaN,false,NaN,E:\2026\99_seasonTiming\04_RUA\top_speed\Qualifying Race 11.pdf,2026-04-22 16:34:44,70,
RUA,QR11,14,Cameron Hill,,2,NaN,NaN,false,NaN,E:\2026\99_seasonTiming\04_RUA\top_speed\Qualifying Race 11.pdf,2026-04-22 16:34:44,253,
RUA,QR11,14,Cameron Hill,,3,NaN,NaN,false,NaN,E:\2026\99_seasonTiming\04_RUA\top_speed\Qualifying Race 11.pdf,2026-04-22 16:34:44,254,
RUA,QR11,14,Cameron Hill,,4,NaN,NaN,false,NaN,E:\2026\99_seasonTiming\04_RUA\top_speed\Qualifying Race 11.pdf,2026-04-22 16:34:44,75,
RUA,QR11,14,Cameron Hill,,5,NaN,NaN,false,NaN,E:\2026\99_seasonTiming\04_RUA\top_speed\Qualifying Race 11.pdf,2026-04-22 16:34:44,254,
RUA,QR11,17,Brodie Kostecki,,1,NaN,NaN,false,NaN,E:\2026\99_seasonTiming\04_RUA\top_speed\Qualifying Race 11.pdf,2026-04-22 16:34:44,85,
RUA,QR11,17,Brodie Kostecki,,2,NaN,NaN,false,NaN,E:\2026\99_seasonTiming\04_RUA\top_speed\Qualifying Race 11.pdf,2026-04-22 16:34:44,253,
RUA,QR11,17,Brodie Kostecki,,3,NaN,NaN,false,NaN,E:\2026\99_seasonTiming\04_RUA\top_speed\Qualifying Race 11.pdf,2026-04-22 16:34:44,253,
RUA,QR11,17,Brodie Kostecki,,4,NaN,NaN,false,NaN,E:\2026\99_seasonTiming\04_RUA\top_speed\Qualifying Race 11.pdf,2026-04-22 16:34:44,67,
RUA,QR11,17,Brodie Kostecki,,5,NaN,NaN,false,NaN,E:\2026\99_seasonTiming\04_RUA\top_speed\Qualifying Race 11.pdf,2026-04-22 16:34:44,256,
RUA,QR11,17,Brodie Kostecki,,6,NaN,NaN,false,NaN,E:\2026\99_seasonTiming\04_RUA\top_speed\Qualifying Race 11.pdf,2026-04-22 16:34:44,255,
RUA,QR11,17,Brodie Kostecki,,7,NaN,NaN,false,NaN,E:\2026\99_seasonTiming\04_RUA\top_speed\Qualifying Race 11.pdf,2026-04-22 16:34:44,82,
RUA,QR11,17,Brodie Kostecki,,8,NaN,NaN,false,NaN,E:\2026\99_seasonTiming\04_RUA\top_speed\Qualifying Race 11.pdf,2026-04-22 16:34:44,255,
RUA,QR11,18,Anton De Pasquale,,1,NaN,NaN,false,NaN,E:\2026\99_seasonTiming\04_RUA\top_speed\Qualifying Race 11.pdf,2026-04-22 16:34:44,83,
RUA,QR11,18,Anton De Pasquale,,2,NaN,NaN,false,NaN,E:\2026\99_seasonTiming\04_RUA\top_speed\Qualifying Race 11.pdf,2026-04-22 16:34:44,253,
RUA,QR11,18,Anton De Pasquale,,3,NaN,NaN,false,NaN,E:\2026\99_seasonTiming\04_RUA\top_speed\Qualifying Race 11.pdf,2026-04-22 16:34:44,254,
RUA,QR11,18,Anton De Pasquale,,4,NaN,NaN,false,NaN,E:\2026\99_seasonTiming\04_RUA\top_speed\Qualifying Race 11.pdf,2026-04-22 16:34:44,77,
RUA,QR11,18,Anton De Pasquale,,5,NaN,NaN,false,NaN,E:\2026\99_seasonTiming\04_RUA\top_speed\Qualifying Race 11.pdf,2026-04-22 16:34:44,254,
RUA,QR11,18,Anton De Pasquale,,6,NaN,NaN,false,NaN,E:\2026\99_seasonTiming\04_RUA\top_speed\Qualifying Race 11.pdf,2026-04-22 16:34:44,255,
RUA,QR11,19,Matthew Payne,,1,NaN,NaN,false,NaN,E:\2026\99_seasonTiming\04_RUA\top_speed\Qualifying Race 11.pdf,2026-04-22 16:34:44,61,
RUA,QR11,19,Matthew Payne,,2,NaN,NaN,false,NaN,E:\2026\99_seasonTiming\04_RUA\top_speed\Qualifying Race 11.pdf,2026-04-22 16:34:44,253,
RUA,QR11,19,Matthew Payne,,3,NaN,NaN,false,NaN,E:\2026\99_seasonTiming\04_RUA\top_speed\Qualifying Race 11.pdf,2026-04-22 16:34:44,253,
RUA,QR11,19,Matthew Payne,,4,NaN,NaN,false,NaN,E:\2026\99_seasonTiming\04_RUA\top_speed\Qualifying Race 11.pdf,2026-04-22 16:34:44,69,
RUA,QR11,19,Matthew Payne,,5,NaN,NaN,false,NaN,E:\2026\99_seasonTiming\04_RUA\top_speed\Qualifying Race 11.pdf,2026-04-22 16:34:44,253,
RUA,QR11,19,Matthew Payne,,6,NaN,NaN,false,NaN,E:\2026\99_seasonTiming\04_RUA\top_speed\Qualifying Race 11.pdf,2026-04-22 16:34:44,253,
RUA,QR11,19,Matthew Payne,,7,NaN,NaN,false,NaN,E:\2026\99_seasonTiming\04_RUA\top_speed\Qualifying Race 11.pdf,2026-04-22 16:34:44,130,
RUA,QR11,19,Matthew Payne,,8,NaN,NaN,false,NaN,E:\2026\99_seasonTiming\04_RUA\top_speed\Qualifying Race 11.pdf,2026-04-22 16:34:44,253,
RUA,QR11,19,Matthew Payne,,9,NaN,NaN,false,NaN,E:\2026\99_seasonTiming\04_RUA\top_speed\Qualifying Race 11.pdf,2026-04-22 16:34:44,227,
RUA,QR11,19,Matthew Payne,,10,NaN,NaN,false,NaN,E:\2026\99_seasonTiming\04_RUA\top_speed\Qualifying Race 11.pdf,2026-04-22 16:34:44,70,
RUA,QR11,20,David Reynolds,,1,NaN,NaN,false,NaN,E:\2026\99_seasonTiming\04_RUA\top_speed\Qualifying Race 11.pdf,2026-04-22 16:34:44,81,
RUA,QR11,20,David Reynolds,,2,NaN,NaN,false,NaN,E:\2026\99_seasonTiming\04_RUA\top_speed\Qualifying Race 11.pdf,2026-04-22 16:34:44,252,
RUA,QR11,20,David Reynolds,,3,NaN,NaN,false,NaN,E:\2026\99_seasonTiming\04_RUA\top_speed\Qualifying Race 11.pdf,2026-04-22 16:34:44,252,
RUA,QR11,20,David Reynolds,,4,NaN,NaN,false,NaN,E:\2026\99_seasonTiming\04_RUA\top_speed\Qualifying Race 11.pdf,2026-04-22 16:34:44,74,
RUA,QR11,20,David Reynolds,,5,NaN,NaN,false,NaN,E:\2026\99_seasonTiming\04_RUA\top_speed\Qualifying Race 11.pdf,2026-04-22 16:34:44,255,
RUA,QR11,26,Kai Allen,,1,NaN,NaN,false,NaN,E:\2026\99_seasonTiming\04_RUA\top_speed\Qualifying Race 11.pdf,2026-04-22 16:34:44,63,
RUA,QR11,26,Kai Allen,,2,NaN,NaN,false,NaN,E:\2026\99_seasonTiming\04_RUA\top_speed\Qualifying Race 11.pdf,2026-04-22 16:34:44,253,
RUA,QR11,26,Kai Allen,,3,NaN,NaN,false,NaN,E:\2026\99_seasonTiming\04_RUA\top_speed\Qualifying Race 11.pdf,2026-04-22 16:34:44,253,
RUA,QR11,26,Kai Allen,,4,NaN,NaN,false,NaN,E:\2026\99_seasonTiming\04_RUA\top_speed\Qualifying Race 11.pdf,2026-04-22 16:34:44,71,
RUA,QR11,26,Kai Allen,,5,NaN,NaN,false,NaN,E:\2026\99_seasonTiming\04_RUA\top_speed\Qualifying Race 11.pdf,2026-04-22 16:34:44,254,
RUA,QR11,26,Kai Allen,,6,NaN,NaN,false,NaN,E:\2026\99_seasonTiming\04_RUA\top_speed\Qualifying Race 11.pdf,2026-04-22 16:34:44,254,
RUA,QR11,26,Kai Allen,,7,NaN,NaN,false,NaN,E:\2026\99_seasonTiming\04_RUA\top_speed\Qualifying Race 11.pdf,2026-04-22 16:34:44,142,
RUA,QR11,26,Kai Allen,,8,NaN,NaN,false,NaN,E:\2026\99_seasonTiming\04_RUA\top_speed\Qualifying Race 11.pdf,2026-04-22 16:34:44,255,
RUA,QR11,26,Kai Allen,,9,NaN,NaN,false,NaN,E:\2026\99_seasonTiming\04_RUA\top_speed\Qualifying Race 11.pdf,2026-04-22 16:34:44,225,
RUA,QR11,26,Kai Allen,,10,NaN,NaN,false,NaN,E:\2026\99_seasonTiming\04_RUA\top_speed\Qualifying Race 11.pdf,2026-04-22 16:34:44,84,
RUA,QR11,26,Kai Allen,,11,NaN,NaN,false,NaN,E:\2026\99_seasonTiming\04_RUA\top_speed\Qualifying Race 11.pdf,2026-04-22 16:34:44,255,
RUA,QR11,26,Kai Allen,,12,NaN,NaN,false,NaN,E:\2026\99_seasonTiming\04_RUA\top_speed\Qualifying Race 11.pdf,2026-04-22 16:34:44,254,
RUA,QR11,31,Jayden Ojeda,,1,NaN,NaN,false,NaN,E:\2026\99_seasonTiming\04_RUA\top_speed\Qualifying Race 11.pdf,2026-04-22 16:34:44,81,
RUA,QR11,31,Jayden Ojeda,,2,NaN,NaN,false,NaN,E:\2026\99_seasonTiming\04_RUA\top_speed\Qualifying Race 11.pdf,2026-04-22 16:34:44,245,
RUA,QR11,31,Jayden Ojeda,,3,NaN,NaN,false,NaN,E:\2026\99_seasonTiming\04_RUA\top_speed\Qualifying Race 11.pdf,2026-04-22 16:34:44,253,
RUA,QR11,31,Jayden Ojeda,,4,NaN,NaN,false,NaN,E:\2026\99_seasonTiming\04_RUA\top_speed\Qualifying Race 11.pdf,2026-04-22 16:34:44,88,
RUA,QR11,31,Jayden Ojeda,,5,NaN,NaN,false,NaN,E:\2026\99_seasonTiming\04_RUA\top_speed\Qualifying Race 11.pdf,2026-04-22 16:34:44,255,
RUA,QR11,31,Jayden Ojeda,,6,NaN,NaN,false,NaN,E:\2026\99_seasonTiming\04_RUA\top_speed\Qualifying Race 11.pdf,2026-04-22 16:34:44,256,
RUA,QR11,31,Jayden Ojeda,,7,NaN,NaN,false,NaN,E:\2026\99_seasonTiming\04_RUA\top_speed\Qualifying Race 11.pdf,2026-04-22 16:34:44,78,
RUA,QR11,31,Jayden Ojeda,,8,NaN,NaN,false,NaN,E:\2026\99_seasonTiming\04_RUA\top_speed\Qualifying Race 11.pdf,2026-04-22 16:34:44,254,
RUA,QR11,38,Rylan Gray,,1,NaN,NaN,false,NaN,E:\2026\99_seasonTiming\04_RUA\top_speed\Qualifying Race 11.pdf,2026-04-22 16:34:44,72,
RUA,QR11,38,Rylan Gray,,2,NaN,NaN,false,NaN,E:\2026\99_seasonTiming\04_RUA\top_speed\Qualifying Race 11.pdf,2026-04-22 16:34:44,254,
RUA,QR11,38,Rylan Gray,,3,NaN,NaN,false,NaN,E:\2026\99_seasonTiming\04_RUA\top_speed\Qualifying Race 11.pdf,2026-04-22 16:34:44,253,
RUA,QR11,38,Rylan Gray,,4,NaN,NaN,false,NaN,E:\2026\99_seasonTiming\04_RUA\top_speed\Qualifying Race 11.pdf,2026-04-22 16:34:44,237,
RUA,QR11,38,Rylan Gray,,5,NaN,NaN,false,NaN,E:\2026\99_seasonTiming\04_RUA\top_speed\Qualifying Race 11.pdf,2026-04-22 16:34:44,86,
RUA,QR11,38,Rylan Gray,,6,NaN,NaN,false,NaN,E:\2026\99_seasonTiming\04_RUA\top_speed\Qualifying Race 11.pdf,2026-04-22 16:34:44,255,
RUA,QR11,38,Rylan Gray,,7,NaN,NaN,false,NaN,E:\2026\99_seasonTiming\04_RUA\top_speed\Qualifying Race 11.pdf,2026-04-22 16:34:44,255,
RUA,QR11,55,Thomas Randle,,1,NaN,NaN,false,NaN,E:\2026\99_seasonTiming\04_RUA\top_speed\Qualifying Race 11.pdf,2026-04-22 16:34:44,81,
RUA,QR11,55,Thomas Randle,,2,NaN,NaN,false,NaN,E:\2026\99_seasonTiming\04_RUA\top_speed\Qualifying Race 11.pdf,2026-04-22 16:34:44,252,
RUA,QR11,55,Thomas Randle,,3,NaN,NaN,false,NaN,E:\2026\99_seasonTiming\04_RUA\top_speed\Qualifying Race 11.pdf,2026-04-22 16:34:44,253,
RUA,QR11,55,Thomas Randle,,4,NaN,NaN,false,NaN,E:\2026\99_seasonTiming\04_RUA\top_speed\Qualifying Race 11.pdf,2026-04-22 16:34:44,250,
RUA,QR11,55,Thomas Randle,,5,NaN,NaN,false,NaN,E:\2026\99_seasonTiming\04_RUA\top_speed\Qualifying Race 11.pdf,2026-04-22 16:34:44,105,
RUA,QR11,55,Thomas Randle,,6,NaN,NaN,false,NaN,E:\2026\99_seasonTiming\04_RUA\top_speed\Qualifying Race 11.pdf,2026-04-22 16:34:44,255,
RUA,QR11,88,Broc Feeney,,1,NaN,NaN,false,NaN,E:\2026\99_seasonTiming\04_RUA\top_speed\Qualifying Race 11.pdf,2026-04-22 16:34:44,71,
RUA,QR11,88,Broc Feeney,,2,NaN,NaN,false,NaN,E:\2026\99_seasonTiming\04_RUA\top_speed\Qualifying Race 11.pdf,2026-04-22 16:34:44,250,
RUA,QR11,88,Broc Feeney,,3,NaN,NaN,false,NaN,E:\2026\99_seasonTiming\04_RUA\top_speed\Qualifying Race 11.pdf,2026-04-22 16:34:44,252,
RUA,QR11,88,Broc Feeney,,4,NaN,NaN,false,NaN,E:\2026\99_seasonTiming\04_RUA\top_speed\Qualifying Race 11.pdf,2026-04-22 16:34:44,72,
RUA,QR11,88,Broc Feeney,,5,NaN,NaN,false,NaN,E:\2026\99_seasonTiming\04_RUA\top_speed\Qualifying Race 11.pdf,2026-04-22 16:34:44,253,
RUA,QR11,88,Broc Feeney,,6,NaN,NaN,false,NaN,E:\2026\99_seasonTiming\04_RUA\top_speed\Qualifying Race 11.pdf,2026-04-22 16:34:44,253,
RUA,QR11,88,Broc Feeney,,7,NaN,NaN,false,NaN,E:\2026\99_seasonTiming\04_RUA\top_speed\Qualifying Race 11.pdf,2026-04-22 16:34:44,127,
RUA,QR11,88,Broc Feeney,,8,NaN,NaN,false,NaN,E:\2026\99_seasonTiming\04_RUA\top_speed\Qualifying Race 11.pdf,2026-04-22 16:34:44,251,
RUA,QR11,88,Broc Feeney,,9,NaN,NaN,false,NaN,E:\2026\99_seasonTiming\04_RUA\top_speed\Qualifying Race 11.pdf,2026-04-22 16:34:44,192,
RUA,QR11,88,Broc Feeney,,10,NaN,NaN,false,NaN,E:\2026\99_seasonTiming\04_RUA\top_speed\Qualifying Race 11.pdf,2026-04-22 16:34:44,129,
RUA,QR11,88,Broc Feeney,,11,NaN,NaN,false,NaN,E:\2026\99_seasonTiming\04_RUA\top_speed\Qualifying Race 11.pdf,2026-04-22 16:34:44,253,
RUA,QR11,96,Macauley Jones,,1,NaN,NaN,false,NaN,E:\2026\99_seasonTiming\04_RUA\top_speed\Qualifying Race 11.pdf,2026-04-22 16:34:44,63,
RUA,QR11,96,Macauley Jones,,2,NaN,NaN,false,NaN,E:\2026\99_seasonTiming\04_RUA\top_speed\Qualifying Race 11.pdf,2026-04-22 16:34:44,252,
RUA,QR11,96,Macauley Jones,,3,NaN,NaN,false,NaN,E:\2026\99_seasonTiming\04_RUA\top_speed\Qualifying Race 11.pdf,2026-04-22 16:34:44,252,
RUA,QR11,96,Macauley Jones,,4,NaN,NaN,false,NaN,E:\2026\99_seasonTiming\04_RUA\top_speed\Qualifying Race 11.pdf,2026-04-22 16:34:44,85,
RUA,QR11,96,Macauley Jones,,5,NaN,NaN,false,NaN,E:\2026\99_seasonTiming\04_RUA\top_speed\Qualifying Race 11.pdf,2026-04-22 16:34:44,253,
RUA,QR11,99,Cooper Murray,,1,NaN,NaN,false,NaN,E:\2026\99_seasonTiming\04_RUA\top_speed\Qualifying Race 11.pdf,2026-04-22 16:34:44,71,
RUA,QR11,99,Cooper Murray,,2,NaN,NaN,false,NaN,E:\2026\99_seasonTiming\04_RUA\top_speed\Qualifying Race 11.pdf,2026-04-22 16:34:44,253,
RUA,QR11,99,Cooper Murray,,3,NaN,NaN,false,NaN,E:\2026\99_seasonTiming\04_RUA\top_speed\Qualifying Race 11.pdf,2026-04-22 16:34:44,252,
RUA,QR11,99,Cooper Murray,,4,NaN,NaN,false,NaN,E:\2026\99_seasonTiming\04_RUA\top_speed\Qualifying Race 11.pdf,2026-04-22 16:34:44,72,
RUA,QR11,99,Cooper Murray,,5,NaN,NaN,false,NaN,E:\2026\99_seasonTiming\04_RUA\top_speed\Qualifying Race 11.pdf,2026-04-22 16:34:44,255,
RUA,QR11,777,Declan Fraser,,1,NaN,NaN,false,NaN,E:\2026\99_seasonTiming\04_RUA\top_speed\Qualifying Race 11.pdf,2026-04-22 16:34:44,114,
RUA,QR11,777,Declan Fraser,,2,NaN,NaN,false,NaN,E:\2026\99_seasonTiming\04_RUA\top_speed\Qualifying Race 11.pdf,2026-04-22 16:34:44,246,
RUA,QR11,777,Declan Fraser,,3,NaN,NaN,false,NaN,E:\2026\99_seasonTiming\04_RUA\top_speed\Qualifying Race 11.pdf,2026-04-22 16:34:44,251,
RUA,QR11,777,Declan Fraser,,4,NaN,NaN,false,NaN,E:\2026\99_seasonTiming\04_RUA\top_speed\Qualifying Race 11.pdf,2026-04-22 16:34:44,79,
RUA,QR11,777,Declan Fraser,,5,NaN,NaN,false,NaN,E:\2026\99_seasonTiming\04_RUA\top_speed\Qualifying Race 11.pdf,2026-04-22 16:34:44,252,
RUA,QR11,888,William Brown,,1,NaN,NaN,false,NaN,E:\2026\99_seasonTiming\04_RUA\top_speed\Qualifying Race 11.pdf,2026-04-22 16:34:44,69,
RUA,QR11,888,William Brown,,2,NaN,NaN,false,NaN,E:\2026\99_seasonTiming\04_RUA\top_speed\Qualifying Race 11.pdf,2026-04-22 16:34:44,252,
RUA,QR11,888,William Brown,,3,NaN,NaN,false,NaN,E:\2026\99_seasonTiming\04_RUA\top_speed\Qualifying Race 11.pdf,2026-04-22 16:34:44,253,
RUA,QR11,888,William Brown,,4,NaN,NaN,false,NaN,E:\2026\99_seasonTiming\04_RUA\top_speed\Qualifying Race 11.pdf,2026-04-22 16:34:44,80,
RUA,QR11,888,William Brown,,5,NaN,NaN,false,NaN,E:\2026\99_seasonTiming\04_RUA\top_speed\Qualifying Race 11.pdf,2026-04-22 16:34:44,252,
RUA,QR11,888,William Brown,,6,NaN,NaN,false,NaN,E:\2026\99_seasonTiming\04_RUA\top_speed\Qualifying Race 11.pdf,2026-04-22 16:34:44,253,
RUA,QR11,888,William Brown,,7,NaN,NaN,false,NaN,E:\2026\99_seasonTiming\04_RUA\top_speed\Qualifying Race 11.pdf,2026-04-22 16:34:44,80,
RUA,QR11,888,William Brown,,8,NaN,NaN,false,NaN,E:\2026\99_seasonTiming\04_RUA\top_speed\Qualifying Race 11.pdf,2026-04-22 16:34:44,253,
RUA,QR12,1,Chaz Mostert,,1,NaN,NaN,false,NaN,E:\2026\99_seasonTiming\04_RUA\top_speed\Qualifying Race 12.pdf,2026-04-22 16:34:44,58,
RUA,QR12,1,Chaz Mostert,,2,NaN,NaN,false,NaN,E:\2026\99_seasonTiming\04_RUA\top_speed\Qualifying Race 12.pdf,2026-04-22 16:34:44,254,
RUA,QR12,1,Chaz Mostert,,3,NaN,NaN,false,NaN,E:\2026\99_seasonTiming\04_RUA\top_speed\Qualifying Race 12.pdf,2026-04-22 16:34:44,254,
RUA,QR12,1,Chaz Mostert,,4,NaN,NaN,false,NaN,E:\2026\99_seasonTiming\04_RUA\top_speed\Qualifying Race 12.pdf,2026-04-22 16:34:44,209,
RUA,QR12,1,Chaz Mostert,,5,NaN,NaN,false,NaN,E:\2026\99_seasonTiming\04_RUA\top_speed\Qualifying Race 12.pdf,2026-04-22 16:34:44,106,
RUA,QR12,1,Chaz Mostert,,6,NaN,NaN,false,NaN,E:\2026\99_seasonTiming\04_RUA\top_speed\Qualifying Race 12.pdf,2026-04-22 16:34:44,255,
RUA,QR12,2,Ryan Wood,,1,NaN,NaN,false,NaN,E:\2026\99_seasonTiming\04_RUA\top_speed\Qualifying Race 12.pdf,2026-04-22 16:34:44,84,
RUA,QR12,2,Ryan Wood,,2,NaN,NaN,false,NaN,E:\2026\99_seasonTiming\04_RUA\top_speed\Qualifying Race 12.pdf,2026-04-22 16:34:44,253,
RUA,QR12,2,Ryan Wood,,3,NaN,NaN,false,NaN,E:\2026\99_seasonTiming\04_RUA\top_speed\Qualifying Race 12.pdf,2026-04-22 16:34:44,254,
RUA,QR12,2,Ryan Wood,,4,NaN,NaN,false,NaN,E:\2026\99_seasonTiming\04_RUA\top_speed\Qualifying Race 12.pdf,2026-04-22 16:34:44,110,
RUA,QR12,2,Ryan Wood,,5,NaN,NaN,false,NaN,E:\2026\99_seasonTiming\04_RUA\top_speed\Qualifying Race 12.pdf,2026-04-22 16:34:44,255,
RUA,QR12,2,Ryan Wood,,6,NaN,NaN,false,NaN,E:\2026\99_seasonTiming\04_RUA\top_speed\Qualifying Race 12.pdf,2026-04-22 16:34:44,218,
RUA,QR12,2,Ryan Wood,,7,NaN,NaN,false,NaN,E:\2026\99_seasonTiming\04_RUA\top_speed\Qualifying Race 12.pdf,2026-04-22 16:34:44,87,
RUA,QR12,2,Ryan Wood,,8,NaN,NaN,false,NaN,E:\2026\99_seasonTiming\04_RUA\top_speed\Qualifying Race 12.pdf,2026-04-22 16:34:44,256,
RUA,QR12,3,Aaron Cameron,,1,NaN,NaN,false,NaN,E:\2026\99_seasonTiming\04_RUA\top_speed\Qualifying Race 12.pdf,2026-04-22 16:34:44,111,
RUA,QR12,3,Aaron Cameron,,2,NaN,NaN,false,NaN,E:\2026\99_seasonTiming\04_RUA\top_speed\Qualifying Race 12.pdf,2026-04-22 16:34:44,252,
RUA,QR12,3,Aaron Cameron,,3,NaN,NaN,false,NaN,E:\2026\99_seasonTiming\04_RUA\top_speed\Qualifying Race 12.pdf,2026-04-22 16:34:44,253,
RUA,QR12,3,Aaron Cameron,,4,NaN,NaN,false,NaN,E:\2026\99_seasonTiming\04_RUA\top_speed\Qualifying Race 12.pdf,2026-04-22 16:34:44,109,
RUA,QR12,3,Aaron Cameron,,5,NaN,NaN,false,NaN,E:\2026\99_seasonTiming\04_RUA\top_speed\Qualifying Race 12.pdf,2026-04-22 16:34:44,254,
RUA,QR12,3,Aaron Cameron,,6,NaN,NaN,false,NaN,E:\2026\99_seasonTiming\04_RUA\top_speed\Qualifying Race 12.pdf,2026-04-22 16:34:44,242,
RUA,QR12,3,Aaron Cameron,,7,NaN,NaN,false,NaN,E:\2026\99_seasonTiming\04_RUA\top_speed\Qualifying Race 12.pdf,2026-04-22 16:34:44,127,
RUA,QR12,3,Aaron Cameron,,8,NaN,NaN,false,NaN,E:\2026\99_seasonTiming\04_RUA\top_speed\Qualifying Race 12.pdf,2026-04-22 16:34:44,255,
RUA,QR12,4,Jack Le Brocq,,1,NaN,NaN,false,NaN,E:\2026\99_seasonTiming\04_RUA\top_speed\Qualifying Race 12.pdf,2026-04-22 16:34:44,68,
RUA,QR12,4,Jack Le Brocq,,2,NaN,NaN,false,NaN,E:\2026\99_seasonTiming\04_RUA\top_speed\Qualifying Race 12.pdf,2026-04-22 16:34:44,253,
RUA,QR12,4,Jack Le Brocq,,3,NaN,NaN,false,NaN,E:\2026\99_seasonTiming\04_RUA\top_speed\Qualifying Race 12.pdf,2026-04-22 16:34:44,232,
RUA,QR12,4,Jack Le Brocq,,4,NaN,NaN,false,NaN,E:\2026\99_seasonTiming\04_RUA\top_speed\Qualifying Race 12.pdf,2026-04-22 16:34:44,68,
RUA,QR12,4,Jack Le Brocq,,5,NaN,NaN,false,NaN,E:\2026\99_seasonTiming\04_RUA\top_speed\Qualifying Race 12.pdf,2026-04-22 16:34:44,255,
RUA,QR12,4,Jack Le Brocq,,6,NaN,NaN,false,NaN,E:\2026\99_seasonTiming\04_RUA\top_speed\Qualifying Race 12.pdf,2026-04-22 16:34:44,255,
RUA,QR12,4,Jack Le Brocq,,7,NaN,NaN,false,NaN,E:\2026\99_seasonTiming\04_RUA\top_speed\Qualifying Race 12.pdf,2026-04-22 16:34:44,108,
RUA,QR12,4,Jack Le Brocq,,8,NaN,NaN,false,NaN,E:\2026\99_seasonTiming\04_RUA\top_speed\Qualifying Race 12.pdf,2026-04-22 16:34:44,255,
RUA,QR12,6,Cameron Waters,,1,NaN,NaN,false,NaN,E:\2026\99_seasonTiming\04_RUA\top_speed\Qualifying Race 12.pdf,2026-04-22 16:34:44,72,
RUA,QR12,6,Cameron Waters,,2,NaN,NaN,false,NaN,E:\2026\99_seasonTiming\04_RUA\top_speed\Qualifying Race 12.pdf,2026-04-22 16:34:44,251,
RUA,QR12,6,Cameron Waters,,3,NaN,NaN,false,NaN,E:\2026\99_seasonTiming\04_RUA\top_speed\Qualifying Race 12.pdf,2026-04-22 16:34:44,253,
RUA,QR12,6,Cameron Waters,,4,NaN,NaN,false,NaN,E:\2026\99_seasonTiming\04_RUA\top_speed\Qualifying Race 12.pdf,2026-04-22 16:34:44,215,
RUA,QR12,6,Cameron Waters,,5,NaN,NaN,false,NaN,E:\2026\99_seasonTiming\04_RUA\top_speed\Qualifying Race 12.pdf,2026-04-22 16:34:44,74,
RUA,QR12,6,Cameron Waters,,6,NaN,NaN,false,NaN,E:\2026\99_seasonTiming\04_RUA\top_speed\Qualifying Race 12.pdf,2026-04-22 16:34:44,254,
RUA,QR12,7,James Golding,,1,NaN,NaN,false,NaN,E:\2026\99_seasonTiming\04_RUA\top_speed\Qualifying Race 12.pdf,2026-04-22 16:34:44,66,
RUA,QR12,7,James Golding,,2,NaN,NaN,false,NaN,E:\2026\99_seasonTiming\04_RUA\top_speed\Qualifying Race 12.pdf,2026-04-22 16:34:44,255,
RUA,QR12,7,James Golding,,3,NaN,NaN,false,NaN,E:\2026\99_seasonTiming\04_RUA\top_speed\Qualifying Race 12.pdf,2026-04-22 16:34:44,255,
RUA,QR12,7,James Golding,,4,NaN,NaN,false,NaN,E:\2026\99_seasonTiming\04_RUA\top_speed\Qualifying Race 12.pdf,2026-04-22 16:34:44,81,
RUA,QR12,7,James Golding,,5,NaN,NaN,false,NaN,E:\2026\99_seasonTiming\04_RUA\top_speed\Qualifying Race 12.pdf,2026-04-22 16:34:44,255,
RUA,QR12,7,James Golding,,6,NaN,NaN,false,NaN,E:\2026\99_seasonTiming\04_RUA\top_speed\Qualifying Race 12.pdf,2026-04-22 16:34:44,255,
RUA,QR12,7,James Golding,,7,NaN,NaN,false,NaN,E:\2026\99_seasonTiming\04_RUA\top_speed\Qualifying Race 12.pdf,2026-04-22 16:34:44,87,
RUA,QR12,7,James Golding,,8,NaN,NaN,false,NaN,E:\2026\99_seasonTiming\04_RUA\top_speed\Qualifying Race 12.pdf,2026-04-22 16:34:44,255,
RUA,QR12,8,Andre Heimgartner,,1,NaN,NaN,false,NaN,E:\2026\99_seasonTiming\04_RUA\top_speed\Qualifying Race 12.pdf,2026-04-22 16:34:44,121,
RUA,QR12,8,Andre Heimgartner,,2,NaN,NaN,false,NaN,E:\2026\99_seasonTiming\04_RUA\top_speed\Qualifying Race 12.pdf,2026-04-22 16:34:44,252,
RUA,QR12,8,Andre Heimgartner,,3,NaN,NaN,false,NaN,E:\2026\99_seasonTiming\04_RUA\top_speed\Qualifying Race 12.pdf,2026-04-22 16:34:44,252,
RUA,QR12,8,Andre Heimgartner,,4,NaN,NaN,false,NaN,E:\2026\99_seasonTiming\04_RUA\top_speed\Qualifying Race 12.pdf,2026-04-22 16:34:44,144,
RUA,QR12,8,Andre Heimgartner,,5,NaN,NaN,false,NaN,E:\2026\99_seasonTiming\04_RUA\top_speed\Qualifying Race 12.pdf,2026-04-22 16:34:44,254,
RUA,QR12,9,Jobe Stewart,,1,NaN,NaN,false,NaN,E:\2026\99_seasonTiming\04_RUA\top_speed\Qualifying Race 12.pdf,2026-04-22 16:34:44,95,
RUA,QR12,9,Jobe Stewart,,2,NaN,NaN,false,NaN,E:\2026\99_seasonTiming\04_RUA\top_speed\Qualifying Race 12.pdf,2026-04-22 16:34:44,253,
RUA,QR12,9,Jobe Stewart,,3,NaN,NaN,false,NaN,E:\2026\99_seasonTiming\04_RUA\top_speed\Qualifying Race 12.pdf,2026-04-22 16:34:44,253,
RUA,QR12,9,Jobe Stewart,,4,NaN,NaN,false,NaN,E:\2026\99_seasonTiming\04_RUA\top_speed\Qualifying Race 12.pdf,2026-04-22 16:34:44,90,
RUA,QR12,9,Jobe Stewart,,5,NaN,NaN,false,NaN,E:\2026\99_seasonTiming\04_RUA\top_speed\Qualifying Race 12.pdf,2026-04-22 16:34:44,252,
RUA,QR12,10,Zach Bates,,1,NaN,NaN,false,NaN,E:\2026\99_seasonTiming\04_RUA\top_speed\Qualifying Race 12.pdf,2026-04-22 16:34:44,69,
RUA,QR12,10,Zach Bates,,2,NaN,NaN,false,NaN,E:\2026\99_seasonTiming\04_RUA\top_speed\Qualifying Race 12.pdf,2026-04-22 16:34:44,251,
RUA,QR12,10,Zach Bates,,3,NaN,NaN,false,NaN,E:\2026\99_seasonTiming\04_RUA\top_speed\Qualifying Race 12.pdf,2026-04-22 16:34:44,255,
RUA,QR12,10,Zach Bates,,4,NaN,NaN,false,NaN,E:\2026\99_seasonTiming\04_RUA\top_speed\Qualifying Race 12.pdf,2026-04-22 16:34:44,78,
RUA,QR12,10,Zach Bates,,5,NaN,NaN,false,NaN,E:\2026\99_seasonTiming\04_RUA\top_speed\Qualifying Race 12.pdf,2026-04-22 16:34:44,253,
RUA,QR12,11,Jackson Walls,,1,NaN,NaN,false,NaN,E:\2026\99_seasonTiming\04_RUA\top_speed\Qualifying Race 12.pdf,2026-04-22 16:34:44,92,
RUA,QR12,11,Jackson Walls,,2,NaN,NaN,false,NaN,E:\2026\99_seasonTiming\04_RUA\top_speed\Qualifying Race 12.pdf,2026-04-22 16:34:44,249,
RUA,QR12,11,Jackson Walls,,3,NaN,NaN,false,NaN,E:\2026\99_seasonTiming\04_RUA\top_speed\Qualifying Race 12.pdf,2026-04-22 16:34:44,251,
RUA,QR12,11,Jackson Walls,,4,NaN,NaN,false,NaN,E:\2026\99_seasonTiming\04_RUA\top_speed\Qualifying Race 12.pdf,2026-04-22 16:34:44,250,
RUA,QR12,11,Jackson Walls,,5,NaN,NaN,false,NaN,E:\2026\99_seasonTiming\04_RUA\top_speed\Qualifying Race 12.pdf,2026-04-22 16:34:44,115,
RUA,QR12,11,Jackson Walls,,6,NaN,NaN,false,NaN,E:\2026\99_seasonTiming\04_RUA\top_speed\Qualifying Race 12.pdf,2026-04-22 16:34:44,253,
RUA,QR12,14,Cameron Hill,,1,NaN,NaN,false,NaN,E:\2026\99_seasonTiming\04_RUA\top_speed\Qualifying Race 12.pdf,2026-04-22 16:34:44,71,
RUA,QR12,14,Cameron Hill,,2,NaN,NaN,false,NaN,E:\2026\99_seasonTiming\04_RUA\top_speed\Qualifying Race 12.pdf,2026-04-22 16:34:44,252,
RUA,QR12,14,Cameron Hill,,3,NaN,NaN,false,NaN,E:\2026\99_seasonTiming\04_RUA\top_speed\Qualifying Race 12.pdf,2026-04-22 16:34:44,253,
RUA,QR12,14,Cameron Hill,,4,NaN,NaN,false,NaN,E:\2026\99_seasonTiming\04_RUA\top_speed\Qualifying Race 12.pdf,2026-04-22 16:34:44,76,
RUA,QR12,14,Cameron Hill,,5,NaN,NaN,false,NaN,E:\2026\99_seasonTiming\04_RUA\top_speed\Qualifying Race 12.pdf,2026-04-22 16:34:44,253,
RUA,QR12,14,Cameron Hill,,6,NaN,NaN,false,NaN,E:\2026\99_seasonTiming\04_RUA\top_speed\Qualifying Race 12.pdf,2026-04-22 16:34:44,252,
RUA,QR12,17,Brodie Kostecki,,1,NaN,NaN,false,NaN,E:\2026\99_seasonTiming\04_RUA\top_speed\Qualifying Race 12.pdf,2026-04-22 16:34:44,50,
RUA,QR12,17,Brodie Kostecki,,2,NaN,NaN,false,NaN,E:\2026\99_seasonTiming\04_RUA\top_speed\Qualifying Race 12.pdf,2026-04-22 16:34:44,253,
RUA,QR12,17,Brodie Kostecki,,3,NaN,NaN,false,NaN,E:\2026\99_seasonTiming\04_RUA\top_speed\Qualifying Race 12.pdf,2026-04-22 16:34:44,254,
RUA,QR12,17,Brodie Kostecki,,4,NaN,NaN,false,NaN,E:\2026\99_seasonTiming\04_RUA\top_speed\Qualifying Race 12.pdf,2026-04-22 16:34:44,54,
RUA,QR12,17,Brodie Kostecki,,5,NaN,NaN,false,NaN,E:\2026\99_seasonTiming\04_RUA\top_speed\Qualifying Race 12.pdf,2026-04-22 16:34:44,255,
RUA,QR12,17,Brodie Kostecki,,6,NaN,NaN,false,NaN,E:\2026\99_seasonTiming\04_RUA\top_speed\Qualifying Race 12.pdf,2026-04-22 16:34:44,254,
RUA,QR12,17,Brodie Kostecki,,7,NaN,NaN,false,NaN,E:\2026\99_seasonTiming\04_RUA\top_speed\Qualifying Race 12.pdf,2026-04-22 16:34:44,137,
RUA,QR12,17,Brodie Kostecki,,8,NaN,NaN,false,NaN,E:\2026\99_seasonTiming\04_RUA\top_speed\Qualifying Race 12.pdf,2026-04-22 16:34:44,255,
RUA,QR12,18,Anton De Pasquale,,1,NaN,NaN,false,NaN,E:\2026\99_seasonTiming\04_RUA\top_speed\Qualifying Race 12.pdf,2026-04-22 16:34:44,90,
RUA,QR12,18,Anton De Pasquale,,2,NaN,NaN,false,NaN,E:\2026\99_seasonTiming\04_RUA\top_speed\Qualifying Race 12.pdf,2026-04-22 16:34:44,254,
RUA,QR12,18,Anton De Pasquale,,3,NaN,NaN,false,NaN,E:\2026\99_seasonTiming\04_RUA\top_speed\Qualifying Race 12.pdf,2026-04-22 16:34:44,254,
RUA,QR12,18,Anton De Pasquale,,4,NaN,NaN,false,NaN,E:\2026\99_seasonTiming\04_RUA\top_speed\Qualifying Race 12.pdf,2026-04-22 16:34:44,81,
RUA,QR12,18,Anton De Pasquale,,5,NaN,NaN,false,NaN,E:\2026\99_seasonTiming\04_RUA\top_speed\Qualifying Race 12.pdf,2026-04-22 16:34:44,253,
RUA,QR12,18,Anton De Pasquale,,6,NaN,NaN,false,NaN,E:\2026\99_seasonTiming\04_RUA\top_speed\Qualifying Race 12.pdf,2026-04-22 16:34:44,145,
RUA,QR12,18,Anton De Pasquale,,7,NaN,NaN,false,NaN,E:\2026\99_seasonTiming\04_RUA\top_speed\Qualifying Race 12.pdf,2026-04-22 16:34:44,255,
RUA,QR12,18,Anton De Pasquale,,8,NaN,NaN,false,NaN,E:\2026\99_seasonTiming\04_RUA\top_speed\Qualifying Race 12.pdf,2026-04-22 16:34:44,203,
RUA,QR12,18,Anton De Pasquale,,9,NaN,NaN,false,NaN,E:\2026\99_seasonTiming\04_RUA\top_speed\Qualifying Race 12.pdf,2026-04-22 16:34:44,132,
RUA,QR12,18,Anton De Pasquale,,10,NaN,NaN,false,NaN,E:\2026\99_seasonTiming\04_RUA\top_speed\Qualifying Race 12.pdf,2026-04-22 16:34:44,256,
RUA,QR12,19,Matthew Payne,,1,NaN,NaN,false,NaN,E:\2026\99_seasonTiming\04_RUA\top_speed\Qualifying Race 12.pdf,2026-04-22 16:34:44,69,
RUA,QR12,19,Matthew Payne,,2,NaN,NaN,false,NaN,E:\2026\99_seasonTiming\04_RUA\top_speed\Qualifying Race 12.pdf,2026-04-22 16:34:44,253,
RUA,QR12,19,Matthew Payne,,3,NaN,NaN,false,NaN,E:\2026\99_seasonTiming\04_RUA\top_speed\Qualifying Race 12.pdf,2026-04-22 16:34:44,252,
RUA,QR12,19,Matthew Payne,,4,NaN,NaN,false,NaN,E:\2026\99_seasonTiming\04_RUA\top_speed\Qualifying Race 12.pdf,2026-04-22 16:34:44,76,
RUA,QR12,19,Matthew Payne,,5,NaN,NaN,false,NaN,E:\2026\99_seasonTiming\04_RUA\top_speed\Qualifying Race 12.pdf,2026-04-22 16:34:44,254,
RUA,QR12,19,Matthew Payne,,6,NaN,NaN,false,NaN,E:\2026\99_seasonTiming\04_RUA\top_speed\Qualifying Race 12.pdf,2026-04-22 16:34:44,251,
RUA,QR12,19,Matthew Payne,,7,NaN,NaN,false,NaN,E:\2026\99_seasonTiming\04_RUA\top_speed\Qualifying Race 12.pdf,2026-04-22 16:34:44,97,
RUA,QR12,19,Matthew Payne,,8,NaN,NaN,false,NaN,E:\2026\99_seasonTiming\04_RUA\top_speed\Qualifying Race 12.pdf,2026-04-22 16:34:44,254,
RUA,QR12,19,Matthew Payne,,9,NaN,NaN,false,NaN,E:\2026\99_seasonTiming\04_RUA\top_speed\Qualifying Race 12.pdf,2026-04-22 16:34:44,255,
RUA,QR12,19,Matthew Payne,,10,NaN,NaN,false,NaN,E:\2026\99_seasonTiming\04_RUA\top_speed\Qualifying Race 12.pdf,2026-04-22 16:34:44,115,
RUA,QR12,20,David Reynolds,,1,NaN,NaN,false,NaN,E:\2026\99_seasonTiming\04_RUA\top_speed\Qualifying Race 12.pdf,2026-04-22 16:34:44,82,
RUA,QR12,20,David Reynolds,,2,NaN,NaN,false,NaN,E:\2026\99_seasonTiming\04_RUA\top_speed\Qualifying Race 12.pdf,2026-04-22 16:34:44,253,
RUA,QR12,20,David Reynolds,,3,NaN,NaN,false,NaN,E:\2026\99_seasonTiming\04_RUA\top_speed\Qualifying Race 12.pdf,2026-04-22 16:34:44,253,
RUA,QR12,20,David Reynolds,,4,NaN,NaN,false,NaN,E:\2026\99_seasonTiming\04_RUA\top_speed\Qualifying Race 12.pdf,2026-04-22 16:34:44,86,
RUA,QR12,20,David Reynolds,,5,NaN,NaN,false,NaN,E:\2026\99_seasonTiming\04_RUA\top_speed\Qualifying Race 12.pdf,2026-04-22 16:34:44,254,
RUA,QR12,26,Kai Allen,,1,NaN,NaN,false,NaN,E:\2026\99_seasonTiming\04_RUA\top_speed\Qualifying Race 12.pdf,2026-04-22 16:34:44,75,
RUA,QR12,26,Kai Allen,,2,NaN,NaN,false,NaN,E:\2026\99_seasonTiming\04_RUA\top_speed\Qualifying Race 12.pdf,2026-04-22 16:34:44,253,
RUA,QR12,26,Kai Allen,,3,NaN,NaN,false,NaN,E:\2026\99_seasonTiming\04_RUA\top_speed\Qualifying Race 12.pdf,2026-04-22 16:34:44,253,
RUA,QR12,26,Kai Allen,,4,NaN,NaN,false,NaN,E:\2026\99_seasonTiming\04_RUA\top_speed\Qualifying Race 12.pdf,2026-04-22 16:34:44,251,
RUA,QR12,26,Kai Allen,,5,NaN,NaN,false,NaN,E:\2026\99_seasonTiming\04_RUA\top_speed\Qualifying Race 12.pdf,2026-04-22 16:34:44,113,
RUA,QR12,26,Kai Allen,,6,NaN,NaN,false,NaN,E:\2026\99_seasonTiming\04_RUA\top_speed\Qualifying Race 12.pdf,2026-04-22 16:34:44,254,
RUA,QR12,26,Kai Allen,,7,NaN,NaN,false,NaN,E:\2026\99_seasonTiming\04_RUA\top_speed\Qualifying Race 12.pdf,2026-04-22 16:34:44,97,
RUA,QR12,26,Kai Allen,,8,NaN,NaN,false,NaN,E:\2026\99_seasonTiming\04_RUA\top_speed\Qualifying Race 12.pdf,2026-04-22 16:34:44,254,
RUA,QR12,26,Kai Allen,,9,NaN,NaN,false,NaN,E:\2026\99_seasonTiming\04_RUA\top_speed\Qualifying Race 12.pdf,2026-04-22 16:34:44,240,
RUA,QR12,26,Kai Allen,,10,NaN,NaN,false,NaN,E:\2026\99_seasonTiming\04_RUA\top_speed\Qualifying Race 12.pdf,2026-04-22 16:34:44,94,
RUA,QR12,26,Kai Allen,,11,NaN,NaN,false,NaN,E:\2026\99_seasonTiming\04_RUA\top_speed\Qualifying Race 12.pdf,2026-04-22 16:34:44,254,
RUA,QR12,31,Jayden Ojeda,,1,NaN,NaN,false,NaN,E:\2026\99_seasonTiming\04_RUA\top_speed\Qualifying Race 12.pdf,2026-04-22 16:34:44,105,
RUA,QR12,31,Jayden Ojeda,,2,NaN,NaN,false,NaN,E:\2026\99_seasonTiming\04_RUA\top_speed\Qualifying Race 12.pdf,2026-04-22 16:34:44,253,
RUA,QR12,31,Jayden Ojeda,,3,NaN,NaN,false,NaN,E:\2026\99_seasonTiming\04_RUA\top_speed\Qualifying Race 12.pdf,2026-04-22 16:34:44,256,
RUA,QR12,31,Jayden Ojeda,,4,NaN,NaN,false,NaN,E:\2026\99_seasonTiming\04_RUA\top_speed\Qualifying Race 12.pdf,2026-04-22 16:34:44,80,
RUA,QR12,31,Jayden Ojeda,,5,NaN,NaN,false,NaN,E:\2026\99_seasonTiming\04_RUA\top_speed\Qualifying Race 12.pdf,2026-04-22 16:34:44,255,
RUA,QR12,31,Jayden Ojeda,,6,NaN,NaN,false,NaN,E:\2026\99_seasonTiming\04_RUA\top_speed\Qualifying Race 12.pdf,2026-04-22 16:34:44,255,
RUA,QR12,31,Jayden Ojeda,,7,NaN,NaN,false,NaN,E:\2026\99_seasonTiming\04_RUA\top_speed\Qualifying Race 12.pdf,2026-04-22 16:34:44,94,
RUA,QR12,31,Jayden Ojeda,,8,NaN,NaN,false,NaN,E:\2026\99_seasonTiming\04_RUA\top_speed\Qualifying Race 12.pdf,2026-04-22 16:34:44,255,
RUA,QR12,31,Jayden Ojeda,,9,NaN,NaN,false,NaN,E:\2026\99_seasonTiming\04_RUA\top_speed\Qualifying Race 12.pdf,2026-04-22 16:34:44,255,
RUA,QR12,38,Rylan Gray,,1,NaN,NaN,false,NaN,E:\2026\99_seasonTiming\04_RUA\top_speed\Qualifying Race 12.pdf,2026-04-22 16:34:44,51,
RUA,QR12,38,Rylan Gray,,2,NaN,NaN,false,NaN,E:\2026\99_seasonTiming\04_RUA\top_speed\Qualifying Race 12.pdf,2026-04-22 16:34:44,253,
RUA,QR12,38,Rylan Gray,,3,NaN,NaN,false,NaN,E:\2026\99_seasonTiming\04_RUA\top_speed\Qualifying Race 12.pdf,2026-04-22 16:34:44,254,
RUA,QR12,38,Rylan Gray,,4,NaN,NaN,false,NaN,E:\2026\99_seasonTiming\04_RUA\top_speed\Qualifying Race 12.pdf,2026-04-22 16:34:44,220,
RUA,QR12,38,Rylan Gray,,5,NaN,NaN,false,NaN,E:\2026\99_seasonTiming\04_RUA\top_speed\Qualifying Race 12.pdf,2026-04-22 16:34:44,72,
RUA,QR12,38,Rylan Gray,,6,NaN,NaN,false,NaN,E:\2026\99_seasonTiming\04_RUA\top_speed\Qualifying Race 12.pdf,2026-04-22 16:34:44,254,
RUA,QR12,38,Rylan Gray,,7,NaN,NaN,false,NaN,E:\2026\99_seasonTiming\04_RUA\top_speed\Qualifying Race 12.pdf,2026-04-22 16:34:44,254,
RUA,QR12,55,Thomas Randle,,1,NaN,NaN,false,NaN,E:\2026\99_seasonTiming\04_RUA\top_speed\Qualifying Race 12.pdf,2026-04-22 16:34:44,70,
RUA,QR12,55,Thomas Randle,,2,NaN,NaN,false,NaN,E:\2026\99_seasonTiming\04_RUA\top_speed\Qualifying Race 12.pdf,2026-04-22 16:34:44,254,
RUA,QR12,55,Thomas Randle,,3,NaN,NaN,false,NaN,E:\2026\99_seasonTiming\04_RUA\top_speed\Qualifying Race 12.pdf,2026-04-22 16:34:44,254,
RUA,QR12,55,Thomas Randle,,4,NaN,NaN,false,NaN,E:\2026\99_seasonTiming\04_RUA\top_speed\Qualifying Race 12.pdf,2026-04-22 16:34:44,73,
RUA,QR12,55,Thomas Randle,,5,NaN,NaN,false,NaN,E:\2026\99_seasonTiming\04_RUA\top_speed\Qualifying Race 12.pdf,2026-04-22 16:34:44,254,
RUA,QR12,55,Thomas Randle,,6,NaN,NaN,false,NaN,E:\2026\99_seasonTiming\04_RUA\top_speed\Qualifying Race 12.pdf,2026-04-22 16:34:44,254,
RUA,QR12,88,Broc Feeney,,1,NaN,NaN,false,NaN,E:\2026\99_seasonTiming\04_RUA\top_speed\Qualifying Race 12.pdf,2026-04-22 16:34:44,63,
RUA,QR12,88,Broc Feeney,,2,NaN,NaN,false,NaN,E:\2026\99_seasonTiming\04_RUA\top_speed\Qualifying Race 12.pdf,2026-04-22 16:34:44,250,
RUA,QR12,88,Broc Feeney,,3,NaN,NaN,false,NaN,E:\2026\99_seasonTiming\04_RUA\top_speed\Qualifying Race 12.pdf,2026-04-22 16:34:44,252,
RUA,QR12,88,Broc Feeney,,4,NaN,NaN,false,NaN,E:\2026\99_seasonTiming\04_RUA\top_speed\Qualifying Race 12.pdf,2026-04-22 16:34:44,209,
RUA,QR12,88,Broc Feeney,,5,NaN,NaN,false,NaN,E:\2026\99_seasonTiming\04_RUA\top_speed\Qualifying Race 12.pdf,2026-04-22 16:34:44,83,
RUA,QR12,88,Broc Feeney,,6,NaN,NaN,false,NaN,E:\2026\99_seasonTiming\04_RUA\top_speed\Qualifying Race 12.pdf,2026-04-22 16:34:44,254,
RUA,QR12,88,Broc Feeney,,7,NaN,NaN,false,NaN,E:\2026\99_seasonTiming\04_RUA\top_speed\Qualifying Race 12.pdf,2026-04-22 16:34:44,253,
RUA,QR12,88,Broc Feeney,,8,NaN,NaN,false,NaN,E:\2026\99_seasonTiming\04_RUA\top_speed\Qualifying Race 12.pdf,2026-04-22 16:34:44,98,
RUA,QR12,88,Broc Feeney,,9,NaN,NaN,false,NaN,E:\2026\99_seasonTiming\04_RUA\top_speed\Qualifying Race 12.pdf,2026-04-22 16:34:44,253,
RUA,QR12,88,Broc Feeney,,10,NaN,NaN,false,NaN,E:\2026\99_seasonTiming\04_RUA\top_speed\Qualifying Race 12.pdf,2026-04-22 16:34:44,197,
RUA,QR12,96,Macauley Jones,,1,NaN,NaN,false,NaN,E:\2026\99_seasonTiming\04_RUA\top_speed\Qualifying Race 12.pdf,2026-04-22 16:34:44,70,
RUA,QR12,96,Macauley Jones,,2,NaN,NaN,false,NaN,E:\2026\99_seasonTiming\04_RUA\top_speed\Qualifying Race 12.pdf,2026-04-22 16:34:44,250,
RUA,QR12,96,Macauley Jones,,3,NaN,NaN,false,NaN,E:\2026\99_seasonTiming\04_RUA\top_speed\Qualifying Race 12.pdf,2026-04-22 16:34:44,253,
RUA,QR12,96,Macauley Jones,,4,NaN,NaN,false,NaN,E:\2026\99_seasonTiming\04_RUA\top_speed\Qualifying Race 12.pdf,2026-04-22 16:34:44,84,
RUA,QR12,96,Macauley Jones,,5,NaN,NaN,false,NaN,E:\2026\99_seasonTiming\04_RUA\top_speed\Qualifying Race 12.pdf,2026-04-22 16:34:44,252,
RUA,QR12,99,Cooper Murray,,1,NaN,NaN,false,NaN,E:\2026\99_seasonTiming\04_RUA\top_speed\Qualifying Race 12.pdf,2026-04-22 16:34:44,84,
RUA,QR12,99,Cooper Murray,,2,NaN,NaN,false,NaN,E:\2026\99_seasonTiming\04_RUA\top_speed\Qualifying Race 12.pdf,2026-04-22 16:34:44,251,
RUA,QR12,99,Cooper Murray,,3,NaN,NaN,false,NaN,E:\2026\99_seasonTiming\04_RUA\top_speed\Qualifying Race 12.pdf,2026-04-22 16:34:44,253,
RUA,QR12,99,Cooper Murray,,4,NaN,NaN,false,NaN,E:\2026\99_seasonTiming\04_RUA\top_speed\Qualifying Race 12.pdf,2026-04-22 16:34:44,80,
RUA,QR12,99,Cooper Murray,,5,NaN,NaN,false,NaN,E:\2026\99_seasonTiming\04_RUA\top_speed\Qualifying Race 12.pdf,2026-04-22 16:34:44,254,
RUA,QR12,777,Declan Fraser,,1,NaN,NaN,false,NaN,E:\2026\99_seasonTiming\04_RUA\top_speed\Qualifying Race 12.pdf,2026-04-22 16:34:44,101,
RUA,QR12,777,Declan Fraser,,2,NaN,NaN,false,NaN,E:\2026\99_seasonTiming\04_RUA\top_speed\Qualifying Race 12.pdf,2026-04-22 16:34:44,249,
RUA,QR12,777,Declan Fraser,,3,NaN,NaN,false,NaN,E:\2026\99_seasonTiming\04_RUA\top_speed\Qualifying Race 12.pdf,2026-04-22 16:34:44,252,
RUA,QR12,777,Declan Fraser,,4,NaN,NaN,false,NaN,E:\2026\99_seasonTiming\04_RUA\top_speed\Qualifying Race 12.pdf,2026-04-22 16:34:44,78,
RUA,QR12,777,Declan Fraser,,5,NaN,NaN,false,NaN,E:\2026\99_seasonTiming\04_RUA\top_speed\Qualifying Race 12.pdf,2026-04-22 16:34:44,254,
RUA,QR12,777,Declan Fraser,,6,NaN,NaN,false,NaN,E:\2026\99_seasonTiming\04_RUA\top_speed\Qualifying Race 12.pdf,2026-04-22 16:34:44,253,
RUA,QR12,888,William Brown,,1,NaN,NaN,false,NaN,E:\2026\99_seasonTiming\04_RUA\top_speed\Qualifying Race 12.pdf,2026-04-22 16:34:44,69,
RUA,QR12,888,William Brown,,2,NaN,NaN,false,NaN,E:\2026\99_seasonTiming\04_RUA\top_speed\Qualifying Race 12.pdf,2026-04-22 16:34:44,251,
RUA,QR12,888,William Brown,,3,NaN,NaN,false,NaN,E:\2026\99_seasonTiming\04_RUA\top_speed\Qualifying Race 12.pdf,2026-04-22 16:34:44,252,
RUA,QR12,888,William Brown,,4,NaN,NaN,false,NaN,E:\2026\99_seasonTiming\04_RUA\top_speed\Qualifying Race 12.pdf,2026-04-22 16:34:44,198,
RUA,QR12,888,William Brown,,5,NaN,NaN,false,NaN,E:\2026\99_seasonTiming\04_RUA\top_speed\Qualifying Race 12.pdf,2026-04-22 16:34:44,75,
RUA,QR12,888,William Brown,,6,NaN,NaN,false,NaN,E:\2026\99_seasonTiming\04_RUA\top_speed\Qualifying Race 12.pdf,2026-04-22 16:34:44,254,
RUA,QR12,888,William Brown,,7,NaN,NaN,false,NaN,E:\2026\99_seasonTiming\04_RUA\top_speed\Qualifying Race 12.pdf,2026-04-22 16:34:44,253,
RUA,R10,1,Chaz Mostert,,1,NaN,NaN,false,NaN,E:\2026\99_seasonTiming\04_RUA\top_speed\Race 10.pdf,2026-04-22 16:34:45,206,
RUA,R10,1,Chaz Mostert,,2,NaN,NaN,false,NaN,E:\2026\99_seasonTiming\04_RUA\top_speed\Race 10.pdf,2026-04-22 16:34:45,238,
RUA,R10,1,Chaz Mostert,,3,NaN,NaN,false,NaN,E:\2026\99_seasonTiming\04_RUA\top_speed\Race 10.pdf,2026-04-22 16:34:45,252,
RUA,R10,1,Chaz Mostert,,4,NaN,NaN,false,NaN,E:\2026\99_seasonTiming\04_RUA\top_speed\Race 10.pdf,2026-04-22 16:34:45,253,
RUA,R10,1,Chaz Mostert,,5,NaN,NaN,false,NaN,E:\2026\99_seasonTiming\04_RUA\top_speed\Race 10.pdf,2026-04-22 16:34:45,249,
RUA,R10,1,Chaz Mostert,,6,NaN,NaN,false,NaN,E:\2026\99_seasonTiming\04_RUA\top_speed\Race 10.pdf,2026-04-22 16:34:45,253,
RUA,R10,1,Chaz Mostert,,7,NaN,NaN,false,NaN,E:\2026\99_seasonTiming\04_RUA\top_speed\Race 10.pdf,2026-04-22 16:34:45,250,
RUA,R10,1,Chaz Mostert,,8,NaN,NaN,false,NaN,E:\2026\99_seasonTiming\04_RUA\top_speed\Race 10.pdf,2026-04-22 16:34:45,249,
RUA,R10,1,Chaz Mostert,,9,NaN,NaN,false,NaN,E:\2026\99_seasonTiming\04_RUA\top_speed\Race 10.pdf,2026-04-22 16:34:45,252,
RUA,R10,1,Chaz Mostert,,10,NaN,NaN,false,NaN,E:\2026\99_seasonTiming\04_RUA\top_speed\Race 10.pdf,2026-04-22 16:34:45,251,
RUA,R10,1,Chaz Mostert,,11,NaN,NaN,false,NaN,E:\2026\99_seasonTiming\04_RUA\top_speed\Race 10.pdf,2026-04-22 16:34:45,250,
RUA,R10,1,Chaz Mostert,,12,NaN,NaN,false,NaN,E:\2026\99_seasonTiming\04_RUA\top_speed\Race 10.pdf,2026-04-22 16:34:45,251,
RUA,R10,1,Chaz Mostert,,13,NaN,NaN,false,NaN,E:\2026\99_seasonTiming\04_RUA\top_speed\Race 10.pdf,2026-04-22 16:34:45,251,
RUA,R10,1,Chaz Mostert,,14,NaN,NaN,false,NaN,E:\2026\99_seasonTiming\04_RUA\top_speed\Race 10.pdf,2026-04-22 16:34:45,251,
RUA,R10,1,Chaz Mostert,,15,NaN,NaN,false,NaN,E:\2026\99_seasonTiming\04_RUA\top_speed\Race 10.pdf,2026-04-22 16:34:45,249,
RUA,R10,1,Chaz Mostert,,16,NaN,NaN,false,NaN,E:\2026\99_seasonTiming\04_RUA\top_speed\Race 10.pdf,2026-04-22 16:34:45,252,
RUA,R10,1,Chaz Mostert,,17,NaN,NaN,false,NaN,E:\2026\99_seasonTiming\04_RUA\top_speed\Race 10.pdf,2026-04-22 16:34:45,252,
RUA,R10,1,Chaz Mostert,,18,NaN,NaN,false,NaN,E:\2026\99_seasonTiming\04_RUA\top_speed\Race 10.pdf,2026-04-22 16:34:45,248,
RUA,R10,1,Chaz Mostert,,19,NaN,NaN,false,NaN,E:\2026\99_seasonTiming\04_RUA\top_speed\Race 10.pdf,2026-04-22 16:34:45,252,
RUA,R10,1,Chaz Mostert,,20,NaN,NaN,false,NaN,E:\2026\99_seasonTiming\04_RUA\top_speed\Race 10.pdf,2026-04-22 16:34:45,193,
RUA,R10,1,Chaz Mostert,,21,NaN,NaN,false,NaN,E:\2026\99_seasonTiming\04_RUA\top_speed\Race 10.pdf,2026-04-22 16:34:45,250,
RUA,R10,1,Chaz Mostert,,22,NaN,NaN,false,NaN,E:\2026\99_seasonTiming\04_RUA\top_speed\Race 10.pdf,2026-04-22 16:34:45,251,
RUA,R10,1,Chaz Mostert,,23,NaN,NaN,false,NaN,E:\2026\99_seasonTiming\04_RUA\top_speed\Race 10.pdf,2026-04-22 16:34:45,252,
RUA,R10,1,Chaz Mostert,,24,NaN,NaN,false,NaN,E:\2026\99_seasonTiming\04_RUA\top_speed\Race 10.pdf,2026-04-22 16:34:45,252,
RUA,R10,1,Chaz Mostert,,25,NaN,NaN,false,NaN,E:\2026\99_seasonTiming\04_RUA\top_speed\Race 10.pdf,2026-04-22 16:34:45,254,
RUA,R10,1,Chaz Mostert,,26,NaN,NaN,false,NaN,E:\2026\99_seasonTiming\04_RUA\top_speed\Race 10.pdf,2026-04-22 16:34:45,253,
RUA,R10,1,Chaz Mostert,,27,NaN,NaN,false,NaN,E:\2026\99_seasonTiming\04_RUA\top_speed\Race 10.pdf,2026-04-22 16:34:45,253,
RUA,R10,1,Chaz Mostert,,28,NaN,NaN,false,NaN,E:\2026\99_seasonTiming\04_RUA\top_speed\Race 10.pdf,2026-04-22 16:34:45,253,
RUA,R10,1,Chaz Mostert,,29,NaN,NaN,false,NaN,E:\2026\99_seasonTiming\04_RUA\top_speed\Race 10.pdf,2026-04-22 16:34:45,251,
RUA,R10,1,Chaz Mostert,,30,NaN,NaN,false,NaN,E:\2026\99_seasonTiming\04_RUA\top_speed\Race 10.pdf,2026-04-22 16:34:45,253,
RUA,R10,1,Chaz Mostert,,31,NaN,NaN,false,NaN,E:\2026\99_seasonTiming\04_RUA\top_speed\Race 10.pdf,2026-04-22 16:34:45,254,
RUA,R10,1,Chaz Mostert,,32,NaN,NaN,false,NaN,E:\2026\99_seasonTiming\04_RUA\top_speed\Race 10.pdf,2026-04-22 16:34:45,254,
RUA,R10,1,Chaz Mostert,,33,NaN,NaN,false,NaN,E:\2026\99_seasonTiming\04_RUA\top_speed\Race 10.pdf,2026-04-22 16:34:45,254,
RUA,R10,1,Chaz Mostert,,34,NaN,NaN,false,NaN,E:\2026\99_seasonTiming\04_RUA\top_speed\Race 10.pdf,2026-04-22 16:34:45,252,
RUA,R10,1,Chaz Mostert,,35,NaN,NaN,false,NaN,E:\2026\99_seasonTiming\04_RUA\top_speed\Race 10.pdf,2026-04-22 16:34:45,249,
RUA,R10,1,Chaz Mostert,,36,NaN,NaN,false,NaN,E:\2026\99_seasonTiming\04_RUA\top_speed\Race 10.pdf,2026-04-22 16:34:45,245,
RUA,R10,1,Chaz Mostert,,37,NaN,NaN,false,NaN,E:\2026\99_seasonTiming\04_RUA\top_speed\Race 10.pdf,2026-04-22 16:34:45,252,
RUA,R10,2,Ryan Wood,,1,NaN,NaN,false,NaN,E:\2026\99_seasonTiming\04_RUA\top_speed\Race 10.pdf,2026-04-22 16:34:45,197,
RUA,R10,2,Ryan Wood,,2,NaN,NaN,false,NaN,E:\2026\99_seasonTiming\04_RUA\top_speed\Race 10.pdf,2026-04-22 16:34:45,249,
RUA,R10,2,Ryan Wood,,3,NaN,NaN,false,NaN,E:\2026\99_seasonTiming\04_RUA\top_speed\Race 10.pdf,2026-04-22 16:34:45,250,
RUA,R10,2,Ryan Wood,,4,NaN,NaN,false,NaN,E:\2026\99_seasonTiming\04_RUA\top_speed\Race 10.pdf,2026-04-22 16:34:45,251,
RUA,R10,2,Ryan Wood,,5,NaN,NaN,false,NaN,E:\2026\99_seasonTiming\04_RUA\top_speed\Race 10.pdf,2026-04-22 16:34:45,252,
RUA,R10,2,Ryan Wood,,6,NaN,NaN,false,NaN,E:\2026\99_seasonTiming\04_RUA\top_speed\Race 10.pdf,2026-04-22 16:34:45,252,
RUA,R10,2,Ryan Wood,,7,NaN,NaN,false,NaN,E:\2026\99_seasonTiming\04_RUA\top_speed\Race 10.pdf,2026-04-22 16:34:45,251,
RUA,R10,2,Ryan Wood,,8,NaN,NaN,false,NaN,E:\2026\99_seasonTiming\04_RUA\top_speed\Race 10.pdf,2026-04-22 16:34:45,251,
RUA,R10,2,Ryan Wood,,9,NaN,NaN,false,NaN,E:\2026\99_seasonTiming\04_RUA\top_speed\Race 10.pdf,2026-04-22 16:34:45,251,
RUA,R10,2,Ryan Wood,,10,NaN,NaN,false,NaN,E:\2026\99_seasonTiming\04_RUA\top_speed\Race 10.pdf,2026-04-22 16:34:45,251,
RUA,R10,2,Ryan Wood,,11,NaN,NaN,false,NaN,E:\2026\99_seasonTiming\04_RUA\top_speed\Race 10.pdf,2026-04-22 16:34:45,251,
RUA,R10,2,Ryan Wood,,12,NaN,NaN,false,NaN,E:\2026\99_seasonTiming\04_RUA\top_speed\Race 10.pdf,2026-04-22 16:34:45,250,
RUA,R10,2,Ryan Wood,,13,NaN,NaN,false,NaN,E:\2026\99_seasonTiming\04_RUA\top_speed\Race 10.pdf,2026-04-22 16:34:45,250,
RUA,R10,2,Ryan Wood,,14,NaN,NaN,false,NaN,E:\2026\99_seasonTiming\04_RUA\top_speed\Race 10.pdf,2026-04-22 16:34:45,249,
RUA,R10,2,Ryan Wood,,15,NaN,NaN,false,NaN,E:\2026\99_seasonTiming\04_RUA\top_speed\Race 10.pdf,2026-04-22 16:34:45,251,
RUA,R10,2,Ryan Wood,,16,NaN,NaN,false,NaN,E:\2026\99_seasonTiming\04_RUA\top_speed\Race 10.pdf,2026-04-22 16:34:45,251,
RUA,R10,2,Ryan Wood,,17,NaN,NaN,false,NaN,E:\2026\99_seasonTiming\04_RUA\top_speed\Race 10.pdf,2026-04-22 16:34:45,252,
RUA,R10,2,Ryan Wood,,18,NaN,NaN,false,NaN,E:\2026\99_seasonTiming\04_RUA\top_speed\Race 10.pdf,2026-04-22 16:34:45,252,
RUA,R10,2,Ryan Wood,,19,NaN,NaN,false,NaN,E:\2026\99_seasonTiming\04_RUA\top_speed\Race 10.pdf,2026-04-22 16:34:45,251,
RUA,R10,2,Ryan Wood,,20,NaN,NaN,false,NaN,E:\2026\99_seasonTiming\04_RUA\top_speed\Race 10.pdf,2026-04-22 16:34:45,252,
RUA,R10,2,Ryan Wood,,21,NaN,NaN,false,NaN,E:\2026\99_seasonTiming\04_RUA\top_speed\Race 10.pdf,2026-04-22 16:34:45,192,
RUA,R10,2,Ryan Wood,,22,NaN,NaN,false,NaN,E:\2026\99_seasonTiming\04_RUA\top_speed\Race 10.pdf,2026-04-22 16:34:45,250,
RUA,R10,2,Ryan Wood,,23,NaN,NaN,false,NaN,E:\2026\99_seasonTiming\04_RUA\top_speed\Race 10.pdf,2026-04-22 16:34:45,252,
RUA,R10,2,Ryan Wood,,24,NaN,NaN,false,NaN,E:\2026\99_seasonTiming\04_RUA\top_speed\Race 10.pdf,2026-04-22 16:34:45,252,
RUA,R10,2,Ryan Wood,,25,NaN,NaN,false,NaN,E:\2026\99_seasonTiming\04_RUA\top_speed\Race 10.pdf,2026-04-22 16:34:45,252,
RUA,R10,2,Ryan Wood,,26,NaN,NaN,false,NaN,E:\2026\99_seasonTiming\04_RUA\top_speed\Race 10.pdf,2026-04-22 16:34:45,253,
RUA,R10,2,Ryan Wood,,27,NaN,NaN,false,NaN,E:\2026\99_seasonTiming\04_RUA\top_speed\Race 10.pdf,2026-04-22 16:34:45,252,
RUA,R10,2,Ryan Wood,,28,NaN,NaN,false,NaN,E:\2026\99_seasonTiming\04_RUA\top_speed\Race 10.pdf,2026-04-22 16:34:45,252,
RUA,R10,2,Ryan Wood,,29,NaN,NaN,false,NaN,E:\2026\99_seasonTiming\04_RUA\top_speed\Race 10.pdf,2026-04-22 16:34:45,253,
RUA,R10,2,Ryan Wood,,30,NaN,NaN,false,NaN,E:\2026\99_seasonTiming\04_RUA\top_speed\Race 10.pdf,2026-04-22 16:34:45,253,
RUA,R10,2,Ryan Wood,,31,NaN,NaN,false,NaN,E:\2026\99_seasonTiming\04_RUA\top_speed\Race 10.pdf,2026-04-22 16:34:45,254,
RUA,R10,2,Ryan Wood,,32,NaN,NaN,false,NaN,E:\2026\99_seasonTiming\04_RUA\top_speed\Race 10.pdf,2026-04-22 16:34:45,254,
RUA,R10,2,Ryan Wood,,33,NaN,NaN,false,NaN,E:\2026\99_seasonTiming\04_RUA\top_speed\Race 10.pdf,2026-04-22 16:34:45,254,
RUA,R10,2,Ryan Wood,,34,NaN,NaN,false,NaN,E:\2026\99_seasonTiming\04_RUA\top_speed\Race 10.pdf,2026-04-22 16:34:45,255,
RUA,R10,2,Ryan Wood,,35,NaN,NaN,false,NaN,E:\2026\99_seasonTiming\04_RUA\top_speed\Race 10.pdf,2026-04-22 16:34:45,255,
RUA,R10,2,Ryan Wood,,36,NaN,NaN,false,NaN,E:\2026\99_seasonTiming\04_RUA\top_speed\Race 10.pdf,2026-04-22 16:34:45,256,
RUA,R10,2,Ryan Wood,,37,NaN,NaN,false,NaN,E:\2026\99_seasonTiming\04_RUA\top_speed\Race 10.pdf,2026-04-22 16:34:45,254,
RUA,R10,3,Aaron Cameron,,1,NaN,NaN,false,NaN,E:\2026\99_seasonTiming\04_RUA\top_speed\Race 10.pdf,2026-04-22 16:34:45,210,
RUA,R10,3,Aaron Cameron,,2,NaN,NaN,false,NaN,E:\2026\99_seasonTiming\04_RUA\top_speed\Race 10.pdf,2026-04-22 16:34:45,243,
RUA,R10,3,Aaron Cameron,,3,NaN,NaN,false,NaN,E:\2026\99_seasonTiming\04_RUA\top_speed\Race 10.pdf,2026-04-22 16:34:45,250,
RUA,R10,3,Aaron Cameron,,4,NaN,NaN,false,NaN,E:\2026\99_seasonTiming\04_RUA\top_speed\Race 10.pdf,2026-04-22 16:34:45,251,
RUA,R10,3,Aaron Cameron,,5,NaN,NaN,false,NaN,E:\2026\99_seasonTiming\04_RUA\top_speed\Race 10.pdf,2026-04-22 16:34:45,247,
RUA,R10,3,Aaron Cameron,,6,NaN,NaN,false,NaN,E:\2026\99_seasonTiming\04_RUA\top_speed\Race 10.pdf,2026-04-22 16:34:45,239,
RUA,R10,3,Aaron Cameron,,7,NaN,NaN,false,NaN,E:\2026\99_seasonTiming\04_RUA\top_speed\Race 10.pdf,2026-04-22 16:34:45,248,
RUA,R10,3,Aaron Cameron,,8,NaN,NaN,false,NaN,E:\2026\99_seasonTiming\04_RUA\top_speed\Race 10.pdf,2026-04-22 16:34:45,249,
RUA,R10,3,Aaron Cameron,,9,NaN,NaN,false,NaN,E:\2026\99_seasonTiming\04_RUA\top_speed\Race 10.pdf,2026-04-22 16:34:45,249,
RUA,R10,3,Aaron Cameron,,10,NaN,NaN,false,NaN,E:\2026\99_seasonTiming\04_RUA\top_speed\Race 10.pdf,2026-04-22 16:34:45,249,
RUA,R10,3,Aaron Cameron,,11,NaN,NaN,false,NaN,E:\2026\99_seasonTiming\04_RUA\top_speed\Race 10.pdf,2026-04-22 16:34:45,249,
RUA,R10,3,Aaron Cameron,,12,NaN,NaN,false,NaN,E:\2026\99_seasonTiming\04_RUA\top_speed\Race 10.pdf,2026-04-22 16:34:45,248,
RUA,R10,3,Aaron Cameron,,13,NaN,NaN,false,NaN,E:\2026\99_seasonTiming\04_RUA\top_speed\Race 10.pdf,2026-04-22 16:34:45,190,
RUA,R10,3,Aaron Cameron,,14,NaN,NaN,false,NaN,E:\2026\99_seasonTiming\04_RUA\top_speed\Race 10.pdf,2026-04-22 16:34:45,247,
RUA,R10,3,Aaron Cameron,,15,NaN,NaN,false,NaN,E:\2026\99_seasonTiming\04_RUA\top_speed\Race 10.pdf,2026-04-22 16:34:45,248,
RUA,R10,3,Aaron Cameron,,16,NaN,NaN,false,NaN,E:\2026\99_seasonTiming\04_RUA\top_speed\Race 10.pdf,2026-04-22 16:34:45,249,
RUA,R10,3,Aaron Cameron,,17,NaN,NaN,false,NaN,E:\2026\99_seasonTiming\04_RUA\top_speed\Race 10.pdf,2026-04-22 16:34:45,250,
RUA,R10,3,Aaron Cameron,,18,NaN,NaN,false,NaN,E:\2026\99_seasonTiming\04_RUA\top_speed\Race 10.pdf,2026-04-22 16:34:45,251,
RUA,R10,3,Aaron Cameron,,19,NaN,NaN,false,NaN,E:\2026\99_seasonTiming\04_RUA\top_speed\Race 10.pdf,2026-04-22 16:34:45,252,
RUA,R10,3,Aaron Cameron,,20,NaN,NaN,false,NaN,E:\2026\99_seasonTiming\04_RUA\top_speed\Race 10.pdf,2026-04-22 16:34:45,249,
RUA,R10,3,Aaron Cameron,,21,NaN,NaN,false,NaN,E:\2026\99_seasonTiming\04_RUA\top_speed\Race 10.pdf,2026-04-22 16:34:45,249,
RUA,R10,3,Aaron Cameron,,22,NaN,NaN,false,NaN,E:\2026\99_seasonTiming\04_RUA\top_speed\Race 10.pdf,2026-04-22 16:34:45,232,
RUA,R10,3,Aaron Cameron,,23,NaN,NaN,false,NaN,E:\2026\99_seasonTiming\04_RUA\top_speed\Race 10.pdf,2026-04-22 16:34:45,252,
RUA,R10,3,Aaron Cameron,,24,NaN,NaN,false,NaN,E:\2026\99_seasonTiming\04_RUA\top_speed\Race 10.pdf,2026-04-22 16:34:45,238,
RUA,R10,3,Aaron Cameron,,25,NaN,NaN,false,NaN,E:\2026\99_seasonTiming\04_RUA\top_speed\Race 10.pdf,2026-04-22 16:34:45,252,
RUA,R10,3,Aaron Cameron,,26,NaN,NaN,false,NaN,E:\2026\99_seasonTiming\04_RUA\top_speed\Race 10.pdf,2026-04-22 16:34:45,251,
RUA,R10,3,Aaron Cameron,,27,NaN,NaN,false,NaN,E:\2026\99_seasonTiming\04_RUA\top_speed\Race 10.pdf,2026-04-22 16:34:45,253,
RUA,R10,3,Aaron Cameron,,28,NaN,NaN,false,NaN,E:\2026\99_seasonTiming\04_RUA\top_speed\Race 10.pdf,2026-04-22 16:34:45,252,
RUA,R10,3,Aaron Cameron,,29,NaN,NaN,false,NaN,E:\2026\99_seasonTiming\04_RUA\top_speed\Race 10.pdf,2026-04-22 16:34:45,251,
RUA,R10,3,Aaron Cameron,,30,NaN,NaN,false,NaN,E:\2026\99_seasonTiming\04_RUA\top_speed\Race 10.pdf,2026-04-22 16:34:45,252,
RUA,R10,3,Aaron Cameron,,31,NaN,NaN,false,NaN,E:\2026\99_seasonTiming\04_RUA\top_speed\Race 10.pdf,2026-04-22 16:34:45,252,
RUA,R10,3,Aaron Cameron,,32,NaN,NaN,false,NaN,E:\2026\99_seasonTiming\04_RUA\top_speed\Race 10.pdf,2026-04-22 16:34:45,252,
RUA,R10,3,Aaron Cameron,,33,NaN,NaN,false,NaN,E:\2026\99_seasonTiming\04_RUA\top_speed\Race 10.pdf,2026-04-22 16:34:45,253,
RUA,R10,3,Aaron Cameron,,34,NaN,NaN,false,NaN,E:\2026\99_seasonTiming\04_RUA\top_speed\Race 10.pdf,2026-04-22 16:34:45,252,
RUA,R10,3,Aaron Cameron,,35,NaN,NaN,false,NaN,E:\2026\99_seasonTiming\04_RUA\top_speed\Race 10.pdf,2026-04-22 16:34:45,252,
RUA,R10,3,Aaron Cameron,,36,NaN,NaN,false,NaN,E:\2026\99_seasonTiming\04_RUA\top_speed\Race 10.pdf,2026-04-22 16:34:45,253,
RUA,R10,3,Aaron Cameron,,37,NaN,NaN,false,NaN,E:\2026\99_seasonTiming\04_RUA\top_speed\Race 10.pdf,2026-04-22 16:34:45,252,
RUA,R10,4,Jack Le Brocq,,1,NaN,NaN,false,NaN,E:\2026\99_seasonTiming\04_RUA\top_speed\Race 10.pdf,2026-04-22 16:34:45,208,
RUA,R10,4,Jack Le Brocq,,2,NaN,NaN,false,NaN,E:\2026\99_seasonTiming\04_RUA\top_speed\Race 10.pdf,2026-04-22 16:34:45,237,
RUA,R10,4,Jack Le Brocq,,3,NaN,NaN,false,NaN,E:\2026\99_seasonTiming\04_RUA\top_speed\Race 10.pdf,2026-04-22 16:34:45,232,
RUA,R10,4,Jack Le Brocq,,4,NaN,NaN,false,NaN,E:\2026\99_seasonTiming\04_RUA\top_speed\Race 10.pdf,2026-04-22 16:34:45,242,
RUA,R10,4,Jack Le Brocq,,5,NaN,NaN,false,NaN,E:\2026\99_seasonTiming\04_RUA\top_speed\Race 10.pdf,2026-04-22 16:34:45,234,
RUA,R10,4,Jack Le Brocq,,6,NaN,NaN,false,NaN,E:\2026\99_seasonTiming\04_RUA\top_speed\Race 10.pdf,2026-04-22 16:34:45,250,
RUA,R10,4,Jack Le Brocq,,7,NaN,NaN,false,NaN,E:\2026\99_seasonTiming\04_RUA\top_speed\Race 10.pdf,2026-04-22 16:34:45,247,
RUA,R10,4,Jack Le Brocq,,8,NaN,NaN,false,NaN,E:\2026\99_seasonTiming\04_RUA\top_speed\Race 10.pdf,2026-04-22 16:34:45,251,
RUA,R10,4,Jack Le Brocq,,9,NaN,NaN,false,NaN,E:\2026\99_seasonTiming\04_RUA\top_speed\Race 10.pdf,2026-04-22 16:34:45,252,
RUA,R10,4,Jack Le Brocq,,10,NaN,NaN,false,NaN,E:\2026\99_seasonTiming\04_RUA\top_speed\Race 10.pdf,2026-04-22 16:34:45,246,
RUA,R10,4,Jack Le Brocq,,11,NaN,NaN,false,NaN,E:\2026\99_seasonTiming\04_RUA\top_speed\Race 10.pdf,2026-04-22 16:34:45,249,
RUA,R10,4,Jack Le Brocq,,12,NaN,NaN,false,NaN,E:\2026\99_seasonTiming\04_RUA\top_speed\Race 10.pdf,2026-04-22 16:34:45,250,
RUA,R10,4,Jack Le Brocq,,13,NaN,NaN,false,NaN,E:\2026\99_seasonTiming\04_RUA\top_speed\Race 10.pdf,2026-04-22 16:34:45,252,
RUA,R10,4,Jack Le Brocq,,14,NaN,NaN,false,NaN,E:\2026\99_seasonTiming\04_RUA\top_speed\Race 10.pdf,2026-04-22 16:34:45,253,
RUA,R10,4,Jack Le Brocq,,15,NaN,NaN,false,NaN,E:\2026\99_seasonTiming\04_RUA\top_speed\Race 10.pdf,2026-04-22 16:34:45,190,
RUA,R10,4,Jack Le Brocq,,16,NaN,NaN,false,NaN,E:\2026\99_seasonTiming\04_RUA\top_speed\Race 10.pdf,2026-04-22 16:34:45,249,
RUA,R10,4,Jack Le Brocq,,17,NaN,NaN,false,NaN,E:\2026\99_seasonTiming\04_RUA\top_speed\Race 10.pdf,2026-04-22 16:34:45,250,
RUA,R10,4,Jack Le Brocq,,18,NaN,NaN,false,NaN,E:\2026\99_seasonTiming\04_RUA\top_speed\Race 10.pdf,2026-04-22 16:34:45,250,
RUA,R10,4,Jack Le Brocq,,19,NaN,NaN,false,NaN,E:\2026\99_seasonTiming\04_RUA\top_speed\Race 10.pdf,2026-04-22 16:34:45,244,
RUA,R10,4,Jack Le Brocq,,20,NaN,NaN,false,NaN,E:\2026\99_seasonTiming\04_RUA\top_speed\Race 10.pdf,2026-04-22 16:34:45,249,
RUA,R10,4,Jack Le Brocq,,21,NaN,NaN,false,NaN,E:\2026\99_seasonTiming\04_RUA\top_speed\Race 10.pdf,2026-04-22 16:34:45,248,
RUA,R10,4,Jack Le Brocq,,22,NaN,NaN,false,NaN,E:\2026\99_seasonTiming\04_RUA\top_speed\Race 10.pdf,2026-04-22 16:34:45,236,
RUA,R10,4,Jack Le Brocq,,23,NaN,NaN,false,NaN,E:\2026\99_seasonTiming\04_RUA\top_speed\Race 10.pdf,2026-04-22 16:34:45,242,
RUA,R10,4,Jack Le Brocq,,24,NaN,NaN,false,NaN,E:\2026\99_seasonTiming\04_RUA\top_speed\Race 10.pdf,2026-04-22 16:34:45,234,
RUA,R10,4,Jack Le Brocq,,25,NaN,NaN,false,NaN,E:\2026\99_seasonTiming\04_RUA\top_speed\Race 10.pdf,2026-04-22 16:34:45,253,
RUA,R10,4,Jack Le Brocq,,26,NaN,NaN,false,NaN,E:\2026\99_seasonTiming\04_RUA\top_speed\Race 10.pdf,2026-04-22 16:34:45,251,
RUA,R10,4,Jack Le Brocq,,27,NaN,NaN,false,NaN,E:\2026\99_seasonTiming\04_RUA\top_speed\Race 10.pdf,2026-04-22 16:34:45,251,
RUA,R10,4,Jack Le Brocq,,28,NaN,NaN,false,NaN,E:\2026\99_seasonTiming\04_RUA\top_speed\Race 10.pdf,2026-04-22 16:34:45,248,
RUA,R10,4,Jack Le Brocq,,29,NaN,NaN,false,NaN,E:\2026\99_seasonTiming\04_RUA\top_speed\Race 10.pdf,2026-04-22 16:34:45,251,
RUA,R10,4,Jack Le Brocq,,30,NaN,NaN,false,NaN,E:\2026\99_seasonTiming\04_RUA\top_speed\Race 10.pdf,2026-04-22 16:34:45,250,
RUA,R10,4,Jack Le Brocq,,31,NaN,NaN,false,NaN,E:\2026\99_seasonTiming\04_RUA\top_speed\Race 10.pdf,2026-04-22 16:34:45,252,
RUA,R10,4,Jack Le Brocq,,32,NaN,NaN,false,NaN,E:\2026\99_seasonTiming\04_RUA\top_speed\Race 10.pdf,2026-04-22 16:34:45,252,
RUA,R10,4,Jack Le Brocq,,33,NaN,NaN,false,NaN,E:\2026\99_seasonTiming\04_RUA\top_speed\Race 10.pdf,2026-04-22 16:34:45,251,
RUA,R10,4,Jack Le Brocq,,34,NaN,NaN,false,NaN,E:\2026\99_seasonTiming\04_RUA\top_speed\Race 10.pdf,2026-04-22 16:34:45,251,
RUA,R10,4,Jack Le Brocq,,35,NaN,NaN,false,NaN,E:\2026\99_seasonTiming\04_RUA\top_speed\Race 10.pdf,2026-04-22 16:34:45,252,
RUA,R10,4,Jack Le Brocq,,36,NaN,NaN,false,NaN,E:\2026\99_seasonTiming\04_RUA\top_speed\Race 10.pdf,2026-04-22 16:34:45,251,
RUA,R10,4,Jack Le Brocq,,37,NaN,NaN,false,NaN,E:\2026\99_seasonTiming\04_RUA\top_speed\Race 10.pdf,2026-04-22 16:34:45,251,
RUA,R10,6,Cameron Waters,,1,NaN,NaN,false,NaN,E:\2026\99_seasonTiming\04_RUA\top_speed\Race 10.pdf,2026-04-22 16:34:45,190,
RUA,R10,6,Cameron Waters,,2,NaN,NaN,false,NaN,E:\2026\99_seasonTiming\04_RUA\top_speed\Race 10.pdf,2026-04-22 16:34:45,231,
RUA,R10,6,Cameron Waters,,3,NaN,NaN,false,NaN,E:\2026\99_seasonTiming\04_RUA\top_speed\Race 10.pdf,2026-04-22 16:34:45,235,
RUA,R10,6,Cameron Waters,,4,NaN,NaN,false,NaN,E:\2026\99_seasonTiming\04_RUA\top_speed\Race 10.pdf,2026-04-22 16:34:45,249,
RUA,R10,6,Cameron Waters,,5,NaN,NaN,false,NaN,E:\2026\99_seasonTiming\04_RUA\top_speed\Race 10.pdf,2026-04-22 16:34:45,251,
RUA,R10,6,Cameron Waters,,6,NaN,NaN,false,NaN,E:\2026\99_seasonTiming\04_RUA\top_speed\Race 10.pdf,2026-04-22 16:34:45,252,
RUA,R10,6,Cameron Waters,,7,NaN,NaN,false,NaN,E:\2026\99_seasonTiming\04_RUA\top_speed\Race 10.pdf,2026-04-22 16:34:45,251,
RUA,R10,6,Cameron Waters,,8,NaN,NaN,false,NaN,E:\2026\99_seasonTiming\04_RUA\top_speed\Race 10.pdf,2026-04-22 16:34:45,245,
RUA,R10,6,Cameron Waters,,9,NaN,NaN,false,NaN,E:\2026\99_seasonTiming\04_RUA\top_speed\Race 10.pdf,2026-04-22 16:34:45,252,
RUA,R10,6,Cameron Waters,,10,NaN,NaN,false,NaN,E:\2026\99_seasonTiming\04_RUA\top_speed\Race 10.pdf,2026-04-22 16:34:45,252,
RUA,R10,6,Cameron Waters,,11,NaN,NaN,false,NaN,E:\2026\99_seasonTiming\04_RUA\top_speed\Race 10.pdf,2026-04-22 16:34:45,251,
RUA,R10,6,Cameron Waters,,12,NaN,NaN,false,NaN,E:\2026\99_seasonTiming\04_RUA\top_speed\Race 10.pdf,2026-04-22 16:34:45,248,
RUA,R10,6,Cameron Waters,,13,NaN,NaN,false,NaN,E:\2026\99_seasonTiming\04_RUA\top_speed\Race 10.pdf,2026-04-22 16:34:45,244,
RUA,R10,6,Cameron Waters,,14,NaN,NaN,false,NaN,E:\2026\99_seasonTiming\04_RUA\top_speed\Race 10.pdf,2026-04-22 16:34:45,247,
RUA,R10,6,Cameron Waters,,15,NaN,NaN,false,NaN,E:\2026\99_seasonTiming\04_RUA\top_speed\Race 10.pdf,2026-04-22 16:34:45,251,
RUA,R10,6,Cameron Waters,,16,NaN,NaN,false,NaN,E:\2026\99_seasonTiming\04_RUA\top_speed\Race 10.pdf,2026-04-22 16:34:45,250,
RUA,R10,6,Cameron Waters,,17,NaN,NaN,false,NaN,E:\2026\99_seasonTiming\04_RUA\top_speed\Race 10.pdf,2026-04-22 16:34:45,252,
RUA,R10,6,Cameron Waters,,18,NaN,NaN,false,NaN,E:\2026\99_seasonTiming\04_RUA\top_speed\Race 10.pdf,2026-04-22 16:34:45,252,
RUA,R10,6,Cameron Waters,,19,NaN,NaN,false,NaN,E:\2026\99_seasonTiming\04_RUA\top_speed\Race 10.pdf,2026-04-22 16:34:45,249,
RUA,R10,6,Cameron Waters,,20,NaN,NaN,false,NaN,E:\2026\99_seasonTiming\04_RUA\top_speed\Race 10.pdf,2026-04-22 16:34:45,192,
RUA,R10,6,Cameron Waters,,21,NaN,NaN,false,NaN,E:\2026\99_seasonTiming\04_RUA\top_speed\Race 10.pdf,2026-04-22 16:34:45,241,
RUA,R10,6,Cameron Waters,,22,NaN,NaN,false,NaN,E:\2026\99_seasonTiming\04_RUA\top_speed\Race 10.pdf,2026-04-22 16:34:45,250,
RUA,R10,6,Cameron Waters,,23,NaN,NaN,false,NaN,E:\2026\99_seasonTiming\04_RUA\top_speed\Race 10.pdf,2026-04-22 16:34:45,251,
RUA,R10,6,Cameron Waters,,24,NaN,NaN,false,NaN,E:\2026\99_seasonTiming\04_RUA\top_speed\Race 10.pdf,2026-04-22 16:34:45,251,
RUA,R10,6,Cameron Waters,,25,NaN,NaN,false,NaN,E:\2026\99_seasonTiming\04_RUA\top_speed\Race 10.pdf,2026-04-22 16:34:45,252,
RUA,R10,6,Cameron Waters,,26,NaN,NaN,false,NaN,E:\2026\99_seasonTiming\04_RUA\top_speed\Race 10.pdf,2026-04-22 16:34:45,251,
RUA,R10,6,Cameron Waters,,27,NaN,NaN,false,NaN,E:\2026\99_seasonTiming\04_RUA\top_speed\Race 10.pdf,2026-04-22 16:34:45,251,
RUA,R10,6,Cameron Waters,,28,NaN,NaN,false,NaN,E:\2026\99_seasonTiming\04_RUA\top_speed\Race 10.pdf,2026-04-22 16:34:45,251,
RUA,R10,6,Cameron Waters,,29,NaN,NaN,false,NaN,E:\2026\99_seasonTiming\04_RUA\top_speed\Race 10.pdf,2026-04-22 16:34:45,252,
RUA,R10,6,Cameron Waters,,30,NaN,NaN,false,NaN,E:\2026\99_seasonTiming\04_RUA\top_speed\Race 10.pdf,2026-04-22 16:34:45,251,
RUA,R10,6,Cameron Waters,,31,NaN,NaN,false,NaN,E:\2026\99_seasonTiming\04_RUA\top_speed\Race 10.pdf,2026-04-22 16:34:45,250,
RUA,R10,6,Cameron Waters,,32,NaN,NaN,false,NaN,E:\2026\99_seasonTiming\04_RUA\top_speed\Race 10.pdf,2026-04-22 16:34:45,254,
RUA,R10,6,Cameron Waters,,33,NaN,NaN,false,NaN,E:\2026\99_seasonTiming\04_RUA\top_speed\Race 10.pdf,2026-04-22 16:34:45,252,
RUA,R10,6,Cameron Waters,,34,NaN,NaN,false,NaN,E:\2026\99_seasonTiming\04_RUA\top_speed\Race 10.pdf,2026-04-22 16:34:45,253,
RUA,R10,6,Cameron Waters,,35,NaN,NaN,false,NaN,E:\2026\99_seasonTiming\04_RUA\top_speed\Race 10.pdf,2026-04-22 16:34:45,245,
RUA,R10,6,Cameron Waters,,36,NaN,NaN,false,NaN,E:\2026\99_seasonTiming\04_RUA\top_speed\Race 10.pdf,2026-04-22 16:34:45,246,
RUA,R10,6,Cameron Waters,,37,NaN,NaN,false,NaN,E:\2026\99_seasonTiming\04_RUA\top_speed\Race 10.pdf,2026-04-22 16:34:45,247,
RUA,R10,7,James Golding,,1,NaN,NaN,false,NaN,E:\2026\99_seasonTiming\04_RUA\top_speed\Race 10.pdf,2026-04-22 16:34:45,191,
RUA,R10,7,James Golding,,2,NaN,NaN,false,NaN,E:\2026\99_seasonTiming\04_RUA\top_speed\Race 10.pdf,2026-04-22 16:34:45,237,
RUA,R10,7,James Golding,,3,NaN,NaN,false,NaN,E:\2026\99_seasonTiming\04_RUA\top_speed\Race 10.pdf,2026-04-22 16:34:45,247,
RUA,R10,7,James Golding,,4,NaN,NaN,false,NaN,E:\2026\99_seasonTiming\04_RUA\top_speed\Race 10.pdf,2026-04-22 16:34:45,251,
RUA,R10,7,James Golding,,5,NaN,NaN,false,NaN,E:\2026\99_seasonTiming\04_RUA\top_speed\Race 10.pdf,2026-04-22 16:34:45,251,
RUA,R10,7,James Golding,,6,NaN,NaN,false,NaN,E:\2026\99_seasonTiming\04_RUA\top_speed\Race 10.pdf,2026-04-22 16:34:45,251,
RUA,R10,7,James Golding,,7,NaN,NaN,false,NaN,E:\2026\99_seasonTiming\04_RUA\top_speed\Race 10.pdf,2026-04-22 16:34:45,253,
RUA,R10,7,James Golding,,8,NaN,NaN,false,NaN,E:\2026\99_seasonTiming\04_RUA\top_speed\Race 10.pdf,2026-04-22 16:34:45,248,
RUA,R10,7,James Golding,,9,NaN,NaN,false,NaN,E:\2026\99_seasonTiming\04_RUA\top_speed\Race 10.pdf,2026-04-22 16:34:45,254,
RUA,R10,7,James Golding,,10,NaN,NaN,false,NaN,E:\2026\99_seasonTiming\04_RUA\top_speed\Race 10.pdf,2026-04-22 16:34:45,250,
RUA,R10,7,James Golding,,11,NaN,NaN,false,NaN,E:\2026\99_seasonTiming\04_RUA\top_speed\Race 10.pdf,2026-04-22 16:34:45,247,
RUA,R10,7,James Golding,,12,NaN,NaN,false,NaN,E:\2026\99_seasonTiming\04_RUA\top_speed\Race 10.pdf,2026-04-22 16:34:45,246,
RUA,R10,7,James Golding,,13,NaN,NaN,false,NaN,E:\2026\99_seasonTiming\04_RUA\top_speed\Race 10.pdf,2026-04-22 16:34:45,248,
RUA,R10,7,James Golding,,14,NaN,NaN,false,NaN,E:\2026\99_seasonTiming\04_RUA\top_speed\Race 10.pdf,2026-04-22 16:34:45,247,
RUA,R10,7,James Golding,,15,NaN,NaN,false,NaN,E:\2026\99_seasonTiming\04_RUA\top_speed\Race 10.pdf,2026-04-22 16:34:45,193,
RUA,R10,7,James Golding,,16,NaN,NaN,false,NaN,E:\2026\99_seasonTiming\04_RUA\top_speed\Race 10.pdf,2026-04-22 16:34:45,251,
RUA,R10,7,James Golding,,17,NaN,NaN,false,NaN,E:\2026\99_seasonTiming\04_RUA\top_speed\Race 10.pdf,2026-04-22 16:34:45,251,
RUA,R10,7,James Golding,,18,NaN,NaN,false,NaN,E:\2026\99_seasonTiming\04_RUA\top_speed\Race 10.pdf,2026-04-22 16:34:45,252,
RUA,R10,7,James Golding,,19,NaN,NaN,false,NaN,E:\2026\99_seasonTiming\04_RUA\top_speed\Race 10.pdf,2026-04-22 16:34:45,252,
RUA,R10,7,James Golding,,20,NaN,NaN,false,NaN,E:\2026\99_seasonTiming\04_RUA\top_speed\Race 10.pdf,2026-04-22 16:34:45,251,
RUA,R10,7,James Golding,,21,NaN,NaN,false,NaN,E:\2026\99_seasonTiming\04_RUA\top_speed\Race 10.pdf,2026-04-22 16:34:45,251,
RUA,R10,7,James Golding,,22,NaN,NaN,false,NaN,E:\2026\99_seasonTiming\04_RUA\top_speed\Race 10.pdf,2026-04-22 16:34:45,251,
RUA,R10,7,James Golding,,23,NaN,NaN,false,NaN,E:\2026\99_seasonTiming\04_RUA\top_speed\Race 10.pdf,2026-04-22 16:34:45,252,
RUA,R10,7,James Golding,,24,NaN,NaN,false,NaN,E:\2026\99_seasonTiming\04_RUA\top_speed\Race 10.pdf,2026-04-22 16:34:45,252,
RUA,R10,7,James Golding,,25,NaN,NaN,false,NaN,E:\2026\99_seasonTiming\04_RUA\top_speed\Race 10.pdf,2026-04-22 16:34:45,252,
RUA,R10,7,James Golding,,26,NaN,NaN,false,NaN,E:\2026\99_seasonTiming\04_RUA\top_speed\Race 10.pdf,2026-04-22 16:34:45,252,
RUA,R10,7,James Golding,,27,NaN,NaN,false,NaN,E:\2026\99_seasonTiming\04_RUA\top_speed\Race 10.pdf,2026-04-22 16:34:45,252,
RUA,R10,7,James Golding,,28,NaN,NaN,false,NaN,E:\2026\99_seasonTiming\04_RUA\top_speed\Race 10.pdf,2026-04-22 16:34:45,252,
RUA,R10,7,James Golding,,29,NaN,NaN,false,NaN,E:\2026\99_seasonTiming\04_RUA\top_speed\Race 10.pdf,2026-04-22 16:34:45,252,
RUA,R10,7,James Golding,,30,NaN,NaN,false,NaN,E:\2026\99_seasonTiming\04_RUA\top_speed\Race 10.pdf,2026-04-22 16:34:45,254,
RUA,R10,7,James Golding,,31,NaN,NaN,false,NaN,E:\2026\99_seasonTiming\04_RUA\top_speed\Race 10.pdf,2026-04-22 16:34:45,254,
RUA,R10,7,James Golding,,32,NaN,NaN,false,NaN,E:\2026\99_seasonTiming\04_RUA\top_speed\Race 10.pdf,2026-04-22 16:34:45,254,
RUA,R10,7,James Golding,,33,NaN,NaN,false,NaN,E:\2026\99_seasonTiming\04_RUA\top_speed\Race 10.pdf,2026-04-22 16:34:45,254,
RUA,R10,7,James Golding,,34,NaN,NaN,false,NaN,E:\2026\99_seasonTiming\04_RUA\top_speed\Race 10.pdf,2026-04-22 16:34:45,254,
RUA,R10,7,James Golding,,35,NaN,NaN,false,NaN,E:\2026\99_seasonTiming\04_RUA\top_speed\Race 10.pdf,2026-04-22 16:34:45,255,
RUA,R10,7,James Golding,,36,NaN,NaN,false,NaN,E:\2026\99_seasonTiming\04_RUA\top_speed\Race 10.pdf,2026-04-22 16:34:45,254,
RUA,R10,7,James Golding,,37,NaN,NaN,false,NaN,E:\2026\99_seasonTiming\04_RUA\top_speed\Race 10.pdf,2026-04-22 16:34:45,253,
RUA,R10,8,Andre Heimgartner,,1,NaN,NaN,false,NaN,E:\2026\99_seasonTiming\04_RUA\top_speed\Race 10.pdf,2026-04-22 16:34:45,205,
RUA,R10,8,Andre Heimgartner,,2,NaN,NaN,false,NaN,E:\2026\99_seasonTiming\04_RUA\top_speed\Race 10.pdf,2026-04-22 16:34:45,232,
RUA,R10,8,Andre Heimgartner,,3,NaN,NaN,false,NaN,E:\2026\99_seasonTiming\04_RUA\top_speed\Race 10.pdf,2026-04-22 16:34:45,243,
RUA,R10,8,Andre Heimgartner,,4,NaN,NaN,false,NaN,E:\2026\99_seasonTiming\04_RUA\top_speed\Race 10.pdf,2026-04-22 16:34:45,247,
RUA,R10,8,Andre Heimgartner,,5,NaN,NaN,false,NaN,E:\2026\99_seasonTiming\04_RUA\top_speed\Race 10.pdf,2026-04-22 16:34:45,238,
RUA,R10,8,Andre Heimgartner,,6,NaN,NaN,false,NaN,E:\2026\99_seasonTiming\04_RUA\top_speed\Race 10.pdf,2026-04-22 16:34:45,250,
RUA,R10,8,Andre Heimgartner,,7,NaN,NaN,false,NaN,E:\2026\99_seasonTiming\04_RUA\top_speed\Race 10.pdf,2026-04-22 16:34:45,252,
RUA,R10,8,Andre Heimgartner,,8,NaN,NaN,false,NaN,E:\2026\99_seasonTiming\04_RUA\top_speed\Race 10.pdf,2026-04-22 16:34:45,248,
RUA,R10,8,Andre Heimgartner,,9,NaN,NaN,false,NaN,E:\2026\99_seasonTiming\04_RUA\top_speed\Race 10.pdf,2026-04-22 16:34:45,252,
RUA,R10,8,Andre Heimgartner,,10,NaN,NaN,false,NaN,E:\2026\99_seasonTiming\04_RUA\top_speed\Race 10.pdf,2026-04-22 16:34:45,252,
RUA,R10,8,Andre Heimgartner,,11,NaN,NaN,false,NaN,E:\2026\99_seasonTiming\04_RUA\top_speed\Race 10.pdf,2026-04-22 16:34:45,251,
RUA,R10,8,Andre Heimgartner,,12,NaN,NaN,false,NaN,E:\2026\99_seasonTiming\04_RUA\top_speed\Race 10.pdf,2026-04-22 16:34:45,251,
RUA,R10,8,Andre Heimgartner,,13,NaN,NaN,false,NaN,E:\2026\99_seasonTiming\04_RUA\top_speed\Race 10.pdf,2026-04-22 16:34:45,250,
RUA,R10,8,Andre Heimgartner,,14,NaN,NaN,false,NaN,E:\2026\99_seasonTiming\04_RUA\top_speed\Race 10.pdf,2026-04-22 16:34:45,250,
RUA,R10,8,Andre Heimgartner,,15,NaN,NaN,false,NaN,E:\2026\99_seasonTiming\04_RUA\top_speed\Race 10.pdf,2026-04-22 16:34:45,251,
RUA,R10,8,Andre Heimgartner,,16,NaN,NaN,false,NaN,E:\2026\99_seasonTiming\04_RUA\top_speed\Race 10.pdf,2026-04-22 16:34:45,252,
RUA,R10,8,Andre Heimgartner,,17,NaN,NaN,false,NaN,E:\2026\99_seasonTiming\04_RUA\top_speed\Race 10.pdf,2026-04-22 16:34:45,251,
RUA,R10,8,Andre Heimgartner,,18,NaN,NaN,false,NaN,E:\2026\99_seasonTiming\04_RUA\top_speed\Race 10.pdf,2026-04-22 16:34:45,253,
RUA,R10,8,Andre Heimgartner,,19,NaN,NaN,false,NaN,E:\2026\99_seasonTiming\04_RUA\top_speed\Race 10.pdf,2026-04-22 16:34:45,252,
RUA,R10,8,Andre Heimgartner,,20,NaN,NaN,false,NaN,E:\2026\99_seasonTiming\04_RUA\top_speed\Race 10.pdf,2026-04-22 16:34:45,252,
RUA,R10,8,Andre Heimgartner,,21,NaN,NaN,false,NaN,E:\2026\99_seasonTiming\04_RUA\top_speed\Race 10.pdf,2026-04-22 16:34:45,250,
RUA,R10,8,Andre Heimgartner,,22,NaN,NaN,false,NaN,E:\2026\99_seasonTiming\04_RUA\top_speed\Race 10.pdf,2026-04-22 16:34:45,250,
RUA,R10,8,Andre Heimgartner,,23,NaN,NaN,false,NaN,E:\2026\99_seasonTiming\04_RUA\top_speed\Race 10.pdf,2026-04-22 16:34:45,248,
RUA,R10,8,Andre Heimgartner,,24,NaN,NaN,false,NaN,E:\2026\99_seasonTiming\04_RUA\top_speed\Race 10.pdf,2026-04-22 16:34:45,191,
RUA,R10,8,Andre Heimgartner,,25,NaN,NaN,false,NaN,E:\2026\99_seasonTiming\04_RUA\top_speed\Race 10.pdf,2026-04-22 16:34:45,251,
RUA,R10,8,Andre Heimgartner,,26,NaN,NaN,false,NaN,E:\2026\99_seasonTiming\04_RUA\top_speed\Race 10.pdf,2026-04-22 16:34:45,251,
RUA,R10,8,Andre Heimgartner,,27,NaN,NaN,false,NaN,E:\2026\99_seasonTiming\04_RUA\top_speed\Race 10.pdf,2026-04-22 16:34:45,251,
RUA,R10,8,Andre Heimgartner,,28,NaN,NaN,false,NaN,E:\2026\99_seasonTiming\04_RUA\top_speed\Race 10.pdf,2026-04-22 16:34:45,249,
RUA,R10,8,Andre Heimgartner,,29,NaN,NaN,false,NaN,E:\2026\99_seasonTiming\04_RUA\top_speed\Race 10.pdf,2026-04-22 16:34:45,249,
RUA,R10,8,Andre Heimgartner,,30,NaN,NaN,false,NaN,E:\2026\99_seasonTiming\04_RUA\top_speed\Race 10.pdf,2026-04-22 16:34:45,251,
RUA,R10,8,Andre Heimgartner,,31,NaN,NaN,false,NaN,E:\2026\99_seasonTiming\04_RUA\top_speed\Race 10.pdf,2026-04-22 16:34:45,251,
RUA,R10,8,Andre Heimgartner,,32,NaN,NaN,false,NaN,E:\2026\99_seasonTiming\04_RUA\top_speed\Race 10.pdf,2026-04-22 16:34:45,250,
RUA,R10,8,Andre Heimgartner,,33,NaN,NaN,false,NaN,E:\2026\99_seasonTiming\04_RUA\top_speed\Race 10.pdf,2026-04-22 16:34:45,253,
RUA,R10,8,Andre Heimgartner,,34,NaN,NaN,false,NaN,E:\2026\99_seasonTiming\04_RUA\top_speed\Race 10.pdf,2026-04-22 16:34:45,252,
RUA,R10,8,Andre Heimgartner,,35,NaN,NaN,false,NaN,E:\2026\99_seasonTiming\04_RUA\top_speed\Race 10.pdf,2026-04-22 16:34:45,253,
RUA,R10,8,Andre Heimgartner,,36,NaN,NaN,false,NaN,E:\2026\99_seasonTiming\04_RUA\top_speed\Race 10.pdf,2026-04-22 16:34:45,252,
RUA,R10,8,Andre Heimgartner,,37,NaN,NaN,false,NaN,E:\2026\99_seasonTiming\04_RUA\top_speed\Race 10.pdf,2026-04-22 16:34:45,253,
RUA,R10,9,Jobe Stewart,,1,NaN,NaN,false,NaN,E:\2026\99_seasonTiming\04_RUA\top_speed\Race 10.pdf,2026-04-22 16:34:45,209,
RUA,R10,9,Jobe Stewart,,2,NaN,NaN,false,NaN,E:\2026\99_seasonTiming\04_RUA\top_speed\Race 10.pdf,2026-04-22 16:34:45,241,
RUA,R10,9,Jobe Stewart,,3,NaN,NaN,false,NaN,E:\2026\99_seasonTiming\04_RUA\top_speed\Race 10.pdf,2026-04-22 16:34:45,245,
RUA,R10,9,Jobe Stewart,,4,NaN,NaN,false,NaN,E:\2026\99_seasonTiming\04_RUA\top_speed\Race 10.pdf,2026-04-22 16:34:45,249,
RUA,R10,9,Jobe Stewart,,5,NaN,NaN,false,NaN,E:\2026\99_seasonTiming\04_RUA\top_speed\Race 10.pdf,2026-04-22 16:34:45,249,
RUA,R10,9,Jobe Stewart,,6,NaN,NaN,false,NaN,E:\2026\99_seasonTiming\04_RUA\top_speed\Race 10.pdf,2026-04-22 16:34:45,251,
RUA,R10,9,Jobe Stewart,,7,NaN,NaN,false,NaN,E:\2026\99_seasonTiming\04_RUA\top_speed\Race 10.pdf,2026-04-22 16:34:45,251,
RUA,R10,9,Jobe Stewart,,8,NaN,NaN,false,NaN,E:\2026\99_seasonTiming\04_RUA\top_speed\Race 10.pdf,2026-04-22 16:34:45,250,
RUA,R10,9,Jobe Stewart,,9,NaN,NaN,false,NaN,E:\2026\99_seasonTiming\04_RUA\top_speed\Race 10.pdf,2026-04-22 16:34:45,250,
RUA,R10,9,Jobe Stewart,,10,NaN,NaN,false,NaN,E:\2026\99_seasonTiming\04_RUA\top_speed\Race 10.pdf,2026-04-22 16:34:45,250,
RUA,R10,9,Jobe Stewart,,11,NaN,NaN,false,NaN,E:\2026\99_seasonTiming\04_RUA\top_speed\Race 10.pdf,2026-04-22 16:34:45,249,
RUA,R10,9,Jobe Stewart,,12,NaN,NaN,false,NaN,E:\2026\99_seasonTiming\04_RUA\top_speed\Race 10.pdf,2026-04-22 16:34:45,248,
RUA,R10,9,Jobe Stewart,,13,NaN,NaN,false,NaN,E:\2026\99_seasonTiming\04_RUA\top_speed\Race 10.pdf,2026-04-22 16:34:45,249,
RUA,R10,9,Jobe Stewart,,14,NaN,NaN,false,NaN,E:\2026\99_seasonTiming\04_RUA\top_speed\Race 10.pdf,2026-04-22 16:34:45,248,
RUA,R10,9,Jobe Stewart,,15,NaN,NaN,false,NaN,E:\2026\99_seasonTiming\04_RUA\top_speed\Race 10.pdf,2026-04-22 16:34:45,248,
RUA,R10,9,Jobe Stewart,,16,NaN,NaN,false,NaN,E:\2026\99_seasonTiming\04_RUA\top_speed\Race 10.pdf,2026-04-22 16:34:45,249,
RUA,R10,9,Jobe Stewart,,17,NaN,NaN,false,NaN,E:\2026\99_seasonTiming\04_RUA\top_speed\Race 10.pdf,2026-04-22 16:34:45,250,
RUA,R10,9,Jobe Stewart,,18,NaN,NaN,false,NaN,E:\2026\99_seasonTiming\04_RUA\top_speed\Race 10.pdf,2026-04-22 16:34:45,249,
RUA,R10,9,Jobe Stewart,,19,NaN,NaN,false,NaN,E:\2026\99_seasonTiming\04_RUA\top_speed\Race 10.pdf,2026-04-22 16:34:45,250,
RUA,R10,9,Jobe Stewart,,20,NaN,NaN,false,NaN,E:\2026\99_seasonTiming\04_RUA\top_speed\Race 10.pdf,2026-04-22 16:34:45,189,
RUA,R10,9,Jobe Stewart,,21,NaN,NaN,false,NaN,E:\2026\99_seasonTiming\04_RUA\top_speed\Race 10.pdf,2026-04-22 16:34:45,252,
RUA,R10,9,Jobe Stewart,,22,NaN,NaN,false,NaN,E:\2026\99_seasonTiming\04_RUA\top_speed\Race 10.pdf,2026-04-22 16:34:45,244,
RUA,R10,9,Jobe Stewart,,23,NaN,NaN,false,NaN,E:\2026\99_seasonTiming\04_RUA\top_speed\Race 10.pdf,2026-04-22 16:34:45,249,
RUA,R10,9,Jobe Stewart,,24,NaN,NaN,false,NaN,E:\2026\99_seasonTiming\04_RUA\top_speed\Race 10.pdf,2026-04-22 16:34:45,250,
RUA,R10,9,Jobe Stewart,,25,NaN,NaN,false,NaN,E:\2026\99_seasonTiming\04_RUA\top_speed\Race 10.pdf,2026-04-22 16:34:45,250,
RUA,R10,9,Jobe Stewart,,26,NaN,NaN,false,NaN,E:\2026\99_seasonTiming\04_RUA\top_speed\Race 10.pdf,2026-04-22 16:34:45,250,
RUA,R10,9,Jobe Stewart,,27,NaN,NaN,false,NaN,E:\2026\99_seasonTiming\04_RUA\top_speed\Race 10.pdf,2026-04-22 16:34:45,251,
RUA,R10,9,Jobe Stewart,,28,NaN,NaN,false,NaN,E:\2026\99_seasonTiming\04_RUA\top_speed\Race 10.pdf,2026-04-22 16:34:45,250,
RUA,R10,9,Jobe Stewart,,29,NaN,NaN,false,NaN,E:\2026\99_seasonTiming\04_RUA\top_speed\Race 10.pdf,2026-04-22 16:34:45,250,
RUA,R10,9,Jobe Stewart,,30,NaN,NaN,false,NaN,E:\2026\99_seasonTiming\04_RUA\top_speed\Race 10.pdf,2026-04-22 16:34:45,252,
RUA,R10,9,Jobe Stewart,,31,NaN,NaN,false,NaN,E:\2026\99_seasonTiming\04_RUA\top_speed\Race 10.pdf,2026-04-22 16:34:45,251,
RUA,R10,9,Jobe Stewart,,32,NaN,NaN,false,NaN,E:\2026\99_seasonTiming\04_RUA\top_speed\Race 10.pdf,2026-04-22 16:34:45,251,
RUA,R10,9,Jobe Stewart,,33,NaN,NaN,false,NaN,E:\2026\99_seasonTiming\04_RUA\top_speed\Race 10.pdf,2026-04-22 16:34:45,252,
RUA,R10,9,Jobe Stewart,,34,NaN,NaN,false,NaN,E:\2026\99_seasonTiming\04_RUA\top_speed\Race 10.pdf,2026-04-22 16:34:45,252,
RUA,R10,9,Jobe Stewart,,35,NaN,NaN,false,NaN,E:\2026\99_seasonTiming\04_RUA\top_speed\Race 10.pdf,2026-04-22 16:34:45,252,
RUA,R10,9,Jobe Stewart,,36,NaN,NaN,false,NaN,E:\2026\99_seasonTiming\04_RUA\top_speed\Race 10.pdf,2026-04-22 16:34:45,251,
RUA,R10,9,Jobe Stewart,,37,NaN,NaN,false,NaN,E:\2026\99_seasonTiming\04_RUA\top_speed\Race 10.pdf,2026-04-22 16:34:45,251,
RUA,R10,10,Zach Bates,,1,NaN,NaN,false,NaN,E:\2026\99_seasonTiming\04_RUA\top_speed\Race 10.pdf,2026-04-22 16:34:45,195,
RUA,R10,10,Zach Bates,,2,NaN,NaN,false,NaN,E:\2026\99_seasonTiming\04_RUA\top_speed\Race 10.pdf,2026-04-22 16:34:45,235,
RUA,R10,10,Zach Bates,,3,NaN,NaN,false,NaN,E:\2026\99_seasonTiming\04_RUA\top_speed\Race 10.pdf,2026-04-22 16:34:45,244,
RUA,R10,10,Zach Bates,,4,NaN,NaN,false,NaN,E:\2026\99_seasonTiming\04_RUA\top_speed\Race 10.pdf,2026-04-22 16:34:45,244,
RUA,R10,10,Zach Bates,,5,NaN,NaN,false,NaN,E:\2026\99_seasonTiming\04_RUA\top_speed\Race 10.pdf,2026-04-22 16:34:45,243,
RUA,R10,10,Zach Bates,,6,NaN,NaN,false,NaN,E:\2026\99_seasonTiming\04_RUA\top_speed\Race 10.pdf,2026-04-22 16:34:45,255,
RUA,R10,10,Zach Bates,,7,NaN,NaN,false,NaN,E:\2026\99_seasonTiming\04_RUA\top_speed\Race 10.pdf,2026-04-22 16:34:45,252,
RUA,R10,10,Zach Bates,,8,NaN,NaN,false,NaN,E:\2026\99_seasonTiming\04_RUA\top_speed\Race 10.pdf,2026-04-22 16:34:45,252,
RUA,R10,10,Zach Bates,,9,NaN,NaN,false,NaN,E:\2026\99_seasonTiming\04_RUA\top_speed\Race 10.pdf,2026-04-22 16:34:45,253,
RUA,R10,10,Zach Bates,,10,NaN,NaN,false,NaN,E:\2026\99_seasonTiming\04_RUA\top_speed\Race 10.pdf,2026-04-22 16:34:45,253,
RUA,R10,10,Zach Bates,,11,NaN,NaN,false,NaN,E:\2026\99_seasonTiming\04_RUA\top_speed\Race 10.pdf,2026-04-22 16:34:45,253,
RUA,R10,10,Zach Bates,,12,NaN,NaN,false,NaN,E:\2026\99_seasonTiming\04_RUA\top_speed\Race 10.pdf,2026-04-22 16:34:45,251,
RUA,R10,10,Zach Bates,,13,NaN,NaN,false,NaN,E:\2026\99_seasonTiming\04_RUA\top_speed\Race 10.pdf,2026-04-22 16:34:45,251,
RUA,R10,10,Zach Bates,,14,NaN,NaN,false,NaN,E:\2026\99_seasonTiming\04_RUA\top_speed\Race 10.pdf,2026-04-22 16:34:45,251,
RUA,R10,10,Zach Bates,,15,NaN,NaN,false,NaN,E:\2026\99_seasonTiming\04_RUA\top_speed\Race 10.pdf,2026-04-22 16:34:45,252,
RUA,R10,10,Zach Bates,,16,NaN,NaN,false,NaN,E:\2026\99_seasonTiming\04_RUA\top_speed\Race 10.pdf,2026-04-22 16:34:45,253,
RUA,R10,10,Zach Bates,,17,NaN,NaN,false,NaN,E:\2026\99_seasonTiming\04_RUA\top_speed\Race 10.pdf,2026-04-22 16:34:45,193,
RUA,R10,10,Zach Bates,,18,NaN,NaN,false,NaN,E:\2026\99_seasonTiming\04_RUA\top_speed\Race 10.pdf,2026-04-22 16:34:45,250,
RUA,R10,10,Zach Bates,,19,NaN,NaN,false,NaN,E:\2026\99_seasonTiming\04_RUA\top_speed\Race 10.pdf,2026-04-22 16:34:45,250,
RUA,R10,10,Zach Bates,,20,NaN,NaN,false,NaN,E:\2026\99_seasonTiming\04_RUA\top_speed\Race 10.pdf,2026-04-22 16:34:45,251,
RUA,R10,10,Zach Bates,,21,NaN,NaN,false,NaN,E:\2026\99_seasonTiming\04_RUA\top_speed\Race 10.pdf,2026-04-22 16:34:45,250,
RUA,R10,10,Zach Bates,,22,NaN,NaN,false,NaN,E:\2026\99_seasonTiming\04_RUA\top_speed\Race 10.pdf,2026-04-22 16:34:45,249,
RUA,R10,10,Zach Bates,,23,NaN,NaN,false,NaN,E:\2026\99_seasonTiming\04_RUA\top_speed\Race 10.pdf,2026-04-22 16:34:45,251,
RUA,R10,10,Zach Bates,,24,NaN,NaN,false,NaN,E:\2026\99_seasonTiming\04_RUA\top_speed\Race 10.pdf,2026-04-22 16:34:45,252,
RUA,R10,10,Zach Bates,,25,NaN,NaN,false,NaN,E:\2026\99_seasonTiming\04_RUA\top_speed\Race 10.pdf,2026-04-22 16:34:45,253,
RUA,R10,10,Zach Bates,,26,NaN,NaN,false,NaN,E:\2026\99_seasonTiming\04_RUA\top_speed\Race 10.pdf,2026-04-22 16:34:45,252,
RUA,R10,10,Zach Bates,,27,NaN,NaN,false,NaN,E:\2026\99_seasonTiming\04_RUA\top_speed\Race 10.pdf,2026-04-22 16:34:45,252,
RUA,R10,10,Zach Bates,,28,NaN,NaN,false,NaN,E:\2026\99_seasonTiming\04_RUA\top_speed\Race 10.pdf,2026-04-22 16:34:45,251,
RUA,R10,10,Zach Bates,,29,NaN,NaN,false,NaN,E:\2026\99_seasonTiming\04_RUA\top_speed\Race 10.pdf,2026-04-22 16:34:45,252,
RUA,R10,10,Zach Bates,,30,NaN,NaN,false,NaN,E:\2026\99_seasonTiming\04_RUA\top_speed\Race 10.pdf,2026-04-22 16:34:45,252,
RUA,R10,10,Zach Bates,,31,NaN,NaN,false,NaN,E:\2026\99_seasonTiming\04_RUA\top_speed\Race 10.pdf,2026-04-22 16:34:45,253,
RUA,R10,10,Zach Bates,,32,NaN,NaN,false,NaN,E:\2026\99_seasonTiming\04_RUA\top_speed\Race 10.pdf,2026-04-22 16:34:45,253,
RUA,R10,10,Zach Bates,,33,NaN,NaN,false,NaN,E:\2026\99_seasonTiming\04_RUA\top_speed\Race 10.pdf,2026-04-22 16:34:45,252,
RUA,R10,10,Zach Bates,,34,NaN,NaN,false,NaN,E:\2026\99_seasonTiming\04_RUA\top_speed\Race 10.pdf,2026-04-22 16:34:45,253,
RUA,R10,10,Zach Bates,,35,NaN,NaN,false,NaN,E:\2026\99_seasonTiming\04_RUA\top_speed\Race 10.pdf,2026-04-22 16:34:45,253,
RUA,R10,10,Zach Bates,,36,NaN,NaN,false,NaN,E:\2026\99_seasonTiming\04_RUA\top_speed\Race 10.pdf,2026-04-22 16:34:45,250,
RUA,R10,10,Zach Bates,,37,NaN,NaN,false,NaN,E:\2026\99_seasonTiming\04_RUA\top_speed\Race 10.pdf,2026-04-22 16:34:45,251,
RUA,R10,11,Jackson Walls,,1,NaN,NaN,false,NaN,E:\2026\99_seasonTiming\04_RUA\top_speed\Race 10.pdf,2026-04-22 16:34:45,209,
RUA,R10,11,Jackson Walls,,2,NaN,NaN,false,NaN,E:\2026\99_seasonTiming\04_RUA\top_speed\Race 10.pdf,2026-04-22 16:34:45,214,
RUA,R10,11,Jackson Walls,,3,NaN,NaN,false,NaN,E:\2026\99_seasonTiming\04_RUA\top_speed\Race 10.pdf,2026-04-22 16:34:45,247,
RUA,R10,11,Jackson Walls,,4,NaN,NaN,false,NaN,E:\2026\99_seasonTiming\04_RUA\top_speed\Race 10.pdf,2026-04-22 16:34:45,251,
RUA,R10,11,Jackson Walls,,5,NaN,NaN,false,NaN,E:\2026\99_seasonTiming\04_RUA\top_speed\Race 10.pdf,2026-04-22 16:34:45,244,
RUA,R10,11,Jackson Walls,,6,NaN,NaN,false,NaN,E:\2026\99_seasonTiming\04_RUA\top_speed\Race 10.pdf,2026-04-22 16:34:45,239,
RUA,R10,11,Jackson Walls,,7,NaN,NaN,false,NaN,E:\2026\99_seasonTiming\04_RUA\top_speed\Race 10.pdf,2026-04-22 16:34:45,251,
RUA,R10,11,Jackson Walls,,8,NaN,NaN,false,NaN,E:\2026\99_seasonTiming\04_RUA\top_speed\Race 10.pdf,2026-04-22 16:34:45,245,
RUA,R10,11,Jackson Walls,,9,NaN,NaN,false,NaN,E:\2026\99_seasonTiming\04_RUA\top_speed\Race 10.pdf,2026-04-22 16:34:45,250,
RUA,R10,11,Jackson Walls,,10,NaN,NaN,false,NaN,E:\2026\99_seasonTiming\04_RUA\top_speed\Race 10.pdf,2026-04-22 16:34:45,247,
RUA,R10,11,Jackson Walls,,11,NaN,NaN,false,NaN,E:\2026\99_seasonTiming\04_RUA\top_speed\Race 10.pdf,2026-04-22 16:34:45,249,
RUA,R10,11,Jackson Walls,,12,NaN,NaN,false,NaN,E:\2026\99_seasonTiming\04_RUA\top_speed\Race 10.pdf,2026-04-22 16:34:45,248,
RUA,R10,11,Jackson Walls,,13,NaN,NaN,false,NaN,E:\2026\99_seasonTiming\04_RUA\top_speed\Race 10.pdf,2026-04-22 16:34:45,246,
RUA,R10,11,Jackson Walls,,14,NaN,NaN,false,NaN,E:\2026\99_seasonTiming\04_RUA\top_speed\Race 10.pdf,2026-04-22 16:34:45,246,
RUA,R10,11,Jackson Walls,,15,NaN,NaN,false,NaN,E:\2026\99_seasonTiming\04_RUA\top_speed\Race 10.pdf,2026-04-22 16:34:45,249,
RUA,R10,11,Jackson Walls,,16,NaN,NaN,false,NaN,E:\2026\99_seasonTiming\04_RUA\top_speed\Race 10.pdf,2026-04-22 16:34:45,248,
RUA,R10,11,Jackson Walls,,17,NaN,NaN,false,NaN,E:\2026\99_seasonTiming\04_RUA\top_speed\Race 10.pdf,2026-04-22 16:34:45,247,
RUA,R10,11,Jackson Walls,,18,NaN,NaN,false,NaN,E:\2026\99_seasonTiming\04_RUA\top_speed\Race 10.pdf,2026-04-22 16:34:45,247,
RUA,R10,11,Jackson Walls,,19,NaN,NaN,false,NaN,E:\2026\99_seasonTiming\04_RUA\top_speed\Race 10.pdf,2026-04-22 16:34:45,246,
RUA,R10,11,Jackson Walls,,20,NaN,NaN,false,NaN,E:\2026\99_seasonTiming\04_RUA\top_speed\Race 10.pdf,2026-04-22 16:34:45,189,
RUA,R10,11,Jackson Walls,,21,NaN,NaN,false,NaN,E:\2026\99_seasonTiming\04_RUA\top_speed\Race 10.pdf,2026-04-22 16:34:45,243,
RUA,R10,11,Jackson Walls,,22,NaN,NaN,false,NaN,E:\2026\99_seasonTiming\04_RUA\top_speed\Race 10.pdf,2026-04-22 16:34:45,250,
RUA,R10,11,Jackson Walls,,23,NaN,NaN,false,NaN,E:\2026\99_seasonTiming\04_RUA\top_speed\Race 10.pdf,2026-04-22 16:34:45,248,
RUA,R10,11,Jackson Walls,,24,NaN,NaN,false,NaN,E:\2026\99_seasonTiming\04_RUA\top_speed\Race 10.pdf,2026-04-22 16:34:45,244,
RUA,R10,11,Jackson Walls,,25,NaN,NaN,false,NaN,E:\2026\99_seasonTiming\04_RUA\top_speed\Race 10.pdf,2026-04-22 16:34:45,243,
RUA,R10,11,Jackson Walls,,26,NaN,NaN,false,NaN,E:\2026\99_seasonTiming\04_RUA\top_speed\Race 10.pdf,2026-04-22 16:34:45,251,
RUA,R10,11,Jackson Walls,,27,NaN,NaN,false,NaN,E:\2026\99_seasonTiming\04_RUA\top_speed\Race 10.pdf,2026-04-22 16:34:45,250,
RUA,R10,11,Jackson Walls,,28,NaN,NaN,false,NaN,E:\2026\99_seasonTiming\04_RUA\top_speed\Race 10.pdf,2026-04-22 16:34:45,244,
RUA,R10,11,Jackson Walls,,29,NaN,NaN,false,NaN,E:\2026\99_seasonTiming\04_RUA\top_speed\Race 10.pdf,2026-04-22 16:34:45,234,
RUA,R10,11,Jackson Walls,,30,NaN,NaN,false,NaN,E:\2026\99_seasonTiming\04_RUA\top_speed\Race 10.pdf,2026-04-22 16:34:45,233,
RUA,R10,11,Jackson Walls,,31,NaN,NaN,false,NaN,E:\2026\99_seasonTiming\04_RUA\top_speed\Race 10.pdf,2026-04-22 16:34:45,245,
RUA,R10,11,Jackson Walls,,32,NaN,NaN,false,NaN,E:\2026\99_seasonTiming\04_RUA\top_speed\Race 10.pdf,2026-04-22 16:34:45,248,
RUA,R10,11,Jackson Walls,,33,NaN,NaN,false,NaN,E:\2026\99_seasonTiming\04_RUA\top_speed\Race 10.pdf,2026-04-22 16:34:45,251,
RUA,R10,11,Jackson Walls,,34,NaN,NaN,false,NaN,E:\2026\99_seasonTiming\04_RUA\top_speed\Race 10.pdf,2026-04-22 16:34:45,243,
RUA,R10,11,Jackson Walls,,35,NaN,NaN,false,NaN,E:\2026\99_seasonTiming\04_RUA\top_speed\Race 10.pdf,2026-04-22 16:34:45,241,
RUA,R10,11,Jackson Walls,,36,NaN,NaN,false,NaN,E:\2026\99_seasonTiming\04_RUA\top_speed\Race 10.pdf,2026-04-22 16:34:45,239,
RUA,R10,11,Jackson Walls,,37,NaN,NaN,false,NaN,E:\2026\99_seasonTiming\04_RUA\top_speed\Race 10.pdf,2026-04-22 16:34:45,244,
RUA,R10,14,Cameron Hill,,1,NaN,NaN,false,NaN,E:\2026\99_seasonTiming\04_RUA\top_speed\Race 10.pdf,2026-04-22 16:34:45,99,
RUA,R10,14,Cameron Hill,,2,NaN,NaN,false,NaN,E:\2026\99_seasonTiming\04_RUA\top_speed\Race 10.pdf,2026-04-22 16:34:45,131,
RUA,R10,14,Cameron Hill,,3,NaN,NaN,false,NaN,E:\2026\99_seasonTiming\04_RUA\top_speed\Race 10.pdf,2026-04-22 16:34:45,185,
RUA,R10,14,Cameron Hill,,4,NaN,NaN,false,NaN,E:\2026\99_seasonTiming\04_RUA\top_speed\Race 10.pdf,2026-04-22 16:34:45,249,
RUA,R10,14,Cameron Hill,,5,NaN,NaN,false,NaN,E:\2026\99_seasonTiming\04_RUA\top_speed\Race 10.pdf,2026-04-22 16:34:45,250,
RUA,R10,17,Brodie Kostecki,,1,NaN,NaN,false,NaN,E:\2026\99_seasonTiming\04_RUA\top_speed\Race 10.pdf,2026-04-22 16:34:45,200,
RUA,R10,17,Brodie Kostecki,,2,NaN,NaN,false,NaN,E:\2026\99_seasonTiming\04_RUA\top_speed\Race 10.pdf,2026-04-22 16:34:45,250,
RUA,R10,17,Brodie Kostecki,,3,NaN,NaN,false,NaN,E:\2026\99_seasonTiming\04_RUA\top_speed\Race 10.pdf,2026-04-22 16:34:45,250,
RUA,R10,17,Brodie Kostecki,,4,NaN,NaN,false,NaN,E:\2026\99_seasonTiming\04_RUA\top_speed\Race 10.pdf,2026-04-22 16:34:45,251,
RUA,R10,17,Brodie Kostecki,,5,NaN,NaN,false,NaN,E:\2026\99_seasonTiming\04_RUA\top_speed\Race 10.pdf,2026-04-22 16:34:45,251,
RUA,R10,17,Brodie Kostecki,,6,NaN,NaN,false,NaN,E:\2026\99_seasonTiming\04_RUA\top_speed\Race 10.pdf,2026-04-22 16:34:45,251,
RUA,R10,17,Brodie Kostecki,,7,NaN,NaN,false,NaN,E:\2026\99_seasonTiming\04_RUA\top_speed\Race 10.pdf,2026-04-22 16:34:45,251,
RUA,R10,17,Brodie Kostecki,,8,NaN,NaN,false,NaN,E:\2026\99_seasonTiming\04_RUA\top_speed\Race 10.pdf,2026-04-22 16:34:45,251,
RUA,R10,17,Brodie Kostecki,,9,NaN,NaN,false,NaN,E:\2026\99_seasonTiming\04_RUA\top_speed\Race 10.pdf,2026-04-22 16:34:45,252,
RUA,R10,17,Brodie Kostecki,,10,NaN,NaN,false,NaN,E:\2026\99_seasonTiming\04_RUA\top_speed\Race 10.pdf,2026-04-22 16:34:45,251,
RUA,R10,17,Brodie Kostecki,,11,NaN,NaN,false,NaN,E:\2026\99_seasonTiming\04_RUA\top_speed\Race 10.pdf,2026-04-22 16:34:45,250,
RUA,R10,17,Brodie Kostecki,,12,NaN,NaN,false,NaN,E:\2026\99_seasonTiming\04_RUA\top_speed\Race 10.pdf,2026-04-22 16:34:45,249,
RUA,R10,17,Brodie Kostecki,,13,NaN,NaN,false,NaN,E:\2026\99_seasonTiming\04_RUA\top_speed\Race 10.pdf,2026-04-22 16:34:45,250,
RUA,R10,17,Brodie Kostecki,,14,NaN,NaN,false,NaN,E:\2026\99_seasonTiming\04_RUA\top_speed\Race 10.pdf,2026-04-22 16:34:45,249,
RUA,R10,17,Brodie Kostecki,,15,NaN,NaN,false,NaN,E:\2026\99_seasonTiming\04_RUA\top_speed\Race 10.pdf,2026-04-22 16:34:45,250,
RUA,R10,17,Brodie Kostecki,,16,NaN,NaN,false,NaN,E:\2026\99_seasonTiming\04_RUA\top_speed\Race 10.pdf,2026-04-22 16:34:45,251,
RUA,R10,17,Brodie Kostecki,,17,NaN,NaN,false,NaN,E:\2026\99_seasonTiming\04_RUA\top_speed\Race 10.pdf,2026-04-22 16:34:45,251,
RUA,R10,17,Brodie Kostecki,,18,NaN,NaN,false,NaN,E:\2026\99_seasonTiming\04_RUA\top_speed\Race 10.pdf,2026-04-22 16:34:45,252,
RUA,R10,17,Brodie Kostecki,,19,NaN,NaN,false,NaN,E:\2026\99_seasonTiming\04_RUA\top_speed\Race 10.pdf,2026-04-22 16:34:45,252,
RUA,R10,17,Brodie Kostecki,,20,NaN,NaN,false,NaN,E:\2026\99_seasonTiming\04_RUA\top_speed\Race 10.pdf,2026-04-22 16:34:45,251,
RUA,R10,17,Brodie Kostecki,,21,NaN,NaN,false,NaN,E:\2026\99_seasonTiming\04_RUA\top_speed\Race 10.pdf,2026-04-22 16:34:45,251,
RUA,R10,17,Brodie Kostecki,,22,NaN,NaN,false,NaN,E:\2026\99_seasonTiming\04_RUA\top_speed\Race 10.pdf,2026-04-22 16:34:45,194,
RUA,R10,17,Brodie Kostecki,,23,NaN,NaN,false,NaN,E:\2026\99_seasonTiming\04_RUA\top_speed\Race 10.pdf,2026-04-22 16:34:45,251,
RUA,R10,17,Brodie Kostecki,,24,NaN,NaN,false,NaN,E:\2026\99_seasonTiming\04_RUA\top_speed\Race 10.pdf,2026-04-22 16:34:45,251,
RUA,R10,17,Brodie Kostecki,,25,NaN,NaN,false,NaN,E:\2026\99_seasonTiming\04_RUA\top_speed\Race 10.pdf,2026-04-22 16:34:45,252,
RUA,R10,17,Brodie Kostecki,,26,NaN,NaN,false,NaN,E:\2026\99_seasonTiming\04_RUA\top_speed\Race 10.pdf,2026-04-22 16:34:45,252,
RUA,R10,17,Brodie Kostecki,,27,NaN,NaN,false,NaN,E:\2026\99_seasonTiming\04_RUA\top_speed\Race 10.pdf,2026-04-22 16:34:45,252,
RUA,R10,17,Brodie Kostecki,,28,NaN,NaN,false,NaN,E:\2026\99_seasonTiming\04_RUA\top_speed\Race 10.pdf,2026-04-22 16:34:45,253,
RUA,R10,17,Brodie Kostecki,,29,NaN,NaN,false,NaN,E:\2026\99_seasonTiming\04_RUA\top_speed\Race 10.pdf,2026-04-22 16:34:45,253,
RUA,R10,17,Brodie Kostecki,,30,NaN,NaN,false,NaN,E:\2026\99_seasonTiming\04_RUA\top_speed\Race 10.pdf,2026-04-22 16:34:45,253,
RUA,R10,17,Brodie Kostecki,,31,NaN,NaN,false,NaN,E:\2026\99_seasonTiming\04_RUA\top_speed\Race 10.pdf,2026-04-22 16:34:45,255,
RUA,R10,17,Brodie Kostecki,,32,NaN,NaN,false,NaN,E:\2026\99_seasonTiming\04_RUA\top_speed\Race 10.pdf,2026-04-22 16:34:45,256,
RUA,R10,17,Brodie Kostecki,,33,NaN,NaN,false,NaN,E:\2026\99_seasonTiming\04_RUA\top_speed\Race 10.pdf,2026-04-22 16:34:45,255,
RUA,R10,17,Brodie Kostecki,,34,NaN,NaN,false,NaN,E:\2026\99_seasonTiming\04_RUA\top_speed\Race 10.pdf,2026-04-22 16:34:45,253,
RUA,R10,17,Brodie Kostecki,,35,NaN,NaN,false,NaN,E:\2026\99_seasonTiming\04_RUA\top_speed\Race 10.pdf,2026-04-22 16:34:45,253,
RUA,R10,17,Brodie Kostecki,,36,NaN,NaN,false,NaN,E:\2026\99_seasonTiming\04_RUA\top_speed\Race 10.pdf,2026-04-22 16:34:45,256,
RUA,R10,17,Brodie Kostecki,,37,NaN,NaN,false,NaN,E:\2026\99_seasonTiming\04_RUA\top_speed\Race 10.pdf,2026-04-22 16:34:45,256,
RUA,R10,18,Anton De Pasquale,,1,NaN,NaN,false,NaN,E:\2026\99_seasonTiming\04_RUA\top_speed\Race 10.pdf,2026-04-22 16:34:45,202,
RUA,R10,18,Anton De Pasquale,,2,NaN,NaN,false,NaN,E:\2026\99_seasonTiming\04_RUA\top_speed\Race 10.pdf,2026-04-22 16:34:45,242,
RUA,R10,18,Anton De Pasquale,,3,NaN,NaN,false,NaN,E:\2026\99_seasonTiming\04_RUA\top_speed\Race 10.pdf,2026-04-22 16:34:45,249,
RUA,R10,18,Anton De Pasquale,,4,NaN,NaN,false,NaN,E:\2026\99_seasonTiming\04_RUA\top_speed\Race 10.pdf,2026-04-22 16:34:45,250,
RUA,R10,18,Anton De Pasquale,,5,NaN,NaN,false,NaN,E:\2026\99_seasonTiming\04_RUA\top_speed\Race 10.pdf,2026-04-22 16:34:45,251,
RUA,R10,18,Anton De Pasquale,,6,NaN,NaN,false,NaN,E:\2026\99_seasonTiming\04_RUA\top_speed\Race 10.pdf,2026-04-22 16:34:45,250,
RUA,R10,18,Anton De Pasquale,,7,NaN,NaN,false,NaN,E:\2026\99_seasonTiming\04_RUA\top_speed\Race 10.pdf,2026-04-22 16:34:45,251,
RUA,R10,18,Anton De Pasquale,,8,NaN,NaN,false,NaN,E:\2026\99_seasonTiming\04_RUA\top_speed\Race 10.pdf,2026-04-22 16:34:45,250,
RUA,R10,18,Anton De Pasquale,,9,NaN,NaN,false,NaN,E:\2026\99_seasonTiming\04_RUA\top_speed\Race 10.pdf,2026-04-22 16:34:45,251,
RUA,R10,18,Anton De Pasquale,,10,NaN,NaN,false,NaN,E:\2026\99_seasonTiming\04_RUA\top_speed\Race 10.pdf,2026-04-22 16:34:45,250,
RUA,R10,18,Anton De Pasquale,,11,NaN,NaN,false,NaN,E:\2026\99_seasonTiming\04_RUA\top_speed\Race 10.pdf,2026-04-22 16:34:45,249,
RUA,R10,18,Anton De Pasquale,,12,NaN,NaN,false,NaN,E:\2026\99_seasonTiming\04_RUA\top_speed\Race 10.pdf,2026-04-22 16:34:45,249,
RUA,R10,18,Anton De Pasquale,,13,NaN,NaN,false,NaN,E:\2026\99_seasonTiming\04_RUA\top_speed\Race 10.pdf,2026-04-22 16:34:45,249,
RUA,R10,18,Anton De Pasquale,,14,NaN,NaN,false,NaN,E:\2026\99_seasonTiming\04_RUA\top_speed\Race 10.pdf,2026-04-22 16:34:45,249,
RUA,R10,18,Anton De Pasquale,,15,NaN,NaN,false,NaN,E:\2026\99_seasonTiming\04_RUA\top_speed\Race 10.pdf,2026-04-22 16:34:45,250,
RUA,R10,18,Anton De Pasquale,,16,NaN,NaN,false,NaN,E:\2026\99_seasonTiming\04_RUA\top_speed\Race 10.pdf,2026-04-22 16:34:45,250,
RUA,R10,18,Anton De Pasquale,,17,NaN,NaN,false,NaN,E:\2026\99_seasonTiming\04_RUA\top_speed\Race 10.pdf,2026-04-22 16:34:45,251,
RUA,R10,18,Anton De Pasquale,,18,NaN,NaN,false,NaN,E:\2026\99_seasonTiming\04_RUA\top_speed\Race 10.pdf,2026-04-22 16:34:45,250,
RUA,R10,18,Anton De Pasquale,,19,NaN,NaN,false,NaN,E:\2026\99_seasonTiming\04_RUA\top_speed\Race 10.pdf,2026-04-22 16:34:45,251,
RUA,R10,18,Anton De Pasquale,,20,NaN,NaN,false,NaN,E:\2026\99_seasonTiming\04_RUA\top_speed\Race 10.pdf,2026-04-22 16:34:45,251,
RUA,R10,18,Anton De Pasquale,,21,NaN,NaN,false,NaN,E:\2026\99_seasonTiming\04_RUA\top_speed\Race 10.pdf,2026-04-22 16:34:45,250,
RUA,R10,18,Anton De Pasquale,,22,NaN,NaN,false,NaN,E:\2026\99_seasonTiming\04_RUA\top_speed\Race 10.pdf,2026-04-22 16:34:45,192,
RUA,R10,18,Anton De Pasquale,,23,NaN,NaN,false,NaN,E:\2026\99_seasonTiming\04_RUA\top_speed\Race 10.pdf,2026-04-22 16:34:45,251,
RUA,R10,18,Anton De Pasquale,,24,NaN,NaN,false,NaN,E:\2026\99_seasonTiming\04_RUA\top_speed\Race 10.pdf,2026-04-22 16:34:45,251,
RUA,R10,18,Anton De Pasquale,,25,NaN,NaN,false,NaN,E:\2026\99_seasonTiming\04_RUA\top_speed\Race 10.pdf,2026-04-22 16:34:45,252,
RUA,R10,18,Anton De Pasquale,,26,NaN,NaN,false,NaN,E:\2026\99_seasonTiming\04_RUA\top_speed\Race 10.pdf,2026-04-22 16:34:45,252,
RUA,R10,18,Anton De Pasquale,,27,NaN,NaN,false,NaN,E:\2026\99_seasonTiming\04_RUA\top_speed\Race 10.pdf,2026-04-22 16:34:45,252,
RUA,R10,18,Anton De Pasquale,,28,NaN,NaN,false,NaN,E:\2026\99_seasonTiming\04_RUA\top_speed\Race 10.pdf,2026-04-22 16:34:45,253,
RUA,R10,18,Anton De Pasquale,,29,NaN,NaN,false,NaN,E:\2026\99_seasonTiming\04_RUA\top_speed\Race 10.pdf,2026-04-22 16:34:45,249,
RUA,R10,18,Anton De Pasquale,,30,NaN,NaN,false,NaN,E:\2026\99_seasonTiming\04_RUA\top_speed\Race 10.pdf,2026-04-22 16:34:45,252,
RUA,R10,18,Anton De Pasquale,,31,NaN,NaN,false,NaN,E:\2026\99_seasonTiming\04_RUA\top_speed\Race 10.pdf,2026-04-22 16:34:45,253,
RUA,R10,18,Anton De Pasquale,,32,NaN,NaN,false,NaN,E:\2026\99_seasonTiming\04_RUA\top_speed\Race 10.pdf,2026-04-22 16:34:45,253,
RUA,R10,18,Anton De Pasquale,,33,NaN,NaN,false,NaN,E:\2026\99_seasonTiming\04_RUA\top_speed\Race 10.pdf,2026-04-22 16:34:45,250,
RUA,R10,18,Anton De Pasquale,,34,NaN,NaN,false,NaN,E:\2026\99_seasonTiming\04_RUA\top_speed\Race 10.pdf,2026-04-22 16:34:45,253,
RUA,R10,18,Anton De Pasquale,,35,NaN,NaN,false,NaN,E:\2026\99_seasonTiming\04_RUA\top_speed\Race 10.pdf,2026-04-22 16:34:45,251,
RUA,R10,18,Anton De Pasquale,,36,NaN,NaN,false,NaN,E:\2026\99_seasonTiming\04_RUA\top_speed\Race 10.pdf,2026-04-22 16:34:45,246,
RUA,R10,18,Anton De Pasquale,,37,NaN,NaN,false,NaN,E:\2026\99_seasonTiming\04_RUA\top_speed\Race 10.pdf,2026-04-22 16:34:45,253,
RUA,R10,19,Matthew Payne,,1,NaN,NaN,false,NaN,E:\2026\99_seasonTiming\04_RUA\top_speed\Race 10.pdf,2026-04-22 16:34:45,200,
RUA,R10,19,Matthew Payne,,2,NaN,NaN,false,NaN,E:\2026\99_seasonTiming\04_RUA\top_speed\Race 10.pdf,2026-04-22 16:34:45,240,
RUA,R10,19,Matthew Payne,,3,NaN,NaN,false,NaN,E:\2026\99_seasonTiming\04_RUA\top_speed\Race 10.pdf,2026-04-22 16:34:45,250,
RUA,R10,19,Matthew Payne,,4,NaN,NaN,false,NaN,E:\2026\99_seasonTiming\04_RUA\top_speed\Race 10.pdf,2026-04-22 16:34:45,252,
RUA,R10,19,Matthew Payne,,5,NaN,NaN,false,NaN,E:\2026\99_seasonTiming\04_RUA\top_speed\Race 10.pdf,2026-04-22 16:34:45,252,
RUA,R10,19,Matthew Payne,,6,NaN,NaN,false,NaN,E:\2026\99_seasonTiming\04_RUA\top_speed\Race 10.pdf,2026-04-22 16:34:45,252,
RUA,R10,19,Matthew Payne,,7,NaN,NaN,false,NaN,E:\2026\99_seasonTiming\04_RUA\top_speed\Race 10.pdf,2026-04-22 16:34:45,252,
RUA,R10,19,Matthew Payne,,8,NaN,NaN,false,NaN,E:\2026\99_seasonTiming\04_RUA\top_speed\Race 10.pdf,2026-04-22 16:34:45,251,
RUA,R10,19,Matthew Payne,,9,NaN,NaN,false,NaN,E:\2026\99_seasonTiming\04_RUA\top_speed\Race 10.pdf,2026-04-22 16:34:45,252,
RUA,R10,19,Matthew Payne,,10,NaN,NaN,false,NaN,E:\2026\99_seasonTiming\04_RUA\top_speed\Race 10.pdf,2026-04-22 16:34:45,251,
RUA,R10,19,Matthew Payne,,11,NaN,NaN,false,NaN,E:\2026\99_seasonTiming\04_RUA\top_speed\Race 10.pdf,2026-04-22 16:34:45,252,
RUA,R10,19,Matthew Payne,,12,NaN,NaN,false,NaN,E:\2026\99_seasonTiming\04_RUA\top_speed\Race 10.pdf,2026-04-22 16:34:45,251,
RUA,R10,19,Matthew Payne,,13,NaN,NaN,false,NaN,E:\2026\99_seasonTiming\04_RUA\top_speed\Race 10.pdf,2026-04-22 16:34:45,251,
RUA,R10,19,Matthew Payne,,14,NaN,NaN,false,NaN,E:\2026\99_seasonTiming\04_RUA\top_speed\Race 10.pdf,2026-04-22 16:34:45,251,
RUA,R10,19,Matthew Payne,,15,NaN,NaN,false,NaN,E:\2026\99_seasonTiming\04_RUA\top_speed\Race 10.pdf,2026-04-22 16:34:45,252,
RUA,R10,19,Matthew Payne,,16,NaN,NaN,false,NaN,E:\2026\99_seasonTiming\04_RUA\top_speed\Race 10.pdf,2026-04-22 16:34:45,253,
RUA,R10,19,Matthew Payne,,17,NaN,NaN,false,NaN,E:\2026\99_seasonTiming\04_RUA\top_speed\Race 10.pdf,2026-04-22 16:34:45,251,
RUA,R10,19,Matthew Payne,,18,NaN,NaN,false,NaN,E:\2026\99_seasonTiming\04_RUA\top_speed\Race 10.pdf,2026-04-22 16:34:45,251,
RUA,R10,19,Matthew Payne,,19,NaN,NaN,false,NaN,E:\2026\99_seasonTiming\04_RUA\top_speed\Race 10.pdf,2026-04-22 16:34:45,252,
RUA,R10,19,Matthew Payne,,20,NaN,NaN,false,NaN,E:\2026\99_seasonTiming\04_RUA\top_speed\Race 10.pdf,2026-04-22 16:34:45,251,
RUA,R10,19,Matthew Payne,,21,NaN,NaN,false,NaN,E:\2026\99_seasonTiming\04_RUA\top_speed\Race 10.pdf,2026-04-22 16:34:45,194,
RUA,R10,19,Matthew Payne,,22,NaN,NaN,false,NaN,E:\2026\99_seasonTiming\04_RUA\top_speed\Race 10.pdf,2026-04-22 16:34:45,250,
RUA,R10,19,Matthew Payne,,23,NaN,NaN,false,NaN,E:\2026\99_seasonTiming\04_RUA\top_speed\Race 10.pdf,2026-04-22 16:34:45,252,
RUA,R10,19,Matthew Payne,,24,NaN,NaN,false,NaN,E:\2026\99_seasonTiming\04_RUA\top_speed\Race 10.pdf,2026-04-22 16:34:45,252,
RUA,R10,19,Matthew Payne,,25,NaN,NaN,false,NaN,E:\2026\99_seasonTiming\04_RUA\top_speed\Race 10.pdf,2026-04-22 16:34:45,252,
RUA,R10,19,Matthew Payne,,26,NaN,NaN,false,NaN,E:\2026\99_seasonTiming\04_RUA\top_speed\Race 10.pdf,2026-04-22 16:34:45,252,
RUA,R10,19,Matthew Payne,,27,NaN,NaN,false,NaN,E:\2026\99_seasonTiming\04_RUA\top_speed\Race 10.pdf,2026-04-22 16:34:45,251,
RUA,R10,19,Matthew Payne,,28,NaN,NaN,false,NaN,E:\2026\99_seasonTiming\04_RUA\top_speed\Race 10.pdf,2026-04-22 16:34:45,252,
RUA,R10,19,Matthew Payne,,29,NaN,NaN,false,NaN,E:\2026\99_seasonTiming\04_RUA\top_speed\Race 10.pdf,2026-04-22 16:34:45,252,
RUA,R10,19,Matthew Payne,,30,NaN,NaN,false,NaN,E:\2026\99_seasonTiming\04_RUA\top_speed\Race 10.pdf,2026-04-22 16:34:45,252,
RUA,R10,19,Matthew Payne,,31,NaN,NaN,false,NaN,E:\2026\99_seasonTiming\04_RUA\top_speed\Race 10.pdf,2026-04-22 16:34:45,254,
RUA,R10,19,Matthew Payne,,32,NaN,NaN,false,NaN,E:\2026\99_seasonTiming\04_RUA\top_speed\Race 10.pdf,2026-04-22 16:34:45,253,
RUA,R10,19,Matthew Payne,,33,NaN,NaN,false,NaN,E:\2026\99_seasonTiming\04_RUA\top_speed\Race 10.pdf,2026-04-22 16:34:45,253,
RUA,R10,19,Matthew Payne,,34,NaN,NaN,false,NaN,E:\2026\99_seasonTiming\04_RUA\top_speed\Race 10.pdf,2026-04-22 16:34:45,254,
RUA,R10,19,Matthew Payne,,35,NaN,NaN,false,NaN,E:\2026\99_seasonTiming\04_RUA\top_speed\Race 10.pdf,2026-04-22 16:34:45,254,
RUA,R10,19,Matthew Payne,,36,NaN,NaN,false,NaN,E:\2026\99_seasonTiming\04_RUA\top_speed\Race 10.pdf,2026-04-22 16:34:45,252,
RUA,R10,19,Matthew Payne,,37,NaN,NaN,false,NaN,E:\2026\99_seasonTiming\04_RUA\top_speed\Race 10.pdf,2026-04-22 16:34:45,254,
RUA,R10,26,Kai Allen,,1,NaN,NaN,false,NaN,E:\2026\99_seasonTiming\04_RUA\top_speed\Race 10.pdf,2026-04-22 16:34:45,201,
RUA,R10,26,Kai Allen,,2,NaN,NaN,false,NaN,E:\2026\99_seasonTiming\04_RUA\top_speed\Race 10.pdf,2026-04-22 16:34:45,247,
RUA,R10,26,Kai Allen,,3,NaN,NaN,false,NaN,E:\2026\99_seasonTiming\04_RUA\top_speed\Race 10.pdf,2026-04-22 16:34:45,251,
RUA,R10,26,Kai Allen,,4,NaN,NaN,false,NaN,E:\2026\99_seasonTiming\04_RUA\top_speed\Race 10.pdf,2026-04-22 16:34:45,252,
RUA,R10,26,Kai Allen,,5,NaN,NaN,false,NaN,E:\2026\99_seasonTiming\04_RUA\top_speed\Race 10.pdf,2026-04-22 16:34:45,253,
RUA,R10,26,Kai Allen,,6,NaN,NaN,false,NaN,E:\2026\99_seasonTiming\04_RUA\top_speed\Race 10.pdf,2026-04-22 16:34:45,253,
RUA,R10,26,Kai Allen,,7,NaN,NaN,false,NaN,E:\2026\99_seasonTiming\04_RUA\top_speed\Race 10.pdf,2026-04-22 16:34:45,253,
RUA,R10,26,Kai Allen,,8,NaN,NaN,false,NaN,E:\2026\99_seasonTiming\04_RUA\top_speed\Race 10.pdf,2026-04-22 16:34:45,253,
RUA,R10,26,Kai Allen,,9,NaN,NaN,false,NaN,E:\2026\99_seasonTiming\04_RUA\top_speed\Race 10.pdf,2026-04-22 16:34:45,254,
RUA,R10,26,Kai Allen,,10,NaN,NaN,false,NaN,E:\2026\99_seasonTiming\04_RUA\top_speed\Race 10.pdf,2026-04-22 16:34:45,253,
RUA,R10,26,Kai Allen,,11,NaN,NaN,false,NaN,E:\2026\99_seasonTiming\04_RUA\top_speed\Race 10.pdf,2026-04-22 16:34:45,251,
RUA,R10,26,Kai Allen,,12,NaN,NaN,false,NaN,E:\2026\99_seasonTiming\04_RUA\top_speed\Race 10.pdf,2026-04-22 16:34:45,251,
RUA,R10,26,Kai Allen,,13,NaN,NaN,false,NaN,E:\2026\99_seasonTiming\04_RUA\top_speed\Race 10.pdf,2026-04-22 16:34:45,251,
RUA,R10,26,Kai Allen,,14,NaN,NaN,false,NaN,E:\2026\99_seasonTiming\04_RUA\top_speed\Race 10.pdf,2026-04-22 16:34:45,250,
RUA,R10,26,Kai Allen,,15,NaN,NaN,false,NaN,E:\2026\99_seasonTiming\04_RUA\top_speed\Race 10.pdf,2026-04-22 16:34:45,252,
RUA,R10,26,Kai Allen,,16,NaN,NaN,false,NaN,E:\2026\99_seasonTiming\04_RUA\top_speed\Race 10.pdf,2026-04-22 16:34:45,252,
RUA,R10,26,Kai Allen,,17,NaN,NaN,false,NaN,E:\2026\99_seasonTiming\04_RUA\top_speed\Race 10.pdf,2026-04-22 16:34:45,193,
RUA,R10,26,Kai Allen,,18,NaN,NaN,false,NaN,E:\2026\99_seasonTiming\04_RUA\top_speed\Race 10.pdf,2026-04-22 16:34:45,253,
RUA,R10,26,Kai Allen,,19,NaN,NaN,false,NaN,E:\2026\99_seasonTiming\04_RUA\top_speed\Race 10.pdf,2026-04-22 16:34:45,252,
RUA,R10,26,Kai Allen,,20,NaN,NaN,false,NaN,E:\2026\99_seasonTiming\04_RUA\top_speed\Race 10.pdf,2026-04-22 16:34:45,251,
RUA,R10,26,Kai Allen,,21,NaN,NaN,false,NaN,E:\2026\99_seasonTiming\04_RUA\top_speed\Race 10.pdf,2026-04-22 16:34:45,251,
RUA,R10,26,Kai Allen,,22,NaN,NaN,false,NaN,E:\2026\99_seasonTiming\04_RUA\top_speed\Race 10.pdf,2026-04-22 16:34:45,252,
RUA,R10,26,Kai Allen,,23,NaN,NaN,false,NaN,E:\2026\99_seasonTiming\04_RUA\top_speed\Race 10.pdf,2026-04-22 16:34:45,251,
RUA,R10,26,Kai Allen,,24,NaN,NaN,false,NaN,E:\2026\99_seasonTiming\04_RUA\top_speed\Race 10.pdf,2026-04-22 16:34:45,251,
RUA,R10,26,Kai Allen,,25,NaN,NaN,false,NaN,E:\2026\99_seasonTiming\04_RUA\top_speed\Race 10.pdf,2026-04-22 16:34:45,251,
RUA,R10,26,Kai Allen,,26,NaN,NaN,false,NaN,E:\2026\99_seasonTiming\04_RUA\top_speed\Race 10.pdf,2026-04-22 16:34:45,251,
RUA,R10,26,Kai Allen,,27,NaN,NaN,false,NaN,E:\2026\99_seasonTiming\04_RUA\top_speed\Race 10.pdf,2026-04-22 16:34:45,250,
RUA,R10,26,Kai Allen,,28,NaN,NaN,false,NaN,E:\2026\99_seasonTiming\04_RUA\top_speed\Race 10.pdf,2026-04-22 16:34:45,251,
RUA,R10,26,Kai Allen,,29,NaN,NaN,false,NaN,E:\2026\99_seasonTiming\04_RUA\top_speed\Race 10.pdf,2026-04-22 16:34:45,251,
RUA,R10,26,Kai Allen,,30,NaN,NaN,false,NaN,E:\2026\99_seasonTiming\04_RUA\top_speed\Race 10.pdf,2026-04-22 16:34:45,251,
RUA,R10,26,Kai Allen,,31,NaN,NaN,false,NaN,E:\2026\99_seasonTiming\04_RUA\top_speed\Race 10.pdf,2026-04-22 16:34:45,252,
RUA,R10,26,Kai Allen,,32,NaN,NaN,false,NaN,E:\2026\99_seasonTiming\04_RUA\top_speed\Race 10.pdf,2026-04-22 16:34:45,252,
RUA,R10,26,Kai Allen,,33,NaN,NaN,false,NaN,E:\2026\99_seasonTiming\04_RUA\top_speed\Race 10.pdf,2026-04-22 16:34:45,252,
RUA,R10,26,Kai Allen,,34,NaN,NaN,false,NaN,E:\2026\99_seasonTiming\04_RUA\top_speed\Race 10.pdf,2026-04-22 16:34:45,252,
RUA,R10,26,Kai Allen,,35,NaN,NaN,false,NaN,E:\2026\99_seasonTiming\04_RUA\top_speed\Race 10.pdf,2026-04-22 16:34:45,253,
RUA,R10,26,Kai Allen,,36,NaN,NaN,false,NaN,E:\2026\99_seasonTiming\04_RUA\top_speed\Race 10.pdf,2026-04-22 16:34:45,252,
RUA,R10,26,Kai Allen,,37,NaN,NaN,false,NaN,E:\2026\99_seasonTiming\04_RUA\top_speed\Race 10.pdf,2026-04-22 16:34:45,252,
RUA,R10,31,Jayden Ojeda,,1,NaN,NaN,false,NaN,E:\2026\99_seasonTiming\04_RUA\top_speed\Race 10.pdf,2026-04-22 16:34:45,206,
RUA,R10,31,Jayden Ojeda,,2,NaN,NaN,false,NaN,E:\2026\99_seasonTiming\04_RUA\top_speed\Race 10.pdf,2026-04-22 16:34:45,215,
RUA,R10,31,Jayden Ojeda,,3,NaN,NaN,false,NaN,E:\2026\99_seasonTiming\04_RUA\top_speed\Race 10.pdf,2026-04-22 16:34:45,238,
RUA,R10,31,Jayden Ojeda,,4,NaN,NaN,false,NaN,E:\2026\99_seasonTiming\04_RUA\top_speed\Race 10.pdf,2026-04-22 16:34:45,245,
RUA,R10,31,Jayden Ojeda,,5,NaN,NaN,false,NaN,E:\2026\99_seasonTiming\04_RUA\top_speed\Race 10.pdf,2026-04-22 16:34:45,239,
RUA,R10,31,Jayden Ojeda,,6,NaN,NaN,false,NaN,E:\2026\99_seasonTiming\04_RUA\top_speed\Race 10.pdf,2026-04-22 16:34:45,248,
RUA,R10,31,Jayden Ojeda,,7,NaN,NaN,false,NaN,E:\2026\99_seasonTiming\04_RUA\top_speed\Race 10.pdf,2026-04-22 16:34:45,247,
RUA,R10,31,Jayden Ojeda,,8,NaN,NaN,false,NaN,E:\2026\99_seasonTiming\04_RUA\top_speed\Race 10.pdf,2026-04-22 16:34:45,249,
RUA,R10,31,Jayden Ojeda,,9,NaN,NaN,false,NaN,E:\2026\99_seasonTiming\04_RUA\top_speed\Race 10.pdf,2026-04-22 16:34:45,251,
RUA,R10,31,Jayden Ojeda,,10,NaN,NaN,false,NaN,E:\2026\99_seasonTiming\04_RUA\top_speed\Race 10.pdf,2026-04-22 16:34:45,246,
RUA,R10,31,Jayden Ojeda,,11,NaN,NaN,false,NaN,E:\2026\99_seasonTiming\04_RUA\top_speed\Race 10.pdf,2026-04-22 16:34:45,251,
RUA,R10,31,Jayden Ojeda,,12,NaN,NaN,false,NaN,E:\2026\99_seasonTiming\04_RUA\top_speed\Race 10.pdf,2026-04-22 16:34:45,248,
RUA,R10,31,Jayden Ojeda,,13,NaN,NaN,false,NaN,E:\2026\99_seasonTiming\04_RUA\top_speed\Race 10.pdf,2026-04-22 16:34:45,250,
RUA,R10,31,Jayden Ojeda,,14,NaN,NaN,false,NaN,E:\2026\99_seasonTiming\04_RUA\top_speed\Race 10.pdf,2026-04-22 16:34:45,251,
RUA,R10,31,Jayden Ojeda,,15,NaN,NaN,false,NaN,E:\2026\99_seasonTiming\04_RUA\top_speed\Race 10.pdf,2026-04-22 16:34:45,246,
RUA,R10,31,Jayden Ojeda,,16,NaN,NaN,false,NaN,E:\2026\99_seasonTiming\04_RUA\top_speed\Race 10.pdf,2026-04-22 16:34:45,243,
RUA,R10,31,Jayden Ojeda,,17,NaN,NaN,false,NaN,E:\2026\99_seasonTiming\04_RUA\top_speed\Race 10.pdf,2026-04-22 16:34:45,248,
RUA,R10,31,Jayden Ojeda,,18,NaN,NaN,false,NaN,E:\2026\99_seasonTiming\04_RUA\top_speed\Race 10.pdf,2026-04-22 16:34:45,250,
RUA,R10,31,Jayden Ojeda,,19,NaN,NaN,false,NaN,E:\2026\99_seasonTiming\04_RUA\top_speed\Race 10.pdf,2026-04-22 16:34:45,250,
RUA,R10,31,Jayden Ojeda,,20,NaN,NaN,false,NaN,E:\2026\99_seasonTiming\04_RUA\top_speed\Race 10.pdf,2026-04-22 16:34:45,252,
RUA,R10,31,Jayden Ojeda,,21,NaN,NaN,false,NaN,E:\2026\99_seasonTiming\04_RUA\top_speed\Race 10.pdf,2026-04-22 16:34:45,247,
RUA,R10,31,Jayden Ojeda,,22,NaN,NaN,false,NaN,E:\2026\99_seasonTiming\04_RUA\top_speed\Race 10.pdf,2026-04-22 16:34:45,245,
RUA,R10,31,Jayden Ojeda,,23,NaN,NaN,false,NaN,E:\2026\99_seasonTiming\04_RUA\top_speed\Race 10.pdf,2026-04-22 16:34:45,193,
RUA,R10,31,Jayden Ojeda,,24,NaN,NaN,false,NaN,E:\2026\99_seasonTiming\04_RUA\top_speed\Race 10.pdf,2026-04-22 16:34:45,239,
RUA,R10,31,Jayden Ojeda,,25,NaN,NaN,false,NaN,E:\2026\99_seasonTiming\04_RUA\top_speed\Race 10.pdf,2026-04-22 16:34:45,254,
RUA,R10,31,Jayden Ojeda,,26,NaN,NaN,false,NaN,E:\2026\99_seasonTiming\04_RUA\top_speed\Race 10.pdf,2026-04-22 16:34:45,251,
RUA,R10,31,Jayden Ojeda,,27,NaN,NaN,false,NaN,E:\2026\99_seasonTiming\04_RUA\top_speed\Race 10.pdf,2026-04-22 16:34:45,253,
RUA,R10,31,Jayden Ojeda,,28,NaN,NaN,false,NaN,E:\2026\99_seasonTiming\04_RUA\top_speed\Race 10.pdf,2026-04-22 16:34:45,246,
RUA,R10,31,Jayden Ojeda,,29,NaN,NaN,false,NaN,E:\2026\99_seasonTiming\04_RUA\top_speed\Race 10.pdf,2026-04-22 16:34:45,249,
RUA,R10,31,Jayden Ojeda,,30,NaN,NaN,false,NaN,E:\2026\99_seasonTiming\04_RUA\top_speed\Race 10.pdf,2026-04-22 16:34:45,249,
RUA,R10,31,Jayden Ojeda,,31,NaN,NaN,false,NaN,E:\2026\99_seasonTiming\04_RUA\top_speed\Race 10.pdf,2026-04-22 16:34:45,250,
RUA,R10,31,Jayden Ojeda,,32,NaN,NaN,false,NaN,E:\2026\99_seasonTiming\04_RUA\top_speed\Race 10.pdf,2026-04-22 16:34:45,251,
RUA,R10,31,Jayden Ojeda,,33,NaN,NaN,false,NaN,E:\2026\99_seasonTiming\04_RUA\top_speed\Race 10.pdf,2026-04-22 16:34:45,253,
RUA,R10,31,Jayden Ojeda,,34,NaN,NaN,false,NaN,E:\2026\99_seasonTiming\04_RUA\top_speed\Race 10.pdf,2026-04-22 16:34:45,251,
RUA,R10,31,Jayden Ojeda,,35,NaN,NaN,false,NaN,E:\2026\99_seasonTiming\04_RUA\top_speed\Race 10.pdf,2026-04-22 16:34:45,247,
RUA,R10,31,Jayden Ojeda,,36,NaN,NaN,false,NaN,E:\2026\99_seasonTiming\04_RUA\top_speed\Race 10.pdf,2026-04-22 16:34:45,226,
RUA,R10,31,Jayden Ojeda,,37,NaN,NaN,false,NaN,E:\2026\99_seasonTiming\04_RUA\top_speed\Race 10.pdf,2026-04-22 16:34:45,251,
RUA,R10,38,Rylan Gray,,1,NaN,NaN,false,NaN,E:\2026\99_seasonTiming\04_RUA\top_speed\Race 10.pdf,2026-04-22 16:34:45,205,
RUA,R10,38,Rylan Gray,,2,NaN,NaN,false,NaN,E:\2026\99_seasonTiming\04_RUA\top_speed\Race 10.pdf,2026-04-22 16:34:45,218,
RUA,R10,38,Rylan Gray,,3,NaN,NaN,false,NaN,E:\2026\99_seasonTiming\04_RUA\top_speed\Race 10.pdf,2026-04-22 16:34:45,245,
RUA,R10,38,Rylan Gray,,4,NaN,NaN,false,NaN,E:\2026\99_seasonTiming\04_RUA\top_speed\Race 10.pdf,2026-04-22 16:34:45,250,
RUA,R10,38,Rylan Gray,,5,NaN,NaN,false,NaN,E:\2026\99_seasonTiming\04_RUA\top_speed\Race 10.pdf,2026-04-22 16:34:45,246,
RUA,R10,38,Rylan Gray,,6,NaN,NaN,false,NaN,E:\2026\99_seasonTiming\04_RUA\top_speed\Race 10.pdf,2026-04-22 16:34:45,250,
RUA,R10,38,Rylan Gray,,7,NaN,NaN,false,NaN,E:\2026\99_seasonTiming\04_RUA\top_speed\Race 10.pdf,2026-04-22 16:34:45,252,
RUA,R10,38,Rylan Gray,,8,NaN,NaN,false,NaN,E:\2026\99_seasonTiming\04_RUA\top_speed\Race 10.pdf,2026-04-22 16:34:45,251,
RUA,R10,38,Rylan Gray,,9,NaN,NaN,false,NaN,E:\2026\99_seasonTiming\04_RUA\top_speed\Race 10.pdf,2026-04-22 16:34:45,251,
RUA,R10,38,Rylan Gray,,10,NaN,NaN,false,NaN,E:\2026\99_seasonTiming\04_RUA\top_speed\Race 10.pdf,2026-04-22 16:34:45,252,
RUA,R10,38,Rylan Gray,,11,NaN,NaN,false,NaN,E:\2026\99_seasonTiming\04_RUA\top_speed\Race 10.pdf,2026-04-22 16:34:45,249,
RUA,R10,38,Rylan Gray,,12,NaN,NaN,false,NaN,E:\2026\99_seasonTiming\04_RUA\top_speed\Race 10.pdf,2026-04-22 16:34:45,251,
RUA,R10,38,Rylan Gray,,13,NaN,NaN,false,NaN,E:\2026\99_seasonTiming\04_RUA\top_speed\Race 10.pdf,2026-04-22 16:34:45,251,
RUA,R10,38,Rylan Gray,,14,NaN,NaN,false,NaN,E:\2026\99_seasonTiming\04_RUA\top_speed\Race 10.pdf,2026-04-22 16:34:45,251,
RUA,R10,38,Rylan Gray,,15,NaN,NaN,false,NaN,E:\2026\99_seasonTiming\04_RUA\top_speed\Race 10.pdf,2026-04-22 16:34:45,252,
RUA,R10,38,Rylan Gray,,16,NaN,NaN,false,NaN,E:\2026\99_seasonTiming\04_RUA\top_speed\Race 10.pdf,2026-04-22 16:34:45,251,
RUA,R10,38,Rylan Gray,,17,NaN,NaN,false,NaN,E:\2026\99_seasonTiming\04_RUA\top_speed\Race 10.pdf,2026-04-22 16:34:45,250,
RUA,R10,38,Rylan Gray,,18,NaN,NaN,false,NaN,E:\2026\99_seasonTiming\04_RUA\top_speed\Race 10.pdf,2026-04-22 16:34:45,253,
RUA,R10,38,Rylan Gray,,19,NaN,NaN,false,NaN,E:\2026\99_seasonTiming\04_RUA\top_speed\Race 10.pdf,2026-04-22 16:34:45,189,
RUA,R10,38,Rylan Gray,,20,NaN,NaN,false,NaN,E:\2026\99_seasonTiming\04_RUA\top_speed\Race 10.pdf,2026-04-22 16:34:45,249,
RUA,R10,38,Rylan Gray,,21,NaN,NaN,false,NaN,E:\2026\99_seasonTiming\04_RUA\top_speed\Race 10.pdf,2026-04-22 16:34:45,249,
RUA,R10,38,Rylan Gray,,22,NaN,NaN,false,NaN,E:\2026\99_seasonTiming\04_RUA\top_speed\Race 10.pdf,2026-04-22 16:34:45,250,
RUA,R10,38,Rylan Gray,,23,NaN,NaN,false,NaN,E:\2026\99_seasonTiming\04_RUA\top_speed\Race 10.pdf,2026-04-22 16:34:45,251,
RUA,R10,38,Rylan Gray,,24,NaN,NaN,false,NaN,E:\2026\99_seasonTiming\04_RUA\top_speed\Race 10.pdf,2026-04-22 16:34:45,252,
RUA,R10,38,Rylan Gray,,25,NaN,NaN,false,NaN,E:\2026\99_seasonTiming\04_RUA\top_speed\Race 10.pdf,2026-04-22 16:34:45,252,
RUA,R10,38,Rylan Gray,,26,NaN,NaN,false,NaN,E:\2026\99_seasonTiming\04_RUA\top_speed\Race 10.pdf,2026-04-22 16:34:45,253,
RUA,R10,38,Rylan Gray,,27,NaN,NaN,false,NaN,E:\2026\99_seasonTiming\04_RUA\top_speed\Race 10.pdf,2026-04-22 16:34:45,250,
RUA,R10,38,Rylan Gray,,28,NaN,NaN,false,NaN,E:\2026\99_seasonTiming\04_RUA\top_speed\Race 10.pdf,2026-04-22 16:34:45,251,
RUA,R10,38,Rylan Gray,,29,NaN,NaN,false,NaN,E:\2026\99_seasonTiming\04_RUA\top_speed\Race 10.pdf,2026-04-22 16:34:45,253,
RUA,R10,38,Rylan Gray,,30,NaN,NaN,false,NaN,E:\2026\99_seasonTiming\04_RUA\top_speed\Race 10.pdf,2026-04-22 16:34:45,254,
RUA,R10,38,Rylan Gray,,31,NaN,NaN,false,NaN,E:\2026\99_seasonTiming\04_RUA\top_speed\Race 10.pdf,2026-04-22 16:34:45,253,
RUA,R10,38,Rylan Gray,,32,NaN,NaN,false,NaN,E:\2026\99_seasonTiming\04_RUA\top_speed\Race 10.pdf,2026-04-22 16:34:45,252,
RUA,R10,38,Rylan Gray,,33,NaN,NaN,false,NaN,E:\2026\99_seasonTiming\04_RUA\top_speed\Race 10.pdf,2026-04-22 16:34:45,254,
RUA,R10,38,Rylan Gray,,34,NaN,NaN,false,NaN,E:\2026\99_seasonTiming\04_RUA\top_speed\Race 10.pdf,2026-04-22 16:34:45,253,
RUA,R10,38,Rylan Gray,,35,NaN,NaN,false,NaN,E:\2026\99_seasonTiming\04_RUA\top_speed\Race 10.pdf,2026-04-22 16:34:45,254,
RUA,R10,38,Rylan Gray,,36,NaN,NaN,false,NaN,E:\2026\99_seasonTiming\04_RUA\top_speed\Race 10.pdf,2026-04-22 16:34:45,253,
RUA,R10,38,Rylan Gray,,37,NaN,NaN,false,NaN,E:\2026\99_seasonTiming\04_RUA\top_speed\Race 10.pdf,2026-04-22 16:34:45,254,
RUA,R10,55,Thomas Randle,,1,NaN,NaN,false,NaN,E:\2026\99_seasonTiming\04_RUA\top_speed\Race 10.pdf,2026-04-22 16:34:45,205,
RUA,R10,55,Thomas Randle,,2,NaN,NaN,false,NaN,E:\2026\99_seasonTiming\04_RUA\top_speed\Race 10.pdf,2026-04-22 16:34:45,236,
RUA,R10,55,Thomas Randle,,3,NaN,NaN,false,NaN,E:\2026\99_seasonTiming\04_RUA\top_speed\Race 10.pdf,2026-04-22 16:34:45,234,
RUA,R10,55,Thomas Randle,,4,NaN,NaN,false,NaN,E:\2026\99_seasonTiming\04_RUA\top_speed\Race 10.pdf,2026-04-22 16:34:45,249,
RUA,R10,55,Thomas Randle,,5,NaN,NaN,false,NaN,E:\2026\99_seasonTiming\04_RUA\top_speed\Race 10.pdf,2026-04-22 16:34:45,246,
RUA,R10,55,Thomas Randle,,6,NaN,NaN,false,NaN,E:\2026\99_seasonTiming\04_RUA\top_speed\Race 10.pdf,2026-04-22 16:34:45,250,
RUA,R10,55,Thomas Randle,,7,NaN,NaN,false,NaN,E:\2026\99_seasonTiming\04_RUA\top_speed\Race 10.pdf,2026-04-22 16:34:45,250,
RUA,R10,55,Thomas Randle,,8,NaN,NaN,false,NaN,E:\2026\99_seasonTiming\04_RUA\top_speed\Race 10.pdf,2026-04-22 16:34:45,251,
RUA,R10,55,Thomas Randle,,9,NaN,NaN,false,NaN,E:\2026\99_seasonTiming\04_RUA\top_speed\Race 10.pdf,2026-04-22 16:34:45,252,
RUA,R10,55,Thomas Randle,,10,NaN,NaN,false,NaN,E:\2026\99_seasonTiming\04_RUA\top_speed\Race 10.pdf,2026-04-22 16:34:45,251,
RUA,R10,55,Thomas Randle,,11,NaN,NaN,false,NaN,E:\2026\99_seasonTiming\04_RUA\top_speed\Race 10.pdf,2026-04-22 16:34:45,249,
RUA,R10,55,Thomas Randle,,12,NaN,NaN,false,NaN,E:\2026\99_seasonTiming\04_RUA\top_speed\Race 10.pdf,2026-04-22 16:34:45,250,
RUA,R10,55,Thomas Randle,,13,NaN,NaN,false,NaN,E:\2026\99_seasonTiming\04_RUA\top_speed\Race 10.pdf,2026-04-22 16:34:45,248,
RUA,R10,55,Thomas Randle,,14,NaN,NaN,false,NaN,E:\2026\99_seasonTiming\04_RUA\top_speed\Race 10.pdf,2026-04-22 16:34:45,248,
RUA,R10,55,Thomas Randle,,15,NaN,NaN,false,NaN,E:\2026\99_seasonTiming\04_RUA\top_speed\Race 10.pdf,2026-04-22 16:34:45,249,
RUA,R10,55,Thomas Randle,,16,NaN,NaN,false,NaN,E:\2026\99_seasonTiming\04_RUA\top_speed\Race 10.pdf,2026-04-22 16:34:45,250,
RUA,R10,55,Thomas Randle,,17,NaN,NaN,false,NaN,E:\2026\99_seasonTiming\04_RUA\top_speed\Race 10.pdf,2026-04-22 16:34:45,249,
RUA,R10,55,Thomas Randle,,18,NaN,NaN,false,NaN,E:\2026\99_seasonTiming\04_RUA\top_speed\Race 10.pdf,2026-04-22 16:34:45,249,
RUA,R10,55,Thomas Randle,,19,NaN,NaN,false,NaN,E:\2026\99_seasonTiming\04_RUA\top_speed\Race 10.pdf,2026-04-22 16:34:45,249,
RUA,R10,55,Thomas Randle,,20,NaN,NaN,false,NaN,E:\2026\99_seasonTiming\04_RUA\top_speed\Race 10.pdf,2026-04-22 16:34:45,250,
RUA,R10,55,Thomas Randle,,21,NaN,NaN,false,NaN,E:\2026\99_seasonTiming\04_RUA\top_speed\Race 10.pdf,2026-04-22 16:34:45,249,
RUA,R10,55,Thomas Randle,,22,NaN,NaN,false,NaN,E:\2026\99_seasonTiming\04_RUA\top_speed\Race 10.pdf,2026-04-22 16:34:45,189,
RUA,R10,55,Thomas Randle,,23,NaN,NaN,false,NaN,E:\2026\99_seasonTiming\04_RUA\top_speed\Race 10.pdf,2026-04-22 16:34:45,252,
RUA,R10,55,Thomas Randle,,24,NaN,NaN,false,NaN,E:\2026\99_seasonTiming\04_RUA\top_speed\Race 10.pdf,2026-04-22 16:34:45,252,
RUA,R10,55,Thomas Randle,,25,NaN,NaN,false,NaN,E:\2026\99_seasonTiming\04_RUA\top_speed\Race 10.pdf,2026-04-22 16:34:45,246,
RUA,R10,55,Thomas Randle,,26,NaN,NaN,false,NaN,E:\2026\99_seasonTiming\04_RUA\top_speed\Race 10.pdf,2026-04-22 16:34:45,241,
RUA,R10,55,Thomas Randle,,27,NaN,NaN,false,NaN,E:\2026\99_seasonTiming\04_RUA\top_speed\Race 10.pdf,2026-04-22 16:34:45,253,
RUA,R10,55,Thomas Randle,,28,NaN,NaN,false,NaN,E:\2026\99_seasonTiming\04_RUA\top_speed\Race 10.pdf,2026-04-22 16:34:45,252,
RUA,R10,55,Thomas Randle,,29,NaN,NaN,false,NaN,E:\2026\99_seasonTiming\04_RUA\top_speed\Race 10.pdf,2026-04-22 16:34:45,249,
RUA,R10,55,Thomas Randle,,30,NaN,NaN,false,NaN,E:\2026\99_seasonTiming\04_RUA\top_speed\Race 10.pdf,2026-04-22 16:34:45,248,
RUA,R10,55,Thomas Randle,,31,NaN,NaN,false,NaN,E:\2026\99_seasonTiming\04_RUA\top_speed\Race 10.pdf,2026-04-22 16:34:45,250,
RUA,R10,55,Thomas Randle,,32,NaN,NaN,false,NaN,E:\2026\99_seasonTiming\04_RUA\top_speed\Race 10.pdf,2026-04-22 16:34:45,250,
RUA,R10,55,Thomas Randle,,33,NaN,NaN,false,NaN,E:\2026\99_seasonTiming\04_RUA\top_speed\Race 10.pdf,2026-04-22 16:34:45,251,
RUA,R10,55,Thomas Randle,,34,NaN,NaN,false,NaN,E:\2026\99_seasonTiming\04_RUA\top_speed\Race 10.pdf,2026-04-22 16:34:45,249,
RUA,R10,55,Thomas Randle,,35,NaN,NaN,false,NaN,E:\2026\99_seasonTiming\04_RUA\top_speed\Race 10.pdf,2026-04-22 16:34:45,248,
RUA,R10,55,Thomas Randle,,36,NaN,NaN,false,NaN,E:\2026\99_seasonTiming\04_RUA\top_speed\Race 10.pdf,2026-04-22 16:34:45,226,
RUA,R10,55,Thomas Randle,,37,NaN,NaN,false,NaN,E:\2026\99_seasonTiming\04_RUA\top_speed\Race 10.pdf,2026-04-22 16:34:45,251,
RUA,R10,88,Broc Feeney,,1,NaN,NaN,false,NaN,E:\2026\99_seasonTiming\04_RUA\top_speed\Race 10.pdf,2026-04-22 16:34:45,190,
RUA,R10,88,Broc Feeney,,2,NaN,NaN,false,NaN,E:\2026\99_seasonTiming\04_RUA\top_speed\Race 10.pdf,2026-04-22 16:34:45,220,
RUA,R10,88,Broc Feeney,,3,NaN,NaN,false,NaN,E:\2026\99_seasonTiming\04_RUA\top_speed\Race 10.pdf,2026-04-22 16:34:45,246,
RUA,R10,88,Broc Feeney,,4,NaN,NaN,false,NaN,E:\2026\99_seasonTiming\04_RUA\top_speed\Race 10.pdf,2026-04-22 16:34:45,248,
RUA,R10,88,Broc Feeney,,5,NaN,NaN,false,NaN,E:\2026\99_seasonTiming\04_RUA\top_speed\Race 10.pdf,2026-04-22 16:34:45,233,
RUA,R10,88,Broc Feeney,,6,NaN,NaN,false,NaN,E:\2026\99_seasonTiming\04_RUA\top_speed\Race 10.pdf,2026-04-22 16:34:45,252,
RUA,R10,88,Broc Feeney,,7,NaN,NaN,false,NaN,E:\2026\99_seasonTiming\04_RUA\top_speed\Race 10.pdf,2026-04-22 16:34:45,253,
RUA,R10,88,Broc Feeney,,8,NaN,NaN,false,NaN,E:\2026\99_seasonTiming\04_RUA\top_speed\Race 10.pdf,2026-04-22 16:34:45,251,
RUA,R10,88,Broc Feeney,,9,NaN,NaN,false,NaN,E:\2026\99_seasonTiming\04_RUA\top_speed\Race 10.pdf,2026-04-22 16:34:45,253,
RUA,R10,88,Broc Feeney,,10,NaN,NaN,false,NaN,E:\2026\99_seasonTiming\04_RUA\top_speed\Race 10.pdf,2026-04-22 16:34:45,252,
RUA,R10,88,Broc Feeney,,11,NaN,NaN,false,NaN,E:\2026\99_seasonTiming\04_RUA\top_speed\Race 10.pdf,2026-04-22 16:34:45,251,
RUA,R10,88,Broc Feeney,,12,NaN,NaN,false,NaN,E:\2026\99_seasonTiming\04_RUA\top_speed\Race 10.pdf,2026-04-22 16:34:45,253,
RUA,R10,88,Broc Feeney,,13,NaN,NaN,false,NaN,E:\2026\99_seasonTiming\04_RUA\top_speed\Race 10.pdf,2026-04-22 16:34:45,248,
RUA,R10,88,Broc Feeney,,14,NaN,NaN,false,NaN,E:\2026\99_seasonTiming\04_RUA\top_speed\Race 10.pdf,2026-04-22 16:34:45,250,
RUA,R10,88,Broc Feeney,,15,NaN,NaN,false,NaN,E:\2026\99_seasonTiming\04_RUA\top_speed\Race 10.pdf,2026-04-22 16:34:45,246,
RUA,R10,88,Broc Feeney,,16,NaN,NaN,false,NaN,E:\2026\99_seasonTiming\04_RUA\top_speed\Race 10.pdf,2026-04-22 16:34:45,251,
RUA,R10,88,Broc Feeney,,17,NaN,NaN,false,NaN,E:\2026\99_seasonTiming\04_RUA\top_speed\Race 10.pdf,2026-04-22 16:34:45,251,
RUA,R10,88,Broc Feeney,,18,NaN,NaN,false,NaN,E:\2026\99_seasonTiming\04_RUA\top_speed\Race 10.pdf,2026-04-22 16:34:45,250,
RUA,R10,88,Broc Feeney,,19,NaN,NaN,false,NaN,E:\2026\99_seasonTiming\04_RUA\top_speed\Race 10.pdf,2026-04-22 16:34:45,251,
RUA,R10,88,Broc Feeney,,20,NaN,NaN,false,NaN,E:\2026\99_seasonTiming\04_RUA\top_speed\Race 10.pdf,2026-04-22 16:34:45,251,
RUA,R10,88,Broc Feeney,,21,NaN,NaN,false,NaN,E:\2026\99_seasonTiming\04_RUA\top_speed\Race 10.pdf,2026-04-22 16:34:45,250,
RUA,R10,88,Broc Feeney,,22,NaN,NaN,false,NaN,E:\2026\99_seasonTiming\04_RUA\top_speed\Race 10.pdf,2026-04-22 16:34:45,193,
RUA,R10,88,Broc Feeney,,23,NaN,NaN,false,NaN,E:\2026\99_seasonTiming\04_RUA\top_speed\Race 10.pdf,2026-04-22 16:34:45,244,
RUA,R10,88,Broc Feeney,,24,NaN,NaN,false,NaN,E:\2026\99_seasonTiming\04_RUA\top_speed\Race 10.pdf,2026-04-22 16:34:45,250,
RUA,R10,88,Broc Feeney,,25,NaN,NaN,false,NaN,E:\2026\99_seasonTiming\04_RUA\top_speed\Race 10.pdf,2026-04-22 16:34:45,251,
RUA,R10,88,Broc Feeney,,26,NaN,NaN,false,NaN,E:\2026\99_seasonTiming\04_RUA\top_speed\Race 10.pdf,2026-04-22 16:34:45,250,
RUA,R10,88,Broc Feeney,,27,NaN,NaN,false,NaN,E:\2026\99_seasonTiming\04_RUA\top_speed\Race 10.pdf,2026-04-22 16:34:45,251,
RUA,R10,88,Broc Feeney,,28,NaN,NaN,false,NaN,E:\2026\99_seasonTiming\04_RUA\top_speed\Race 10.pdf,2026-04-22 16:34:45,251,
RUA,R10,88,Broc Feeney,,29,NaN,NaN,false,NaN,E:\2026\99_seasonTiming\04_RUA\top_speed\Race 10.pdf,2026-04-22 16:34:45,251,
RUA,R10,88,Broc Feeney,,30,NaN,NaN,false,NaN,E:\2026\99_seasonTiming\04_RUA\top_speed\Race 10.pdf,2026-04-22 16:34:45,252,
RUA,R10,88,Broc Feeney,,31,NaN,NaN,false,NaN,E:\2026\99_seasonTiming\04_RUA\top_speed\Race 10.pdf,2026-04-22 16:34:45,252,
RUA,R10,88,Broc Feeney,,32,NaN,NaN,false,NaN,E:\2026\99_seasonTiming\04_RUA\top_speed\Race 10.pdf,2026-04-22 16:34:45,250,
RUA,R10,88,Broc Feeney,,33,NaN,NaN,false,NaN,E:\2026\99_seasonTiming\04_RUA\top_speed\Race 10.pdf,2026-04-22 16:34:45,248,
RUA,R10,88,Broc Feeney,,34,NaN,NaN,false,NaN,E:\2026\99_seasonTiming\04_RUA\top_speed\Race 10.pdf,2026-04-22 16:34:45,244,
RUA,R10,88,Broc Feeney,,35,NaN,NaN,false,NaN,E:\2026\99_seasonTiming\04_RUA\top_speed\Race 10.pdf,2026-04-22 16:34:45,248,
RUA,R10,88,Broc Feeney,,36,NaN,NaN,false,NaN,E:\2026\99_seasonTiming\04_RUA\top_speed\Race 10.pdf,2026-04-22 16:34:45,234,
RUA,R10,88,Broc Feeney,,37,NaN,NaN,false,NaN,E:\2026\99_seasonTiming\04_RUA\top_speed\Race 10.pdf,2026-04-22 16:34:45,251,
RUA,R10,96,Macauley Jones,,1,NaN,NaN,false,NaN,E:\2026\99_seasonTiming\04_RUA\top_speed\Race 10.pdf,2026-04-22 16:34:45,87,
RUA,R10,96,Macauley Jones,,2,NaN,NaN,false,NaN,E:\2026\99_seasonTiming\04_RUA\top_speed\Race 10.pdf,2026-04-22 16:34:45,179,
RUA,R10,96,Macauley Jones,,3,NaN,NaN,false,NaN,E:\2026\99_seasonTiming\04_RUA\top_speed\Race 10.pdf,2026-04-22 16:34:45,240,
RUA,R10,96,Macauley Jones,,4,NaN,NaN,false,NaN,E:\2026\99_seasonTiming\04_RUA\top_speed\Race 10.pdf,2026-04-22 16:34:45,246,
RUA,R10,96,Macauley Jones,,5,NaN,NaN,false,NaN,E:\2026\99_seasonTiming\04_RUA\top_speed\Race 10.pdf,2026-04-22 16:34:45,245,
RUA,R10,96,Macauley Jones,,6,NaN,NaN,false,NaN,E:\2026\99_seasonTiming\04_RUA\top_speed\Race 10.pdf,2026-04-22 16:34:45,247,
RUA,R10,96,Macauley Jones,,7,NaN,NaN,false,NaN,E:\2026\99_seasonTiming\04_RUA\top_speed\Race 10.pdf,2026-04-22 16:34:45,247,
RUA,R10,96,Macauley Jones,,8,NaN,NaN,false,NaN,E:\2026\99_seasonTiming\04_RUA\top_speed\Race 10.pdf,2026-04-22 16:34:45,247,
RUA,R10,96,Macauley Jones,,9,NaN,NaN,false,NaN,E:\2026\99_seasonTiming\04_RUA\top_speed\Race 10.pdf,2026-04-22 16:34:45,246,
RUA,R10,96,Macauley Jones,,10,NaN,NaN,false,NaN,E:\2026\99_seasonTiming\04_RUA\top_speed\Race 10.pdf,2026-04-22 16:34:45,245,
RUA,R10,96,Macauley Jones,,11,NaN,NaN,false,NaN,E:\2026\99_seasonTiming\04_RUA\top_speed\Race 10.pdf,2026-04-22 16:34:45,245,
RUA,R10,96,Macauley Jones,,12,NaN,NaN,false,NaN,E:\2026\99_seasonTiming\04_RUA\top_speed\Race 10.pdf,2026-04-22 16:34:45,244,
RUA,R10,96,Macauley Jones,,13,NaN,NaN,false,NaN,E:\2026\99_seasonTiming\04_RUA\top_speed\Race 10.pdf,2026-04-22 16:34:45,246,
RUA,R10,96,Macauley Jones,,14,NaN,NaN,false,NaN,E:\2026\99_seasonTiming\04_RUA\top_speed\Race 10.pdf,2026-04-22 16:34:45,246,
RUA,R10,96,Macauley Jones,,15,NaN,NaN,false,NaN,E:\2026\99_seasonTiming\04_RUA\top_speed\Race 10.pdf,2026-04-22 16:34:45,247,
RUA,R10,96,Macauley Jones,,16,NaN,NaN,false,NaN,E:\2026\99_seasonTiming\04_RUA\top_speed\Race 10.pdf,2026-04-22 16:34:45,248,
RUA,R10,96,Macauley Jones,,17,NaN,NaN,false,NaN,E:\2026\99_seasonTiming\04_RUA\top_speed\Race 10.pdf,2026-04-22 16:34:45,247,
RUA,R10,96,Macauley Jones,,18,NaN,NaN,false,NaN,E:\2026\99_seasonTiming\04_RUA\top_speed\Race 10.pdf,2026-04-22 16:34:45,247,
RUA,R10,96,Macauley Jones,,19,NaN,NaN,false,NaN,E:\2026\99_seasonTiming\04_RUA\top_speed\Race 10.pdf,2026-04-22 16:34:45,197,
RUA,R10,96,Macauley Jones,,20,NaN,NaN,false,NaN,E:\2026\99_seasonTiming\04_RUA\top_speed\Race 10.pdf,2026-04-22 16:34:45,248,
RUA,R10,96,Macauley Jones,,21,NaN,NaN,false,NaN,E:\2026\99_seasonTiming\04_RUA\top_speed\Race 10.pdf,2026-04-22 16:34:45,248,
RUA,R10,96,Macauley Jones,,22,NaN,NaN,false,NaN,E:\2026\99_seasonTiming\04_RUA\top_speed\Race 10.pdf,2026-04-22 16:34:45,249,
RUA,R10,96,Macauley Jones,,23,NaN,NaN,false,NaN,E:\2026\99_seasonTiming\04_RUA\top_speed\Race 10.pdf,2026-04-22 16:34:45,249,
RUA,R10,96,Macauley Jones,,24,NaN,NaN,false,NaN,E:\2026\99_seasonTiming\04_RUA\top_speed\Race 10.pdf,2026-04-22 16:34:45,249,
RUA,R10,96,Macauley Jones,,25,NaN,NaN,false,NaN,E:\2026\99_seasonTiming\04_RUA\top_speed\Race 10.pdf,2026-04-22 16:34:45,248,
RUA,R10,96,Macauley Jones,,26,NaN,NaN,false,NaN,E:\2026\99_seasonTiming\04_RUA\top_speed\Race 10.pdf,2026-04-22 16:34:45,188,
RUA,R10,96,Macauley Jones,,27,NaN,NaN,false,NaN,E:\2026\99_seasonTiming\04_RUA\top_speed\Race 10.pdf,2026-04-22 16:34:45,247,
RUA,R10,96,Macauley Jones,,28,NaN,NaN,false,NaN,E:\2026\99_seasonTiming\04_RUA\top_speed\Race 10.pdf,2026-04-22 16:34:45,249,
RUA,R10,96,Macauley Jones,,29,NaN,NaN,false,NaN,E:\2026\99_seasonTiming\04_RUA\top_speed\Race 10.pdf,2026-04-22 16:34:45,249,
RUA,R10,96,Macauley Jones,,30,NaN,NaN,false,NaN,E:\2026\99_seasonTiming\04_RUA\top_speed\Race 10.pdf,2026-04-22 16:34:45,250,
RUA,R10,96,Macauley Jones,,31,NaN,NaN,false,NaN,E:\2026\99_seasonTiming\04_RUA\top_speed\Race 10.pdf,2026-04-22 16:34:45,249,
RUA,R10,96,Macauley Jones,,32,NaN,NaN,false,NaN,E:\2026\99_seasonTiming\04_RUA\top_speed\Race 10.pdf,2026-04-22 16:34:45,250,
RUA,R10,96,Macauley Jones,,33,NaN,NaN,false,NaN,E:\2026\99_seasonTiming\04_RUA\top_speed\Race 10.pdf,2026-04-22 16:34:45,251,
RUA,R10,96,Macauley Jones,,34,NaN,NaN,false,NaN,E:\2026\99_seasonTiming\04_RUA\top_speed\Race 10.pdf,2026-04-22 16:34:45,251,
RUA,R10,96,Macauley Jones,,35,NaN,NaN,false,NaN,E:\2026\99_seasonTiming\04_RUA\top_speed\Race 10.pdf,2026-04-22 16:34:45,246,
RUA,R10,99,Cooper Murray,,1,NaN,NaN,false,NaN,E:\2026\99_seasonTiming\04_RUA\top_speed\Race 10.pdf,2026-04-22 16:34:45,201,
RUA,R10,99,Cooper Murray,,2,NaN,NaN,false,NaN,E:\2026\99_seasonTiming\04_RUA\top_speed\Race 10.pdf,2026-04-22 16:34:45,217,
RUA,R10,99,Cooper Murray,,3,NaN,NaN,false,NaN,E:\2026\99_seasonTiming\04_RUA\top_speed\Race 10.pdf,2026-04-22 16:34:45,246,
RUA,R10,99,Cooper Murray,,4,NaN,NaN,false,NaN,E:\2026\99_seasonTiming\04_RUA\top_speed\Race 10.pdf,2026-04-22 16:34:45,250,
RUA,R10,99,Cooper Murray,,5,NaN,NaN,false,NaN,E:\2026\99_seasonTiming\04_RUA\top_speed\Race 10.pdf,2026-04-22 16:34:45,252,
RUA,R10,99,Cooper Murray,,6,NaN,NaN,false,NaN,E:\2026\99_seasonTiming\04_RUA\top_speed\Race 10.pdf,2026-04-22 16:34:45,251,
RUA,R10,99,Cooper Murray,,7,NaN,NaN,false,NaN,E:\2026\99_seasonTiming\04_RUA\top_speed\Race 10.pdf,2026-04-22 16:34:45,254,
RUA,R10,99,Cooper Murray,,8,NaN,NaN,false,NaN,E:\2026\99_seasonTiming\04_RUA\top_speed\Race 10.pdf,2026-04-22 16:34:45,249,
RUA,R10,99,Cooper Murray,,9,NaN,NaN,false,NaN,E:\2026\99_seasonTiming\04_RUA\top_speed\Race 10.pdf,2026-04-22 16:34:45,251,
RUA,R10,99,Cooper Murray,,10,NaN,NaN,false,NaN,E:\2026\99_seasonTiming\04_RUA\top_speed\Race 10.pdf,2026-04-22 16:34:45,249,
RUA,R10,99,Cooper Murray,,11,NaN,NaN,false,NaN,E:\2026\99_seasonTiming\04_RUA\top_speed\Race 10.pdf,2026-04-22 16:34:45,248,
RUA,R10,99,Cooper Murray,,12,NaN,NaN,false,NaN,E:\2026\99_seasonTiming\04_RUA\top_speed\Race 10.pdf,2026-04-22 16:34:45,249,
RUA,R10,99,Cooper Murray,,13,NaN,NaN,false,NaN,E:\2026\99_seasonTiming\04_RUA\top_speed\Race 10.pdf,2026-04-22 16:34:45,247,
RUA,R10,99,Cooper Murray,,14,NaN,NaN,false,NaN,E:\2026\99_seasonTiming\04_RUA\top_speed\Race 10.pdf,2026-04-22 16:34:45,249,
RUA,R10,99,Cooper Murray,,15,NaN,NaN,false,NaN,E:\2026\99_seasonTiming\04_RUA\top_speed\Race 10.pdf,2026-04-22 16:34:45,191,
RUA,R10,99,Cooper Murray,,16,NaN,NaN,false,NaN,E:\2026\99_seasonTiming\04_RUA\top_speed\Race 10.pdf,2026-04-22 16:34:45,250,
RUA,R10,99,Cooper Murray,,17,NaN,NaN,false,NaN,E:\2026\99_seasonTiming\04_RUA\top_speed\Race 10.pdf,2026-04-22 16:34:45,251,
RUA,R10,99,Cooper Murray,,18,NaN,NaN,false,NaN,E:\2026\99_seasonTiming\04_RUA\top_speed\Race 10.pdf,2026-04-22 16:34:45,251,
RUA,R10,99,Cooper Murray,,19,NaN,NaN,false,NaN,E:\2026\99_seasonTiming\04_RUA\top_speed\Race 10.pdf,2026-04-22 16:34:45,251,
RUA,R10,99,Cooper Murray,,20,NaN,NaN,false,NaN,E:\2026\99_seasonTiming\04_RUA\top_speed\Race 10.pdf,2026-04-22 16:34:45,248,
RUA,R10,99,Cooper Murray,,21,NaN,NaN,false,NaN,E:\2026\99_seasonTiming\04_RUA\top_speed\Race 10.pdf,2026-04-22 16:34:45,248,
RUA,R10,99,Cooper Murray,,22,NaN,NaN,false,NaN,E:\2026\99_seasonTiming\04_RUA\top_speed\Race 10.pdf,2026-04-22 16:34:45,251,
RUA,R10,99,Cooper Murray,,23,NaN,NaN,false,NaN,E:\2026\99_seasonTiming\04_RUA\top_speed\Race 10.pdf,2026-04-22 16:34:45,254,
RUA,R10,99,Cooper Murray,,24,NaN,NaN,false,NaN,E:\2026\99_seasonTiming\04_RUA\top_speed\Race 10.pdf,2026-04-22 16:34:45,253,
RUA,R10,99,Cooper Murray,,25,NaN,NaN,false,NaN,E:\2026\99_seasonTiming\04_RUA\top_speed\Race 10.pdf,2026-04-22 16:34:45,254,
RUA,R10,99,Cooper Murray,,26,NaN,NaN,false,NaN,E:\2026\99_seasonTiming\04_RUA\top_speed\Race 10.pdf,2026-04-22 16:34:45,254,
RUA,R10,99,Cooper Murray,,27,NaN,NaN,false,NaN,E:\2026\99_seasonTiming\04_RUA\top_speed\Race 10.pdf,2026-04-22 16:34:45,251,
RUA,R10,99,Cooper Murray,,28,NaN,NaN,false,NaN,E:\2026\99_seasonTiming\04_RUA\top_speed\Race 10.pdf,2026-04-22 16:34:45,252,
RUA,R10,99,Cooper Murray,,29,NaN,NaN,false,NaN,E:\2026\99_seasonTiming\04_RUA\top_speed\Race 10.pdf,2026-04-22 16:34:45,251,
RUA,R10,99,Cooper Murray,,30,NaN,NaN,false,NaN,E:\2026\99_seasonTiming\04_RUA\top_speed\Race 10.pdf,2026-04-22 16:34:45,252,
RUA,R10,99,Cooper Murray,,31,NaN,NaN,false,NaN,E:\2026\99_seasonTiming\04_RUA\top_speed\Race 10.pdf,2026-04-22 16:34:45,253,
RUA,R10,99,Cooper Murray,,32,NaN,NaN,false,NaN,E:\2026\99_seasonTiming\04_RUA\top_speed\Race 10.pdf,2026-04-22 16:34:45,253,
RUA,R10,99,Cooper Murray,,33,NaN,NaN,false,NaN,E:\2026\99_seasonTiming\04_RUA\top_speed\Race 10.pdf,2026-04-22 16:34:45,254,
RUA,R10,99,Cooper Murray,,34,NaN,NaN,false,NaN,E:\2026\99_seasonTiming\04_RUA\top_speed\Race 10.pdf,2026-04-22 16:34:45,254,
RUA,R10,99,Cooper Murray,,35,NaN,NaN,false,NaN,E:\2026\99_seasonTiming\04_RUA\top_speed\Race 10.pdf,2026-04-22 16:34:45,253,
RUA,R10,99,Cooper Murray,,36,NaN,NaN,false,NaN,E:\2026\99_seasonTiming\04_RUA\top_speed\Race 10.pdf,2026-04-22 16:34:45,253,
RUA,R10,99,Cooper Murray,,37,NaN,NaN,false,NaN,E:\2026\99_seasonTiming\04_RUA\top_speed\Race 10.pdf,2026-04-22 16:34:45,252,
RUA,R10,777,Declan Fraser,,1,NaN,NaN,false,NaN,E:\2026\99_seasonTiming\04_RUA\top_speed\Race 10.pdf,2026-04-22 16:34:45,209,
RUA,R10,777,Declan Fraser,,2,NaN,NaN,false,NaN,E:\2026\99_seasonTiming\04_RUA\top_speed\Race 10.pdf,2026-04-22 16:34:45,226,
RUA,R10,777,Declan Fraser,,3,NaN,NaN,false,NaN,E:\2026\99_seasonTiming\04_RUA\top_speed\Race 10.pdf,2026-04-22 16:34:45,252,
RUA,R10,777,Declan Fraser,,4,NaN,NaN,false,NaN,E:\2026\99_seasonTiming\04_RUA\top_speed\Race 10.pdf,2026-04-22 16:34:45,245,
RUA,R10,777,Declan Fraser,,5,NaN,NaN,false,NaN,E:\2026\99_seasonTiming\04_RUA\top_speed\Race 10.pdf,2026-04-22 16:34:45,241,
RUA,R10,777,Declan Fraser,,6,NaN,NaN,false,NaN,E:\2026\99_seasonTiming\04_RUA\top_speed\Race 10.pdf,2026-04-22 16:34:45,245,
RUA,R10,777,Declan Fraser,,7,NaN,NaN,false,NaN,E:\2026\99_seasonTiming\04_RUA\top_speed\Race 10.pdf,2026-04-22 16:34:45,245,
RUA,R10,777,Declan Fraser,,8,NaN,NaN,false,NaN,E:\2026\99_seasonTiming\04_RUA\top_speed\Race 10.pdf,2026-04-22 16:34:45,251,
RUA,R10,777,Declan Fraser,,9,NaN,NaN,false,NaN,E:\2026\99_seasonTiming\04_RUA\top_speed\Race 10.pdf,2026-04-22 16:34:45,253,
RUA,R10,777,Declan Fraser,,10,NaN,NaN,false,NaN,E:\2026\99_seasonTiming\04_RUA\top_speed\Race 10.pdf,2026-04-22 16:34:45,253,
RUA,R10,777,Declan Fraser,,11,NaN,NaN,false,NaN,E:\2026\99_seasonTiming\04_RUA\top_speed\Race 10.pdf,2026-04-22 16:34:45,240,
RUA,R10,777,Declan Fraser,,12,NaN,NaN,false,NaN,E:\2026\99_seasonTiming\04_RUA\top_speed\Race 10.pdf,2026-04-22 16:34:45,246,
RUA,R10,777,Declan Fraser,,13,NaN,NaN,false,NaN,E:\2026\99_seasonTiming\04_RUA\top_speed\Race 10.pdf,2026-04-22 16:34:45,243,
RUA,R10,777,Declan Fraser,,14,NaN,NaN,false,NaN,E:\2026\99_seasonTiming\04_RUA\top_speed\Race 10.pdf,2026-04-22 16:34:45,245,
RUA,R10,777,Declan Fraser,,15,NaN,NaN,false,NaN,E:\2026\99_seasonTiming\04_RUA\top_speed\Race 10.pdf,2026-04-22 16:34:45,249,
RUA,R10,777,Declan Fraser,,16,NaN,NaN,false,NaN,E:\2026\99_seasonTiming\04_RUA\top_speed\Race 10.pdf,2026-04-22 16:34:45,250,
RUA,R10,777,Declan Fraser,,17,NaN,NaN,false,NaN,E:\2026\99_seasonTiming\04_RUA\top_speed\Race 10.pdf,2026-04-22 16:34:45,251,
RUA,R10,777,Declan Fraser,,18,NaN,NaN,false,NaN,E:\2026\99_seasonTiming\04_RUA\top_speed\Race 10.pdf,2026-04-22 16:34:45,250,
RUA,R10,777,Declan Fraser,,19,NaN,NaN,false,NaN,E:\2026\99_seasonTiming\04_RUA\top_speed\Race 10.pdf,2026-04-22 16:34:45,252,
RUA,R10,777,Declan Fraser,,20,NaN,NaN,false,NaN,E:\2026\99_seasonTiming\04_RUA\top_speed\Race 10.pdf,2026-04-22 16:34:45,249,
RUA,R10,777,Declan Fraser,,21,NaN,NaN,false,NaN,E:\2026\99_seasonTiming\04_RUA\top_speed\Race 10.pdf,2026-04-22 16:34:45,247,
RUA,R10,777,Declan Fraser,,22,NaN,NaN,false,NaN,E:\2026\99_seasonTiming\04_RUA\top_speed\Race 10.pdf,2026-04-22 16:34:45,249,
RUA,R10,777,Declan Fraser,,23,NaN,NaN,false,NaN,E:\2026\99_seasonTiming\04_RUA\top_speed\Race 10.pdf,2026-04-22 16:34:45,251,
RUA,R10,777,Declan Fraser,,24,NaN,NaN,false,NaN,E:\2026\99_seasonTiming\04_RUA\top_speed\Race 10.pdf,2026-04-22 16:34:45,250,
RUA,R10,777,Declan Fraser,,25,NaN,NaN,false,NaN,E:\2026\99_seasonTiming\04_RUA\top_speed\Race 10.pdf,2026-04-22 16:34:45,249,
RUA,R10,777,Declan Fraser,,26,NaN,NaN,false,NaN,E:\2026\99_seasonTiming\04_RUA\top_speed\Race 10.pdf,2026-04-22 16:34:45,189,
RUA,R10,777,Declan Fraser,,27,NaN,NaN,false,NaN,E:\2026\99_seasonTiming\04_RUA\top_speed\Race 10.pdf,2026-04-22 16:34:45,251,
RUA,R10,777,Declan Fraser,,28,NaN,NaN,false,NaN,E:\2026\99_seasonTiming\04_RUA\top_speed\Race 10.pdf,2026-04-22 16:34:45,253,
RUA,R10,777,Declan Fraser,,29,NaN,NaN,false,NaN,E:\2026\99_seasonTiming\04_RUA\top_speed\Race 10.pdf,2026-04-22 16:34:45,233,
RUA,R10,777,Declan Fraser,,30,NaN,NaN,false,NaN,E:\2026\99_seasonTiming\04_RUA\top_speed\Race 10.pdf,2026-04-22 16:34:45,251,
RUA,R10,777,Declan Fraser,,31,NaN,NaN,false,NaN,E:\2026\99_seasonTiming\04_RUA\top_speed\Race 10.pdf,2026-04-22 16:34:45,244,
RUA,R10,777,Declan Fraser,,32,NaN,NaN,false,NaN,E:\2026\99_seasonTiming\04_RUA\top_speed\Race 10.pdf,2026-04-22 16:34:45,249,
RUA,R10,777,Declan Fraser,,33,NaN,NaN,false,NaN,E:\2026\99_seasonTiming\04_RUA\top_speed\Race 10.pdf,2026-04-22 16:34:45,253,
RUA,R10,777,Declan Fraser,,34,NaN,NaN,false,NaN,E:\2026\99_seasonTiming\04_RUA\top_speed\Race 10.pdf,2026-04-22 16:34:45,253,
RUA,R10,777,Declan Fraser,,35,NaN,NaN,false,NaN,E:\2026\99_seasonTiming\04_RUA\top_speed\Race 10.pdf,2026-04-22 16:34:45,255,
RUA,R10,777,Declan Fraser,,36,NaN,NaN,false,NaN,E:\2026\99_seasonTiming\04_RUA\top_speed\Race 10.pdf,2026-04-22 16:34:45,254,
RUA,R10,777,Declan Fraser,,37,NaN,NaN,false,NaN,E:\2026\99_seasonTiming\04_RUA\top_speed\Race 10.pdf,2026-04-22 16:34:45,252,
RUA,R10,888,William Brown,,1,NaN,NaN,false,NaN,E:\2026\99_seasonTiming\04_RUA\top_speed\Race 10.pdf,2026-04-22 16:34:45,204,
RUA,R10,888,William Brown,,2,NaN,NaN,false,NaN,E:\2026\99_seasonTiming\04_RUA\top_speed\Race 10.pdf,2026-04-22 16:34:45,244,
RUA,R10,888,William Brown,,3,NaN,NaN,false,NaN,E:\2026\99_seasonTiming\04_RUA\top_speed\Race 10.pdf,2026-04-22 16:34:45,248,
RUA,R10,888,William Brown,,4,NaN,NaN,false,NaN,E:\2026\99_seasonTiming\04_RUA\top_speed\Race 10.pdf,2026-04-22 16:34:45,248,
RUA,R10,888,William Brown,,5,NaN,NaN,false,NaN,E:\2026\99_seasonTiming\04_RUA\top_speed\Race 10.pdf,2026-04-22 16:34:45,249,
RUA,R10,888,William Brown,,6,NaN,NaN,false,NaN,E:\2026\99_seasonTiming\04_RUA\top_speed\Race 10.pdf,2026-04-22 16:34:45,249,
RUA,R10,888,William Brown,,7,NaN,NaN,false,NaN,E:\2026\99_seasonTiming\04_RUA\top_speed\Race 10.pdf,2026-04-22 16:34:45,248,
RUA,R10,888,William Brown,,8,NaN,NaN,false,NaN,E:\2026\99_seasonTiming\04_RUA\top_speed\Race 10.pdf,2026-04-22 16:34:45,248,
RUA,R10,888,William Brown,,9,NaN,NaN,false,NaN,E:\2026\99_seasonTiming\04_RUA\top_speed\Race 10.pdf,2026-04-22 16:34:45,249,
RUA,R10,888,William Brown,,10,NaN,NaN,false,NaN,E:\2026\99_seasonTiming\04_RUA\top_speed\Race 10.pdf,2026-04-22 16:34:45,248,
RUA,R10,888,William Brown,,11,NaN,NaN,false,NaN,E:\2026\99_seasonTiming\04_RUA\top_speed\Race 10.pdf,2026-04-22 16:34:45,247,
RUA,R10,888,William Brown,,12,NaN,NaN,false,NaN,E:\2026\99_seasonTiming\04_RUA\top_speed\Race 10.pdf,2026-04-22 16:34:45,247,
RUA,R10,888,William Brown,,13,NaN,NaN,false,NaN,E:\2026\99_seasonTiming\04_RUA\top_speed\Race 10.pdf,2026-04-22 16:34:45,246,
RUA,R10,888,William Brown,,14,NaN,NaN,false,NaN,E:\2026\99_seasonTiming\04_RUA\top_speed\Race 10.pdf,2026-04-22 16:34:45,246,
RUA,R10,888,William Brown,,15,NaN,NaN,false,NaN,E:\2026\99_seasonTiming\04_RUA\top_speed\Race 10.pdf,2026-04-22 16:34:45,247,
RUA,R10,888,William Brown,,16,NaN,NaN,false,NaN,E:\2026\99_seasonTiming\04_RUA\top_speed\Race 10.pdf,2026-04-22 16:34:45,248,
RUA,R10,888,William Brown,,17,NaN,NaN,false,NaN,E:\2026\99_seasonTiming\04_RUA\top_speed\Race 10.pdf,2026-04-22 16:34:45,248,
RUA,R10,888,William Brown,,18,NaN,NaN,false,NaN,E:\2026\99_seasonTiming\04_RUA\top_speed\Race 10.pdf,2026-04-22 16:34:45,248,
RUA,R10,888,William Brown,,19,NaN,NaN,false,NaN,E:\2026\99_seasonTiming\04_RUA\top_speed\Race 10.pdf,2026-04-22 16:34:45,248,
RUA,R10,888,William Brown,,20,NaN,NaN,false,NaN,E:\2026\99_seasonTiming\04_RUA\top_speed\Race 10.pdf,2026-04-22 16:34:45,249,
RUA,R10,888,William Brown,,21,NaN,NaN,false,NaN,E:\2026\99_seasonTiming\04_RUA\top_speed\Race 10.pdf,2026-04-22 16:34:45,190,
RUA,R10,888,William Brown,,22,NaN,NaN,false,NaN,E:\2026\99_seasonTiming\04_RUA\top_speed\Race 10.pdf,2026-04-22 16:34:45,249,
RUA,R10,888,William Brown,,23,NaN,NaN,false,NaN,E:\2026\99_seasonTiming\04_RUA\top_speed\Race 10.pdf,2026-04-22 16:34:45,251,
RUA,R10,888,William Brown,,24,NaN,NaN,false,NaN,E:\2026\99_seasonTiming\04_RUA\top_speed\Race 10.pdf,2026-04-22 16:34:45,250,
RUA,R10,888,William Brown,,25,NaN,NaN,false,NaN,E:\2026\99_seasonTiming\04_RUA\top_speed\Race 10.pdf,2026-04-22 16:34:45,250,
RUA,R10,888,William Brown,,26,NaN,NaN,false,NaN,E:\2026\99_seasonTiming\04_RUA\top_speed\Race 10.pdf,2026-04-22 16:34:45,250,
RUA,R10,888,William Brown,,27,NaN,NaN,false,NaN,E:\2026\99_seasonTiming\04_RUA\top_speed\Race 10.pdf,2026-04-22 16:34:45,251,
RUA,R10,888,William Brown,,28,NaN,NaN,false,NaN,E:\2026\99_seasonTiming\04_RUA\top_speed\Race 10.pdf,2026-04-22 16:34:45,251,
RUA,R10,888,William Brown,,29,NaN,NaN,false,NaN,E:\2026\99_seasonTiming\04_RUA\top_speed\Race 10.pdf,2026-04-22 16:34:45,252,
RUA,R10,888,William Brown,,30,NaN,NaN,false,NaN,E:\2026\99_seasonTiming\04_RUA\top_speed\Race 10.pdf,2026-04-22 16:34:45,249,
RUA,R10,888,William Brown,,31,NaN,NaN,false,NaN,E:\2026\99_seasonTiming\04_RUA\top_speed\Race 10.pdf,2026-04-22 16:34:45,254,
RUA,R10,888,William Brown,,32,NaN,NaN,false,NaN,E:\2026\99_seasonTiming\04_RUA\top_speed\Race 10.pdf,2026-04-22 16:34:45,251,
RUA,R10,888,William Brown,,33,NaN,NaN,false,NaN,E:\2026\99_seasonTiming\04_RUA\top_speed\Race 10.pdf,2026-04-22 16:34:45,253,
RUA,R10,888,William Brown,,34,NaN,NaN,false,NaN,E:\2026\99_seasonTiming\04_RUA\top_speed\Race 10.pdf,2026-04-22 16:34:45,248,
RUA,R10,888,William Brown,,35,NaN,NaN,false,NaN,E:\2026\99_seasonTiming\04_RUA\top_speed\Race 10.pdf,2026-04-22 16:34:45,251,
RUA,R10,888,William Brown,,36,NaN,NaN,false,NaN,E:\2026\99_seasonTiming\04_RUA\top_speed\Race 10.pdf,2026-04-22 16:34:45,248,
RUA,R10,888,William Brown,,37,NaN,NaN,false,NaN,E:\2026\99_seasonTiming\04_RUA\top_speed\Race 10.pdf,2026-04-22 16:34:45,246,
RUA,R11,1,Chaz Mostert,,1,NaN,NaN,false,NaN,E:\2026\99_seasonTiming\04_RUA\top_speed\Race 11.pdf,2026-04-22 16:34:45,209,
RUA,R11,1,Chaz Mostert,,2,NaN,NaN,false,NaN,E:\2026\99_seasonTiming\04_RUA\top_speed\Race 11.pdf,2026-04-22 16:34:45,249,
RUA,R11,1,Chaz Mostert,,3,NaN,NaN,false,NaN,E:\2026\99_seasonTiming\04_RUA\top_speed\Race 11.pdf,2026-04-22 16:34:45,249,
RUA,R11,1,Chaz Mostert,,4,NaN,NaN,false,NaN,E:\2026\99_seasonTiming\04_RUA\top_speed\Race 11.pdf,2026-04-22 16:34:45,248,
RUA,R11,1,Chaz Mostert,,5,NaN,NaN,false,NaN,E:\2026\99_seasonTiming\04_RUA\top_speed\Race 11.pdf,2026-04-22 16:34:45,249,
RUA,R11,1,Chaz Mostert,,6,NaN,NaN,false,NaN,E:\2026\99_seasonTiming\04_RUA\top_speed\Race 11.pdf,2026-04-22 16:34:45,249,
RUA,R11,1,Chaz Mostert,,7,NaN,NaN,false,NaN,E:\2026\99_seasonTiming\04_RUA\top_speed\Race 11.pdf,2026-04-22 16:34:45,249,
RUA,R11,1,Chaz Mostert,,8,NaN,NaN,false,NaN,E:\2026\99_seasonTiming\04_RUA\top_speed\Race 11.pdf,2026-04-22 16:34:45,250,
RUA,R11,1,Chaz Mostert,,9,NaN,NaN,false,NaN,E:\2026\99_seasonTiming\04_RUA\top_speed\Race 11.pdf,2026-04-22 16:34:45,250,
RUA,R11,1,Chaz Mostert,,10,NaN,NaN,false,NaN,E:\2026\99_seasonTiming\04_RUA\top_speed\Race 11.pdf,2026-04-22 16:34:45,250,
RUA,R11,1,Chaz Mostert,,11,NaN,NaN,false,NaN,E:\2026\99_seasonTiming\04_RUA\top_speed\Race 11.pdf,2026-04-22 16:34:45,250,
RUA,R11,1,Chaz Mostert,,12,NaN,NaN,false,NaN,E:\2026\99_seasonTiming\04_RUA\top_speed\Race 11.pdf,2026-04-22 16:34:45,249,
RUA,R11,1,Chaz Mostert,,13,NaN,NaN,false,NaN,E:\2026\99_seasonTiming\04_RUA\top_speed\Race 11.pdf,2026-04-22 16:34:45,249,
RUA,R11,1,Chaz Mostert,,14,NaN,NaN,false,NaN,E:\2026\99_seasonTiming\04_RUA\top_speed\Race 11.pdf,2026-04-22 16:34:45,249,
RUA,R11,1,Chaz Mostert,,15,NaN,NaN,false,NaN,E:\2026\99_seasonTiming\04_RUA\top_speed\Race 11.pdf,2026-04-22 16:34:45,248,
RUA,R11,1,Chaz Mostert,,16,NaN,NaN,false,NaN,E:\2026\99_seasonTiming\04_RUA\top_speed\Race 11.pdf,2026-04-22 16:34:45,249,
RUA,R11,1,Chaz Mostert,,17,NaN,NaN,false,NaN,E:\2026\99_seasonTiming\04_RUA\top_speed\Race 11.pdf,2026-04-22 16:34:45,191,
RUA,R11,1,Chaz Mostert,,18,NaN,NaN,false,NaN,E:\2026\99_seasonTiming\04_RUA\top_speed\Race 11.pdf,2026-04-22 16:34:45,248,
RUA,R11,1,Chaz Mostert,,19,NaN,NaN,false,NaN,E:\2026\99_seasonTiming\04_RUA\top_speed\Race 11.pdf,2026-04-22 16:34:45,248,
RUA,R11,1,Chaz Mostert,,20,NaN,NaN,false,NaN,E:\2026\99_seasonTiming\04_RUA\top_speed\Race 11.pdf,2026-04-22 16:34:45,248,
RUA,R11,1,Chaz Mostert,,21,NaN,NaN,false,NaN,E:\2026\99_seasonTiming\04_RUA\top_speed\Race 11.pdf,2026-04-22 16:34:45,248,
RUA,R11,1,Chaz Mostert,,22,NaN,NaN,false,NaN,E:\2026\99_seasonTiming\04_RUA\top_speed\Race 11.pdf,2026-04-22 16:34:45,249,
RUA,R11,1,Chaz Mostert,,23,NaN,NaN,false,NaN,E:\2026\99_seasonTiming\04_RUA\top_speed\Race 11.pdf,2026-04-22 16:34:45,249,
RUA,R11,1,Chaz Mostert,,24,NaN,NaN,false,NaN,E:\2026\99_seasonTiming\04_RUA\top_speed\Race 11.pdf,2026-04-22 16:34:45,250,
RUA,R11,1,Chaz Mostert,,25,NaN,NaN,false,NaN,E:\2026\99_seasonTiming\04_RUA\top_speed\Race 11.pdf,2026-04-22 16:34:45,250,
RUA,R11,1,Chaz Mostert,,26,NaN,NaN,false,NaN,E:\2026\99_seasonTiming\04_RUA\top_speed\Race 11.pdf,2026-04-22 16:34:45,251,
RUA,R11,1,Chaz Mostert,,27,NaN,NaN,false,NaN,E:\2026\99_seasonTiming\04_RUA\top_speed\Race 11.pdf,2026-04-22 16:34:45,249,
RUA,R11,1,Chaz Mostert,,28,NaN,NaN,false,NaN,E:\2026\99_seasonTiming\04_RUA\top_speed\Race 11.pdf,2026-04-22 16:34:45,249,
RUA,R11,1,Chaz Mostert,,29,NaN,NaN,false,NaN,E:\2026\99_seasonTiming\04_RUA\top_speed\Race 11.pdf,2026-04-22 16:34:45,250,
RUA,R11,1,Chaz Mostert,,30,NaN,NaN,false,NaN,E:\2026\99_seasonTiming\04_RUA\top_speed\Race 11.pdf,2026-04-22 16:34:45,249,
RUA,R11,1,Chaz Mostert,,31,NaN,NaN,false,NaN,E:\2026\99_seasonTiming\04_RUA\top_speed\Race 11.pdf,2026-04-22 16:34:45,246,
RUA,R11,1,Chaz Mostert,,32,NaN,NaN,false,NaN,E:\2026\99_seasonTiming\04_RUA\top_speed\Race 11.pdf,2026-04-22 16:34:45,247,
RUA,R11,1,Chaz Mostert,,33,NaN,NaN,false,NaN,E:\2026\99_seasonTiming\04_RUA\top_speed\Race 11.pdf,2026-04-22 16:34:45,248,
RUA,R11,1,Chaz Mostert,,34,NaN,NaN,false,NaN,E:\2026\99_seasonTiming\04_RUA\top_speed\Race 11.pdf,2026-04-22 16:34:45,248,
RUA,R11,1,Chaz Mostert,,35,NaN,NaN,false,NaN,E:\2026\99_seasonTiming\04_RUA\top_speed\Race 11.pdf,2026-04-22 16:34:45,245,
RUA,R11,1,Chaz Mostert,,36,NaN,NaN,false,NaN,E:\2026\99_seasonTiming\04_RUA\top_speed\Race 11.pdf,2026-04-22 16:34:45,246,
RUA,R11,1,Chaz Mostert,,37,NaN,NaN,false,NaN,E:\2026\99_seasonTiming\04_RUA\top_speed\Race 11.pdf,2026-04-22 16:34:45,246,
RUA,R11,2,Ryan Wood,,1,NaN,NaN,false,NaN,E:\2026\99_seasonTiming\04_RUA\top_speed\Race 11.pdf,2026-04-22 16:34:45,202,
RUA,R11,2,Ryan Wood,,2,NaN,NaN,false,NaN,E:\2026\99_seasonTiming\04_RUA\top_speed\Race 11.pdf,2026-04-22 16:34:45,249,
RUA,R11,2,Ryan Wood,,3,NaN,NaN,false,NaN,E:\2026\99_seasonTiming\04_RUA\top_speed\Race 11.pdf,2026-04-22 16:34:45,250,
RUA,R11,2,Ryan Wood,,4,NaN,NaN,false,NaN,E:\2026\99_seasonTiming\04_RUA\top_speed\Race 11.pdf,2026-04-22 16:34:45,251,
RUA,R11,2,Ryan Wood,,5,NaN,NaN,false,NaN,E:\2026\99_seasonTiming\04_RUA\top_speed\Race 11.pdf,2026-04-22 16:34:45,251,
RUA,R11,2,Ryan Wood,,6,NaN,NaN,false,NaN,E:\2026\99_seasonTiming\04_RUA\top_speed\Race 11.pdf,2026-04-22 16:34:45,250,
RUA,R11,2,Ryan Wood,,7,NaN,NaN,false,NaN,E:\2026\99_seasonTiming\04_RUA\top_speed\Race 11.pdf,2026-04-22 16:34:45,250,
RUA,R11,2,Ryan Wood,,8,NaN,NaN,false,NaN,E:\2026\99_seasonTiming\04_RUA\top_speed\Race 11.pdf,2026-04-22 16:34:45,249,
RUA,R11,2,Ryan Wood,,9,NaN,NaN,false,NaN,E:\2026\99_seasonTiming\04_RUA\top_speed\Race 11.pdf,2026-04-22 16:34:45,251,
RUA,R11,2,Ryan Wood,,10,NaN,NaN,false,NaN,E:\2026\99_seasonTiming\04_RUA\top_speed\Race 11.pdf,2026-04-22 16:34:45,250,
RUA,R11,2,Ryan Wood,,11,NaN,NaN,false,NaN,E:\2026\99_seasonTiming\04_RUA\top_speed\Race 11.pdf,2026-04-22 16:34:45,249,
RUA,R11,2,Ryan Wood,,12,NaN,NaN,false,NaN,E:\2026\99_seasonTiming\04_RUA\top_speed\Race 11.pdf,2026-04-22 16:34:45,250,
RUA,R11,2,Ryan Wood,,13,NaN,NaN,false,NaN,E:\2026\99_seasonTiming\04_RUA\top_speed\Race 11.pdf,2026-04-22 16:34:45,250,
RUA,R11,2,Ryan Wood,,14,NaN,NaN,false,NaN,E:\2026\99_seasonTiming\04_RUA\top_speed\Race 11.pdf,2026-04-22 16:34:45,250,
RUA,R11,2,Ryan Wood,,15,NaN,NaN,false,NaN,E:\2026\99_seasonTiming\04_RUA\top_speed\Race 11.pdf,2026-04-22 16:34:45,250,
RUA,R11,2,Ryan Wood,,16,NaN,NaN,false,NaN,E:\2026\99_seasonTiming\04_RUA\top_speed\Race 11.pdf,2026-04-22 16:34:45,249,
RUA,R11,2,Ryan Wood,,17,NaN,NaN,false,NaN,E:\2026\99_seasonTiming\04_RUA\top_speed\Race 11.pdf,2026-04-22 16:34:45,248,
RUA,R11,2,Ryan Wood,,18,NaN,NaN,false,NaN,E:\2026\99_seasonTiming\04_RUA\top_speed\Race 11.pdf,2026-04-22 16:34:45,191,
RUA,R11,2,Ryan Wood,,19,NaN,NaN,false,NaN,E:\2026\99_seasonTiming\04_RUA\top_speed\Race 11.pdf,2026-04-22 16:34:45,250,
RUA,R11,2,Ryan Wood,,20,NaN,NaN,false,NaN,E:\2026\99_seasonTiming\04_RUA\top_speed\Race 11.pdf,2026-04-22 16:34:45,248,
RUA,R11,2,Ryan Wood,,21,NaN,NaN,false,NaN,E:\2026\99_seasonTiming\04_RUA\top_speed\Race 11.pdf,2026-04-22 16:34:45,248,
RUA,R11,2,Ryan Wood,,22,NaN,NaN,false,NaN,E:\2026\99_seasonTiming\04_RUA\top_speed\Race 11.pdf,2026-04-22 16:34:45,249,
RUA,R11,2,Ryan Wood,,23,NaN,NaN,false,NaN,E:\2026\99_seasonTiming\04_RUA\top_speed\Race 11.pdf,2026-04-22 16:34:45,250,
RUA,R11,2,Ryan Wood,,24,NaN,NaN,false,NaN,E:\2026\99_seasonTiming\04_RUA\top_speed\Race 11.pdf,2026-04-22 16:34:45,249,
RUA,R11,2,Ryan Wood,,25,NaN,NaN,false,NaN,E:\2026\99_seasonTiming\04_RUA\top_speed\Race 11.pdf,2026-04-22 16:34:45,249,
RUA,R11,2,Ryan Wood,,26,NaN,NaN,false,NaN,E:\2026\99_seasonTiming\04_RUA\top_speed\Race 11.pdf,2026-04-22 16:34:45,249,
RUA,R11,2,Ryan Wood,,27,NaN,NaN,false,NaN,E:\2026\99_seasonTiming\04_RUA\top_speed\Race 11.pdf,2026-04-22 16:34:45,248,
RUA,R11,2,Ryan Wood,,28,NaN,NaN,false,NaN,E:\2026\99_seasonTiming\04_RUA\top_speed\Race 11.pdf,2026-04-22 16:34:45,249,
RUA,R11,2,Ryan Wood,,29,NaN,NaN,false,NaN,E:\2026\99_seasonTiming\04_RUA\top_speed\Race 11.pdf,2026-04-22 16:34:45,248,
RUA,R11,2,Ryan Wood,,30,NaN,NaN,false,NaN,E:\2026\99_seasonTiming\04_RUA\top_speed\Race 11.pdf,2026-04-22 16:34:45,248,
RUA,R11,2,Ryan Wood,,31,NaN,NaN,false,NaN,E:\2026\99_seasonTiming\04_RUA\top_speed\Race 11.pdf,2026-04-22 16:34:45,249,
RUA,R11,2,Ryan Wood,,32,NaN,NaN,false,NaN,E:\2026\99_seasonTiming\04_RUA\top_speed\Race 11.pdf,2026-04-22 16:34:45,250,
RUA,R11,2,Ryan Wood,,33,NaN,NaN,false,NaN,E:\2026\99_seasonTiming\04_RUA\top_speed\Race 11.pdf,2026-04-22 16:34:45,248,
RUA,R11,2,Ryan Wood,,34,NaN,NaN,false,NaN,E:\2026\99_seasonTiming\04_RUA\top_speed\Race 11.pdf,2026-04-22 16:34:45,248,
RUA,R11,2,Ryan Wood,,35,NaN,NaN,false,NaN,E:\2026\99_seasonTiming\04_RUA\top_speed\Race 11.pdf,2026-04-22 16:34:45,248,
RUA,R11,2,Ryan Wood,,36,NaN,NaN,false,NaN,E:\2026\99_seasonTiming\04_RUA\top_speed\Race 11.pdf,2026-04-22 16:34:45,248,
RUA,R11,2,Ryan Wood,,37,NaN,NaN,false,NaN,E:\2026\99_seasonTiming\04_RUA\top_speed\Race 11.pdf,2026-04-22 16:34:45,248,
RUA,R11,3,Aaron Cameron,,1,NaN,NaN,false,NaN,E:\2026\99_seasonTiming\04_RUA\top_speed\Race 11.pdf,2026-04-22 16:34:45,198,
RUA,R11,3,Aaron Cameron,,2,NaN,NaN,false,NaN,E:\2026\99_seasonTiming\04_RUA\top_speed\Race 11.pdf,2026-04-22 16:34:45,243,
RUA,R11,3,Aaron Cameron,,3,NaN,NaN,false,NaN,E:\2026\99_seasonTiming\04_RUA\top_speed\Race 11.pdf,2026-04-22 16:34:45,251,
RUA,R11,3,Aaron Cameron,,4,NaN,NaN,false,NaN,E:\2026\99_seasonTiming\04_RUA\top_speed\Race 11.pdf,2026-04-22 16:34:45,250,
RUA,R11,3,Aaron Cameron,,5,NaN,NaN,false,NaN,E:\2026\99_seasonTiming\04_RUA\top_speed\Race 11.pdf,2026-04-22 16:34:45,250,
RUA,R11,3,Aaron Cameron,,6,NaN,NaN,false,NaN,E:\2026\99_seasonTiming\04_RUA\top_speed\Race 11.pdf,2026-04-22 16:34:45,251,
RUA,R11,3,Aaron Cameron,,7,NaN,NaN,false,NaN,E:\2026\99_seasonTiming\04_RUA\top_speed\Race 11.pdf,2026-04-22 16:34:45,251,
RUA,R11,3,Aaron Cameron,,8,NaN,NaN,false,NaN,E:\2026\99_seasonTiming\04_RUA\top_speed\Race 11.pdf,2026-04-22 16:34:45,251,
RUA,R11,3,Aaron Cameron,,9,NaN,NaN,false,NaN,E:\2026\99_seasonTiming\04_RUA\top_speed\Race 11.pdf,2026-04-22 16:34:45,251,
RUA,R11,3,Aaron Cameron,,10,NaN,NaN,false,NaN,E:\2026\99_seasonTiming\04_RUA\top_speed\Race 11.pdf,2026-04-22 16:34:45,250,
RUA,R11,3,Aaron Cameron,,11,NaN,NaN,false,NaN,E:\2026\99_seasonTiming\04_RUA\top_speed\Race 11.pdf,2026-04-22 16:34:45,251,
RUA,R11,3,Aaron Cameron,,12,NaN,NaN,false,NaN,E:\2026\99_seasonTiming\04_RUA\top_speed\Race 11.pdf,2026-04-22 16:34:45,251,
RUA,R11,3,Aaron Cameron,,13,NaN,NaN,false,NaN,E:\2026\99_seasonTiming\04_RUA\top_speed\Race 11.pdf,2026-04-22 16:34:45,252,
RUA,R11,3,Aaron Cameron,,14,NaN,NaN,false,NaN,E:\2026\99_seasonTiming\04_RUA\top_speed\Race 11.pdf,2026-04-22 16:34:45,251,
RUA,R11,3,Aaron Cameron,,15,NaN,NaN,false,NaN,E:\2026\99_seasonTiming\04_RUA\top_speed\Race 11.pdf,2026-04-22 16:34:45,251,
RUA,R11,3,Aaron Cameron,,16,NaN,NaN,false,NaN,E:\2026\99_seasonTiming\04_RUA\top_speed\Race 11.pdf,2026-04-22 16:34:45,251,
RUA,R11,3,Aaron Cameron,,17,NaN,NaN,false,NaN,E:\2026\99_seasonTiming\04_RUA\top_speed\Race 11.pdf,2026-04-22 16:34:45,251,
RUA,R11,3,Aaron Cameron,,18,NaN,NaN,false,NaN,E:\2026\99_seasonTiming\04_RUA\top_speed\Race 11.pdf,2026-04-22 16:34:45,252,
RUA,R11,3,Aaron Cameron,,19,NaN,NaN,false,NaN,E:\2026\99_seasonTiming\04_RUA\top_speed\Race 11.pdf,2026-04-22 16:34:45,252,
RUA,R11,3,Aaron Cameron,,20,NaN,NaN,false,NaN,E:\2026\99_seasonTiming\04_RUA\top_speed\Race 11.pdf,2026-04-22 16:34:45,252,
RUA,R11,3,Aaron Cameron,,21,NaN,NaN,false,NaN,E:\2026\99_seasonTiming\04_RUA\top_speed\Race 11.pdf,2026-04-22 16:34:45,194,
RUA,R11,3,Aaron Cameron,,22,NaN,NaN,false,NaN,E:\2026\99_seasonTiming\04_RUA\top_speed\Race 11.pdf,2026-04-22 16:34:45,252,
RUA,R11,3,Aaron Cameron,,23,NaN,NaN,false,NaN,E:\2026\99_seasonTiming\04_RUA\top_speed\Race 11.pdf,2026-04-22 16:34:45,253,
RUA,R11,3,Aaron Cameron,,24,NaN,NaN,false,NaN,E:\2026\99_seasonTiming\04_RUA\top_speed\Race 11.pdf,2026-04-22 16:34:45,252,
RUA,R11,3,Aaron Cameron,,25,NaN,NaN,false,NaN,E:\2026\99_seasonTiming\04_RUA\top_speed\Race 11.pdf,2026-04-22 16:34:45,251,
RUA,R11,3,Aaron Cameron,,26,NaN,NaN,false,NaN,E:\2026\99_seasonTiming\04_RUA\top_speed\Race 11.pdf,2026-04-22 16:34:45,252,
RUA,R11,3,Aaron Cameron,,27,NaN,NaN,false,NaN,E:\2026\99_seasonTiming\04_RUA\top_speed\Race 11.pdf,2026-04-22 16:34:45,246,
RUA,R11,3,Aaron Cameron,,28,NaN,NaN,false,NaN,E:\2026\99_seasonTiming\04_RUA\top_speed\Race 11.pdf,2026-04-22 16:34:45,253,
RUA,R11,3,Aaron Cameron,,29,NaN,NaN,false,NaN,E:\2026\99_seasonTiming\04_RUA\top_speed\Race 11.pdf,2026-04-22 16:34:45,249,
RUA,R11,3,Aaron Cameron,,30,NaN,NaN,false,NaN,E:\2026\99_seasonTiming\04_RUA\top_speed\Race 11.pdf,2026-04-22 16:34:45,250,
RUA,R11,3,Aaron Cameron,,31,NaN,NaN,false,NaN,E:\2026\99_seasonTiming\04_RUA\top_speed\Race 11.pdf,2026-04-22 16:34:45,252,
RUA,R11,3,Aaron Cameron,,32,NaN,NaN,false,NaN,E:\2026\99_seasonTiming\04_RUA\top_speed\Race 11.pdf,2026-04-22 16:34:45,251,
RUA,R11,3,Aaron Cameron,,33,NaN,NaN,false,NaN,E:\2026\99_seasonTiming\04_RUA\top_speed\Race 11.pdf,2026-04-22 16:34:45,250,
RUA,R11,3,Aaron Cameron,,34,NaN,NaN,false,NaN,E:\2026\99_seasonTiming\04_RUA\top_speed\Race 11.pdf,2026-04-22 16:34:45,252,
RUA,R11,3,Aaron Cameron,,35,NaN,NaN,false,NaN,E:\2026\99_seasonTiming\04_RUA\top_speed\Race 11.pdf,2026-04-22 16:34:45,252,
RUA,R11,3,Aaron Cameron,,36,NaN,NaN,false,NaN,E:\2026\99_seasonTiming\04_RUA\top_speed\Race 11.pdf,2026-04-22 16:34:45,250,
RUA,R11,3,Aaron Cameron,,37,NaN,NaN,false,NaN,E:\2026\99_seasonTiming\04_RUA\top_speed\Race 11.pdf,2026-04-22 16:34:45,251,
RUA,R11,4,Jack Le Brocq,,1,NaN,NaN,false,NaN,E:\2026\99_seasonTiming\04_RUA\top_speed\Race 11.pdf,2026-04-22 16:34:45,213,
RUA,R11,4,Jack Le Brocq,,2,NaN,NaN,false,NaN,E:\2026\99_seasonTiming\04_RUA\top_speed\Race 11.pdf,2026-04-22 16:34:45,239,
RUA,R11,4,Jack Le Brocq,,3,NaN,NaN,false,NaN,E:\2026\99_seasonTiming\04_RUA\top_speed\Race 11.pdf,2026-04-22 16:34:45,245,
RUA,R11,4,Jack Le Brocq,,4,NaN,NaN,false,NaN,E:\2026\99_seasonTiming\04_RUA\top_speed\Race 11.pdf,2026-04-22 16:34:45,247,
RUA,R11,4,Jack Le Brocq,,5,NaN,NaN,false,NaN,E:\2026\99_seasonTiming\04_RUA\top_speed\Race 11.pdf,2026-04-22 16:34:45,251,
RUA,R11,4,Jack Le Brocq,,6,NaN,NaN,false,NaN,E:\2026\99_seasonTiming\04_RUA\top_speed\Race 11.pdf,2026-04-22 16:34:45,250,
RUA,R11,4,Jack Le Brocq,,7,NaN,NaN,false,NaN,E:\2026\99_seasonTiming\04_RUA\top_speed\Race 11.pdf,2026-04-22 16:34:45,250,
RUA,R11,4,Jack Le Brocq,,8,NaN,NaN,false,NaN,E:\2026\99_seasonTiming\04_RUA\top_speed\Race 11.pdf,2026-04-22 16:34:45,252,
RUA,R11,4,Jack Le Brocq,,9,NaN,NaN,false,NaN,E:\2026\99_seasonTiming\04_RUA\top_speed\Race 11.pdf,2026-04-22 16:34:45,249,
RUA,R11,4,Jack Le Brocq,,10,NaN,NaN,false,NaN,E:\2026\99_seasonTiming\04_RUA\top_speed\Race 11.pdf,2026-04-22 16:34:45,249,
RUA,R11,4,Jack Le Brocq,,11,NaN,NaN,false,NaN,E:\2026\99_seasonTiming\04_RUA\top_speed\Race 11.pdf,2026-04-22 16:34:45,190,
RUA,R11,4,Jack Le Brocq,,12,NaN,NaN,false,NaN,E:\2026\99_seasonTiming\04_RUA\top_speed\Race 11.pdf,2026-04-22 16:34:45,248,
RUA,R11,4,Jack Le Brocq,,13,NaN,NaN,false,NaN,E:\2026\99_seasonTiming\04_RUA\top_speed\Race 11.pdf,2026-04-22 16:34:45,249,
RUA,R11,4,Jack Le Brocq,,14,NaN,NaN,false,NaN,E:\2026\99_seasonTiming\04_RUA\top_speed\Race 11.pdf,2026-04-22 16:34:45,250,
RUA,R11,4,Jack Le Brocq,,15,NaN,NaN,false,NaN,E:\2026\99_seasonTiming\04_RUA\top_speed\Race 11.pdf,2026-04-22 16:34:45,250,
RUA,R11,4,Jack Le Brocq,,16,NaN,NaN,false,NaN,E:\2026\99_seasonTiming\04_RUA\top_speed\Race 11.pdf,2026-04-22 16:34:45,249,
RUA,R11,4,Jack Le Brocq,,17,NaN,NaN,false,NaN,E:\2026\99_seasonTiming\04_RUA\top_speed\Race 11.pdf,2026-04-22 16:34:45,249,
RUA,R11,4,Jack Le Brocq,,18,NaN,NaN,false,NaN,E:\2026\99_seasonTiming\04_RUA\top_speed\Race 11.pdf,2026-04-22 16:34:45,250,
RUA,R11,4,Jack Le Brocq,,19,NaN,NaN,false,NaN,E:\2026\99_seasonTiming\04_RUA\top_speed\Race 11.pdf,2026-04-22 16:34:45,250,
RUA,R11,4,Jack Le Brocq,,20,NaN,NaN,false,NaN,E:\2026\99_seasonTiming\04_RUA\top_speed\Race 11.pdf,2026-04-22 16:34:45,250,
RUA,R11,4,Jack Le Brocq,,21,NaN,NaN,false,NaN,E:\2026\99_seasonTiming\04_RUA\top_speed\Race 11.pdf,2026-04-22 16:34:45,249,
RUA,R11,4,Jack Le Brocq,,22,NaN,NaN,false,NaN,E:\2026\99_seasonTiming\04_RUA\top_speed\Race 11.pdf,2026-04-22 16:34:45,251,
RUA,R11,4,Jack Le Brocq,,23,NaN,NaN,false,NaN,E:\2026\99_seasonTiming\04_RUA\top_speed\Race 11.pdf,2026-04-22 16:34:45,251,
RUA,R11,4,Jack Le Brocq,,24,NaN,NaN,false,NaN,E:\2026\99_seasonTiming\04_RUA\top_speed\Race 11.pdf,2026-04-22 16:34:45,251,
RUA,R11,4,Jack Le Brocq,,25,NaN,NaN,false,NaN,E:\2026\99_seasonTiming\04_RUA\top_speed\Race 11.pdf,2026-04-22 16:34:45,251,
RUA,R11,4,Jack Le Brocq,,26,NaN,NaN,false,NaN,E:\2026\99_seasonTiming\04_RUA\top_speed\Race 11.pdf,2026-04-22 16:34:45,251,
RUA,R11,4,Jack Le Brocq,,27,NaN,NaN,false,NaN,E:\2026\99_seasonTiming\04_RUA\top_speed\Race 11.pdf,2026-04-22 16:34:45,248,
RUA,R11,4,Jack Le Brocq,,28,NaN,NaN,false,NaN,E:\2026\99_seasonTiming\04_RUA\top_speed\Race 11.pdf,2026-04-22 16:34:45,250,
RUA,R11,4,Jack Le Brocq,,29,NaN,NaN,false,NaN,E:\2026\99_seasonTiming\04_RUA\top_speed\Race 11.pdf,2026-04-22 16:34:45,250,
RUA,R11,4,Jack Le Brocq,,30,NaN,NaN,false,NaN,E:\2026\99_seasonTiming\04_RUA\top_speed\Race 11.pdf,2026-04-22 16:34:45,250,
RUA,R11,4,Jack Le Brocq,,31,NaN,NaN,false,NaN,E:\2026\99_seasonTiming\04_RUA\top_speed\Race 11.pdf,2026-04-22 16:34:45,250,
RUA,R11,4,Jack Le Brocq,,32,NaN,NaN,false,NaN,E:\2026\99_seasonTiming\04_RUA\top_speed\Race 11.pdf,2026-04-22 16:34:45,251,
RUA,R11,4,Jack Le Brocq,,33,NaN,NaN,false,NaN,E:\2026\99_seasonTiming\04_RUA\top_speed\Race 11.pdf,2026-04-22 16:34:45,249,
RUA,R11,4,Jack Le Brocq,,34,NaN,NaN,false,NaN,E:\2026\99_seasonTiming\04_RUA\top_speed\Race 11.pdf,2026-04-22 16:34:45,252,
RUA,R11,4,Jack Le Brocq,,35,NaN,NaN,false,NaN,E:\2026\99_seasonTiming\04_RUA\top_speed\Race 11.pdf,2026-04-22 16:34:45,247,
RUA,R11,4,Jack Le Brocq,,36,NaN,NaN,false,NaN,E:\2026\99_seasonTiming\04_RUA\top_speed\Race 11.pdf,2026-04-22 16:34:45,247,
RUA,R11,4,Jack Le Brocq,,37,NaN,NaN,false,NaN,E:\2026\99_seasonTiming\04_RUA\top_speed\Race 11.pdf,2026-04-22 16:34:45,249,
RUA,R11,6,Cameron Waters,,1,NaN,NaN,false,NaN,E:\2026\99_seasonTiming\04_RUA\top_speed\Race 11.pdf,2026-04-22 16:34:45,214,
RUA,R11,6,Cameron Waters,,2,NaN,NaN,false,NaN,E:\2026\99_seasonTiming\04_RUA\top_speed\Race 11.pdf,2026-04-22 16:34:45,235,
RUA,R11,6,Cameron Waters,,3,NaN,NaN,false,NaN,E:\2026\99_seasonTiming\04_RUA\top_speed\Race 11.pdf,2026-04-22 16:34:45,240,
RUA,R11,6,Cameron Waters,,4,NaN,NaN,false,NaN,E:\2026\99_seasonTiming\04_RUA\top_speed\Race 11.pdf,2026-04-22 16:34:45,244,
RUA,R11,6,Cameron Waters,,5,NaN,NaN,false,NaN,E:\2026\99_seasonTiming\04_RUA\top_speed\Race 11.pdf,2026-04-22 16:34:45,249,
RUA,R11,6,Cameron Waters,,6,NaN,NaN,false,NaN,E:\2026\99_seasonTiming\04_RUA\top_speed\Race 11.pdf,2026-04-22 16:34:45,248,
RUA,R11,6,Cameron Waters,,7,NaN,NaN,false,NaN,E:\2026\99_seasonTiming\04_RUA\top_speed\Race 11.pdf,2026-04-22 16:34:45,250,
RUA,R11,6,Cameron Waters,,8,NaN,NaN,false,NaN,E:\2026\99_seasonTiming\04_RUA\top_speed\Race 11.pdf,2026-04-22 16:34:45,249,
RUA,R11,6,Cameron Waters,,9,NaN,NaN,false,NaN,E:\2026\99_seasonTiming\04_RUA\top_speed\Race 11.pdf,2026-04-22 16:34:45,250,
RUA,R11,6,Cameron Waters,,10,NaN,NaN,false,NaN,E:\2026\99_seasonTiming\04_RUA\top_speed\Race 11.pdf,2026-04-22 16:34:45,250,
RUA,R11,6,Cameron Waters,,11,NaN,NaN,false,NaN,E:\2026\99_seasonTiming\04_RUA\top_speed\Race 11.pdf,2026-04-22 16:34:45,249,
RUA,R11,6,Cameron Waters,,12,NaN,NaN,false,NaN,E:\2026\99_seasonTiming\04_RUA\top_speed\Race 11.pdf,2026-04-22 16:34:45,250,
RUA,R11,6,Cameron Waters,,13,NaN,NaN,false,NaN,E:\2026\99_seasonTiming\04_RUA\top_speed\Race 11.pdf,2026-04-22 16:34:45,250,
RUA,R11,6,Cameron Waters,,14,NaN,NaN,false,NaN,E:\2026\99_seasonTiming\04_RUA\top_speed\Race 11.pdf,2026-04-22 16:34:45,251,
RUA,R11,6,Cameron Waters,,15,NaN,NaN,false,NaN,E:\2026\99_seasonTiming\04_RUA\top_speed\Race 11.pdf,2026-04-22 16:34:45,251,
RUA,R11,6,Cameron Waters,,16,NaN,NaN,false,NaN,E:\2026\99_seasonTiming\04_RUA\top_speed\Race 11.pdf,2026-04-22 16:34:45,249,
RUA,R11,6,Cameron Waters,,17,NaN,NaN,false,NaN,E:\2026\99_seasonTiming\04_RUA\top_speed\Race 11.pdf,2026-04-22 16:34:45,250,
RUA,R11,6,Cameron Waters,,18,NaN,NaN,false,NaN,E:\2026\99_seasonTiming\04_RUA\top_speed\Race 11.pdf,2026-04-22 16:34:45,250,
RUA,R11,6,Cameron Waters,,19,NaN,NaN,false,NaN,E:\2026\99_seasonTiming\04_RUA\top_speed\Race 11.pdf,2026-04-22 16:34:45,249,
RUA,R11,6,Cameron Waters,,20,NaN,NaN,false,NaN,E:\2026\99_seasonTiming\04_RUA\top_speed\Race 11.pdf,2026-04-22 16:34:45,249,
RUA,R11,6,Cameron Waters,,21,NaN,NaN,false,NaN,E:\2026\99_seasonTiming\04_RUA\top_speed\Race 11.pdf,2026-04-22 16:34:45,191,
RUA,R11,6,Cameron Waters,,22,NaN,NaN,false,NaN,E:\2026\99_seasonTiming\04_RUA\top_speed\Race 11.pdf,2026-04-22 16:34:45,249,
RUA,R11,6,Cameron Waters,,23,NaN,NaN,false,NaN,E:\2026\99_seasonTiming\04_RUA\top_speed\Race 11.pdf,2026-04-22 16:34:45,250,
RUA,R11,6,Cameron Waters,,24,NaN,NaN,false,NaN,E:\2026\99_seasonTiming\04_RUA\top_speed\Race 11.pdf,2026-04-22 16:34:45,251,
RUA,R11,6,Cameron Waters,,25,NaN,NaN,false,NaN,E:\2026\99_seasonTiming\04_RUA\top_speed\Race 11.pdf,2026-04-22 16:34:45,252,
RUA,R11,6,Cameron Waters,,26,NaN,NaN,false,NaN,E:\2026\99_seasonTiming\04_RUA\top_speed\Race 11.pdf,2026-04-22 16:34:45,251,
RUA,R11,6,Cameron Waters,,27,NaN,NaN,false,NaN,E:\2026\99_seasonTiming\04_RUA\top_speed\Race 11.pdf,2026-04-22 16:34:45,254,
RUA,R11,6,Cameron Waters,,28,NaN,NaN,false,NaN,E:\2026\99_seasonTiming\04_RUA\top_speed\Race 11.pdf,2026-04-22 16:34:45,250,
RUA,R11,6,Cameron Waters,,29,NaN,NaN,false,NaN,E:\2026\99_seasonTiming\04_RUA\top_speed\Race 11.pdf,2026-04-22 16:34:45,250,
RUA,R11,6,Cameron Waters,,30,NaN,NaN,false,NaN,E:\2026\99_seasonTiming\04_RUA\top_speed\Race 11.pdf,2026-04-22 16:34:45,250,
RUA,R11,6,Cameron Waters,,31,NaN,NaN,false,NaN,E:\2026\99_seasonTiming\04_RUA\top_speed\Race 11.pdf,2026-04-22 16:34:45,253,
RUA,R11,6,Cameron Waters,,32,NaN,NaN,false,NaN,E:\2026\99_seasonTiming\04_RUA\top_speed\Race 11.pdf,2026-04-22 16:34:45,249,
RUA,R11,6,Cameron Waters,,33,NaN,NaN,false,NaN,E:\2026\99_seasonTiming\04_RUA\top_speed\Race 11.pdf,2026-04-22 16:34:45,251,
RUA,R11,6,Cameron Waters,,34,NaN,NaN,false,NaN,E:\2026\99_seasonTiming\04_RUA\top_speed\Race 11.pdf,2026-04-22 16:34:45,244,
RUA,R11,6,Cameron Waters,,35,NaN,NaN,false,NaN,E:\2026\99_seasonTiming\04_RUA\top_speed\Race 11.pdf,2026-04-22 16:34:45,251,
RUA,R11,6,Cameron Waters,,36,NaN,NaN,false,NaN,E:\2026\99_seasonTiming\04_RUA\top_speed\Race 11.pdf,2026-04-22 16:34:45,249,
RUA,R11,6,Cameron Waters,,37,NaN,NaN,false,NaN,E:\2026\99_seasonTiming\04_RUA\top_speed\Race 11.pdf,2026-04-22 16:34:45,249,
RUA,R11,7,James Golding,,1,NaN,NaN,false,NaN,E:\2026\99_seasonTiming\04_RUA\top_speed\Race 11.pdf,2026-04-22 16:34:45,195,
RUA,R11,7,James Golding,,2,NaN,NaN,false,NaN,E:\2026\99_seasonTiming\04_RUA\top_speed\Race 11.pdf,2026-04-22 16:34:45,244,
RUA,R11,7,James Golding,,3,NaN,NaN,false,NaN,E:\2026\99_seasonTiming\04_RUA\top_speed\Race 11.pdf,2026-04-22 16:34:45,247,
RUA,R11,7,James Golding,,4,NaN,NaN,false,NaN,E:\2026\99_seasonTiming\04_RUA\top_speed\Race 11.pdf,2026-04-22 16:34:45,250,
RUA,R11,7,James Golding,,5,NaN,NaN,false,NaN,E:\2026\99_seasonTiming\04_RUA\top_speed\Race 11.pdf,2026-04-22 16:34:45,252,
RUA,R11,7,James Golding,,6,NaN,NaN,false,NaN,E:\2026\99_seasonTiming\04_RUA\top_speed\Race 11.pdf,2026-04-22 16:34:45,253,
RUA,R11,7,James Golding,,7,NaN,NaN,false,NaN,E:\2026\99_seasonTiming\04_RUA\top_speed\Race 11.pdf,2026-04-22 16:34:45,252,
RUA,R11,7,James Golding,,8,NaN,NaN,false,NaN,E:\2026\99_seasonTiming\04_RUA\top_speed\Race 11.pdf,2026-04-22 16:34:45,250,
RUA,R11,7,James Golding,,9,NaN,NaN,false,NaN,E:\2026\99_seasonTiming\04_RUA\top_speed\Race 11.pdf,2026-04-22 16:34:45,251,
RUA,R11,7,James Golding,,10,NaN,NaN,false,NaN,E:\2026\99_seasonTiming\04_RUA\top_speed\Race 11.pdf,2026-04-22 16:34:45,251,
RUA,R11,7,James Golding,,11,NaN,NaN,false,NaN,E:\2026\99_seasonTiming\04_RUA\top_speed\Race 11.pdf,2026-04-22 16:34:45,252,
RUA,R11,7,James Golding,,12,NaN,NaN,false,NaN,E:\2026\99_seasonTiming\04_RUA\top_speed\Race 11.pdf,2026-04-22 16:34:45,250,
RUA,R11,7,James Golding,,13,NaN,NaN,false,NaN,E:\2026\99_seasonTiming\04_RUA\top_speed\Race 11.pdf,2026-04-22 16:34:45,250,
RUA,R11,7,James Golding,,14,NaN,NaN,false,NaN,E:\2026\99_seasonTiming\04_RUA\top_speed\Race 11.pdf,2026-04-22 16:34:45,251,
RUA,R11,7,James Golding,,15,NaN,NaN,false,NaN,E:\2026\99_seasonTiming\04_RUA\top_speed\Race 11.pdf,2026-04-22 16:34:45,250,
RUA,R11,7,James Golding,,16,NaN,NaN,false,NaN,E:\2026\99_seasonTiming\04_RUA\top_speed\Race 11.pdf,2026-04-22 16:34:45,251,
RUA,R11,7,James Golding,,17,NaN,NaN,false,NaN,E:\2026\99_seasonTiming\04_RUA\top_speed\Race 11.pdf,2026-04-22 16:34:45,250,
RUA,R11,7,James Golding,,18,NaN,NaN,false,NaN,E:\2026\99_seasonTiming\04_RUA\top_speed\Race 11.pdf,2026-04-22 16:34:45,251,
RUA,R11,7,James Golding,,19,NaN,NaN,false,NaN,E:\2026\99_seasonTiming\04_RUA\top_speed\Race 11.pdf,2026-04-22 16:34:45,251,
RUA,R11,7,James Golding,,20,NaN,NaN,false,NaN,E:\2026\99_seasonTiming\04_RUA\top_speed\Race 11.pdf,2026-04-22 16:34:45,193,
RUA,R11,7,James Golding,,21,NaN,NaN,false,NaN,E:\2026\99_seasonTiming\04_RUA\top_speed\Race 11.pdf,2026-04-22 16:34:45,249,
RUA,R11,7,James Golding,,22,NaN,NaN,false,NaN,E:\2026\99_seasonTiming\04_RUA\top_speed\Race 11.pdf,2026-04-22 16:34:45,250,
RUA,R11,7,James Golding,,23,NaN,NaN,false,NaN,E:\2026\99_seasonTiming\04_RUA\top_speed\Race 11.pdf,2026-04-22 16:34:45,251,
RUA,R11,7,James Golding,,24,NaN,NaN,false,NaN,E:\2026\99_seasonTiming\04_RUA\top_speed\Race 11.pdf,2026-04-22 16:34:45,251,
RUA,R11,7,James Golding,,25,NaN,NaN,false,NaN,E:\2026\99_seasonTiming\04_RUA\top_speed\Race 11.pdf,2026-04-22 16:34:45,251,
RUA,R11,7,James Golding,,26,NaN,NaN,false,NaN,E:\2026\99_seasonTiming\04_RUA\top_speed\Race 11.pdf,2026-04-22 16:34:45,252,
RUA,R11,7,James Golding,,27,NaN,NaN,false,NaN,E:\2026\99_seasonTiming\04_RUA\top_speed\Race 11.pdf,2026-04-22 16:34:45,251,
RUA,R11,7,James Golding,,28,NaN,NaN,false,NaN,E:\2026\99_seasonTiming\04_RUA\top_speed\Race 11.pdf,2026-04-22 16:34:45,251,
RUA,R11,7,James Golding,,29,NaN,NaN,false,NaN,E:\2026\99_seasonTiming\04_RUA\top_speed\Race 11.pdf,2026-04-22 16:34:45,253,
RUA,R11,7,James Golding,,30,NaN,NaN,false,NaN,E:\2026\99_seasonTiming\04_RUA\top_speed\Race 11.pdf,2026-04-22 16:34:45,252,
RUA,R11,7,James Golding,,31,NaN,NaN,false,NaN,E:\2026\99_seasonTiming\04_RUA\top_speed\Race 11.pdf,2026-04-22 16:34:45,253,
RUA,R11,7,James Golding,,32,NaN,NaN,false,NaN,E:\2026\99_seasonTiming\04_RUA\top_speed\Race 11.pdf,2026-04-22 16:34:45,251,
RUA,R11,7,James Golding,,33,NaN,NaN,false,NaN,E:\2026\99_seasonTiming\04_RUA\top_speed\Race 11.pdf,2026-04-22 16:34:45,251,
RUA,R11,7,James Golding,,34,NaN,NaN,false,NaN,E:\2026\99_seasonTiming\04_RUA\top_speed\Race 11.pdf,2026-04-22 16:34:45,252,
RUA,R11,7,James Golding,,35,NaN,NaN,false,NaN,E:\2026\99_seasonTiming\04_RUA\top_speed\Race 11.pdf,2026-04-22 16:34:45,251,
RUA,R11,7,James Golding,,36,NaN,NaN,false,NaN,E:\2026\99_seasonTiming\04_RUA\top_speed\Race 11.pdf,2026-04-22 16:34:45,251,
RUA,R11,7,James Golding,,37,NaN,NaN,false,NaN,E:\2026\99_seasonTiming\04_RUA\top_speed\Race 11.pdf,2026-04-22 16:34:45,251,
RUA,R11,8,Andre Heimgartner,,1,NaN,NaN,false,NaN,E:\2026\99_seasonTiming\04_RUA\top_speed\Race 11.pdf,2026-04-22 16:34:45,206,
RUA,R11,8,Andre Heimgartner,,2,NaN,NaN,false,NaN,E:\2026\99_seasonTiming\04_RUA\top_speed\Race 11.pdf,2026-04-22 16:34:45,229,
RUA,R11,8,Andre Heimgartner,,3,NaN,NaN,false,NaN,E:\2026\99_seasonTiming\04_RUA\top_speed\Race 11.pdf,2026-04-22 16:34:45,248,
RUA,R11,8,Andre Heimgartner,,4,NaN,NaN,false,NaN,E:\2026\99_seasonTiming\04_RUA\top_speed\Race 11.pdf,2026-04-22 16:34:45,251,
RUA,R11,8,Andre Heimgartner,,5,NaN,NaN,false,NaN,E:\2026\99_seasonTiming\04_RUA\top_speed\Race 11.pdf,2026-04-22 16:34:45,123,
RUA,R11,8,Andre Heimgartner,,6,NaN,NaN,false,NaN,E:\2026\99_seasonTiming\04_RUA\top_speed\Race 11.pdf,2026-04-22 16:34:45,237,
RUA,R11,8,Andre Heimgartner,,7,NaN,NaN,false,NaN,E:\2026\99_seasonTiming\04_RUA\top_speed\Race 11.pdf,2026-04-22 16:34:45,234,
RUA,R11,8,Andre Heimgartner,,8,NaN,NaN,false,NaN,E:\2026\99_seasonTiming\04_RUA\top_speed\Race 11.pdf,2026-04-22 16:34:45,244,
RUA,R11,8,Andre Heimgartner,,9,NaN,NaN,false,NaN,E:\2026\99_seasonTiming\04_RUA\top_speed\Race 11.pdf,2026-04-22 16:34:45,245,
RUA,R11,8,Andre Heimgartner,,10,NaN,NaN,false,NaN,E:\2026\99_seasonTiming\04_RUA\top_speed\Race 11.pdf,2026-04-22 16:34:45,246,
RUA,R11,8,Andre Heimgartner,,11,NaN,NaN,false,NaN,E:\2026\99_seasonTiming\04_RUA\top_speed\Race 11.pdf,2026-04-22 16:34:45,248,
RUA,R11,8,Andre Heimgartner,,12,NaN,NaN,false,NaN,E:\2026\99_seasonTiming\04_RUA\top_speed\Race 11.pdf,2026-04-22 16:34:45,249,
RUA,R11,8,Andre Heimgartner,,13,NaN,NaN,false,NaN,E:\2026\99_seasonTiming\04_RUA\top_speed\Race 11.pdf,2026-04-22 16:34:45,246,
RUA,R11,8,Andre Heimgartner,,14,NaN,NaN,false,NaN,E:\2026\99_seasonTiming\04_RUA\top_speed\Race 11.pdf,2026-04-22 16:34:45,240,
RUA,R11,8,Andre Heimgartner,,15,NaN,NaN,false,NaN,E:\2026\99_seasonTiming\04_RUA\top_speed\Race 11.pdf,2026-04-22 16:34:45,245,
RUA,R11,8,Andre Heimgartner,,16,NaN,NaN,false,NaN,E:\2026\99_seasonTiming\04_RUA\top_speed\Race 11.pdf,2026-04-22 16:34:45,193,
RUA,R11,8,Andre Heimgartner,,17,NaN,NaN,false,NaN,E:\2026\99_seasonTiming\04_RUA\top_speed\Race 11.pdf,2026-04-22 16:34:45,248,
RUA,R11,8,Andre Heimgartner,,18,NaN,NaN,false,NaN,E:\2026\99_seasonTiming\04_RUA\top_speed\Race 11.pdf,2026-04-22 16:34:45,248,
RUA,R11,8,Andre Heimgartner,,19,NaN,NaN,false,NaN,E:\2026\99_seasonTiming\04_RUA\top_speed\Race 11.pdf,2026-04-22 16:34:45,249,
RUA,R11,8,Andre Heimgartner,,20,NaN,NaN,false,NaN,E:\2026\99_seasonTiming\04_RUA\top_speed\Race 11.pdf,2026-04-22 16:34:45,249,
RUA,R11,8,Andre Heimgartner,,21,NaN,NaN,false,NaN,E:\2026\99_seasonTiming\04_RUA\top_speed\Race 11.pdf,2026-04-22 16:34:45,247,
RUA,R11,8,Andre Heimgartner,,22,NaN,NaN,false,NaN,E:\2026\99_seasonTiming\04_RUA\top_speed\Race 11.pdf,2026-04-22 16:34:45,247,
RUA,R11,8,Andre Heimgartner,,23,NaN,NaN,false,NaN,E:\2026\99_seasonTiming\04_RUA\top_speed\Race 11.pdf,2026-04-22 16:34:45,248,
RUA,R11,8,Andre Heimgartner,,24,NaN,NaN,false,NaN,E:\2026\99_seasonTiming\04_RUA\top_speed\Race 11.pdf,2026-04-22 16:34:45,248,
RUA,R11,8,Andre Heimgartner,,25,NaN,NaN,false,NaN,E:\2026\99_seasonTiming\04_RUA\top_speed\Race 11.pdf,2026-04-22 16:34:45,250,
RUA,R11,8,Andre Heimgartner,,26,NaN,NaN,false,NaN,E:\2026\99_seasonTiming\04_RUA\top_speed\Race 11.pdf,2026-04-22 16:34:45,247,
RUA,R11,8,Andre Heimgartner,,27,NaN,NaN,false,NaN,E:\2026\99_seasonTiming\04_RUA\top_speed\Race 11.pdf,2026-04-22 16:34:45,247,
RUA,R11,8,Andre Heimgartner,,28,NaN,NaN,false,NaN,E:\2026\99_seasonTiming\04_RUA\top_speed\Race 11.pdf,2026-04-22 16:34:45,248,
RUA,R11,8,Andre Heimgartner,,29,NaN,NaN,false,NaN,E:\2026\99_seasonTiming\04_RUA\top_speed\Race 11.pdf,2026-04-22 16:34:45,247,
RUA,R11,8,Andre Heimgartner,,30,NaN,NaN,false,NaN,E:\2026\99_seasonTiming\04_RUA\top_speed\Race 11.pdf,2026-04-22 16:34:45,247,
RUA,R11,8,Andre Heimgartner,,31,NaN,NaN,false,NaN,E:\2026\99_seasonTiming\04_RUA\top_speed\Race 11.pdf,2026-04-22 16:34:45,243,
RUA,R11,9,Jobe Stewart,,1,NaN,NaN,false,NaN,E:\2026\99_seasonTiming\04_RUA\top_speed\Race 11.pdf,2026-04-22 16:34:45,214,
RUA,R11,9,Jobe Stewart,,2,NaN,NaN,false,NaN,E:\2026\99_seasonTiming\04_RUA\top_speed\Race 11.pdf,2026-04-22 16:34:45,236,
RUA,R11,9,Jobe Stewart,,3,NaN,NaN,false,NaN,E:\2026\99_seasonTiming\04_RUA\top_speed\Race 11.pdf,2026-04-22 16:34:45,243,
RUA,R11,9,Jobe Stewart,,4,NaN,NaN,false,NaN,E:\2026\99_seasonTiming\04_RUA\top_speed\Race 11.pdf,2026-04-22 16:34:45,253,
RUA,R11,9,Jobe Stewart,,5,NaN,NaN,false,NaN,E:\2026\99_seasonTiming\04_RUA\top_speed\Race 11.pdf,2026-04-22 16:34:45,250,
RUA,R11,9,Jobe Stewart,,6,NaN,NaN,false,NaN,E:\2026\99_seasonTiming\04_RUA\top_speed\Race 11.pdf,2026-04-22 16:34:45,249,
RUA,R11,9,Jobe Stewart,,7,NaN,NaN,false,NaN,E:\2026\99_seasonTiming\04_RUA\top_speed\Race 11.pdf,2026-04-22 16:34:45,248,
RUA,R11,9,Jobe Stewart,,8,NaN,NaN,false,NaN,E:\2026\99_seasonTiming\04_RUA\top_speed\Race 11.pdf,2026-04-22 16:34:45,247,
RUA,R11,9,Jobe Stewart,,9,NaN,NaN,false,NaN,E:\2026\99_seasonTiming\04_RUA\top_speed\Race 11.pdf,2026-04-22 16:34:45,248,
RUA,R11,9,Jobe Stewart,,10,NaN,NaN,false,NaN,E:\2026\99_seasonTiming\04_RUA\top_speed\Race 11.pdf,2026-04-22 16:34:45,250,
RUA,R11,9,Jobe Stewart,,11,NaN,NaN,false,NaN,E:\2026\99_seasonTiming\04_RUA\top_speed\Race 11.pdf,2026-04-22 16:34:45,249,
RUA,R11,9,Jobe Stewart,,12,NaN,NaN,false,NaN,E:\2026\99_seasonTiming\04_RUA\top_speed\Race 11.pdf,2026-04-22 16:34:45,250,
RUA,R11,9,Jobe Stewart,,13,NaN,NaN,false,NaN,E:\2026\99_seasonTiming\04_RUA\top_speed\Race 11.pdf,2026-04-22 16:34:45,250,
RUA,R11,9,Jobe Stewart,,14,NaN,NaN,false,NaN,E:\2026\99_seasonTiming\04_RUA\top_speed\Race 11.pdf,2026-04-22 16:34:45,191,
RUA,R11,9,Jobe Stewart,,15,NaN,NaN,false,NaN,E:\2026\99_seasonTiming\04_RUA\top_speed\Race 11.pdf,2026-04-22 16:34:45,249,
RUA,R11,9,Jobe Stewart,,16,NaN,NaN,false,NaN,E:\2026\99_seasonTiming\04_RUA\top_speed\Race 11.pdf,2026-04-22 16:34:45,248,
RUA,R11,9,Jobe Stewart,,17,NaN,NaN,false,NaN,E:\2026\99_seasonTiming\04_RUA\top_speed\Race 11.pdf,2026-04-22 16:34:45,249,
RUA,R11,9,Jobe Stewart,,18,NaN,NaN,false,NaN,E:\2026\99_seasonTiming\04_RUA\top_speed\Race 11.pdf,2026-04-22 16:34:45,249,
RUA,R11,9,Jobe Stewart,,19,NaN,NaN,false,NaN,E:\2026\99_seasonTiming\04_RUA\top_speed\Race 11.pdf,2026-04-22 16:34:45,249,
RUA,R11,9,Jobe Stewart,,20,NaN,NaN,false,NaN,E:\2026\99_seasonTiming\04_RUA\top_speed\Race 11.pdf,2026-04-22 16:34:45,249,
RUA,R11,9,Jobe Stewart,,21,NaN,NaN,false,NaN,E:\2026\99_seasonTiming\04_RUA\top_speed\Race 11.pdf,2026-04-22 16:34:45,248,
RUA,R11,9,Jobe Stewart,,22,NaN,NaN,false,NaN,E:\2026\99_seasonTiming\04_RUA\top_speed\Race 11.pdf,2026-04-22 16:34:45,249,
RUA,R11,9,Jobe Stewart,,23,NaN,NaN,false,NaN,E:\2026\99_seasonTiming\04_RUA\top_speed\Race 11.pdf,2026-04-22 16:34:45,249,
RUA,R11,9,Jobe Stewart,,24,NaN,NaN,false,NaN,E:\2026\99_seasonTiming\04_RUA\top_speed\Race 11.pdf,2026-04-22 16:34:45,251,
RUA,R11,9,Jobe Stewart,,25,NaN,NaN,false,NaN,E:\2026\99_seasonTiming\04_RUA\top_speed\Race 11.pdf,2026-04-22 16:34:45,250,
RUA,R11,9,Jobe Stewart,,26,NaN,NaN,false,NaN,E:\2026\99_seasonTiming\04_RUA\top_speed\Race 11.pdf,2026-04-22 16:34:45,250,
RUA,R11,9,Jobe Stewart,,27,NaN,NaN,false,NaN,E:\2026\99_seasonTiming\04_RUA\top_speed\Race 11.pdf,2026-04-22 16:34:45,249,
RUA,R11,9,Jobe Stewart,,28,NaN,NaN,false,NaN,E:\2026\99_seasonTiming\04_RUA\top_speed\Race 11.pdf,2026-04-22 16:34:45,248,
RUA,R11,9,Jobe Stewart,,29,NaN,NaN,false,NaN,E:\2026\99_seasonTiming\04_RUA\top_speed\Race 11.pdf,2026-04-22 16:34:45,249,
RUA,R11,9,Jobe Stewart,,30,NaN,NaN,false,NaN,E:\2026\99_seasonTiming\04_RUA\top_speed\Race 11.pdf,2026-04-22 16:34:45,248,
RUA,R11,9,Jobe Stewart,,31,NaN,NaN,false,NaN,E:\2026\99_seasonTiming\04_RUA\top_speed\Race 11.pdf,2026-04-22 16:34:45,250,
RUA,R11,9,Jobe Stewart,,32,NaN,NaN,false,NaN,E:\2026\99_seasonTiming\04_RUA\top_speed\Race 11.pdf,2026-04-22 16:34:45,248,
RUA,R11,9,Jobe Stewart,,33,NaN,NaN,false,NaN,E:\2026\99_seasonTiming\04_RUA\top_speed\Race 11.pdf,2026-04-22 16:34:45,248,
RUA,R11,9,Jobe Stewart,,34,NaN,NaN,false,NaN,E:\2026\99_seasonTiming\04_RUA\top_speed\Race 11.pdf,2026-04-22 16:34:45,249,
RUA,R11,9,Jobe Stewart,,35,NaN,NaN,false,NaN,E:\2026\99_seasonTiming\04_RUA\top_speed\Race 11.pdf,2026-04-22 16:34:45,248,
RUA,R11,9,Jobe Stewart,,36,NaN,NaN,false,NaN,E:\2026\99_seasonTiming\04_RUA\top_speed\Race 11.pdf,2026-04-22 16:34:45,248,
RUA,R11,9,Jobe Stewart,,37,NaN,NaN,false,NaN,E:\2026\99_seasonTiming\04_RUA\top_speed\Race 11.pdf,2026-04-22 16:34:45,247,
RUA,R11,10,Zach Bates,,1,NaN,NaN,false,NaN,E:\2026\99_seasonTiming\04_RUA\top_speed\Race 11.pdf,2026-04-22 16:34:45,210,
RUA,R11,10,Zach Bates,,2,NaN,NaN,false,NaN,E:\2026\99_seasonTiming\04_RUA\top_speed\Race 11.pdf,2026-04-22 16:34:45,235,
RUA,R11,10,Zach Bates,,3,NaN,NaN,false,NaN,E:\2026\99_seasonTiming\04_RUA\top_speed\Race 11.pdf,2026-04-22 16:34:45,251,
RUA,R11,10,Zach Bates,,4,NaN,NaN,false,NaN,E:\2026\99_seasonTiming\04_RUA\top_speed\Race 11.pdf,2026-04-22 16:34:45,248,
RUA,R11,10,Zach Bates,,5,NaN,NaN,false,NaN,E:\2026\99_seasonTiming\04_RUA\top_speed\Race 11.pdf,2026-04-22 16:34:45,246,
RUA,R11,10,Zach Bates,,6,NaN,NaN,false,NaN,E:\2026\99_seasonTiming\04_RUA\top_speed\Race 11.pdf,2026-04-22 16:34:45,249,
RUA,R11,10,Zach Bates,,7,NaN,NaN,false,NaN,E:\2026\99_seasonTiming\04_RUA\top_speed\Race 11.pdf,2026-04-22 16:34:45,251,
RUA,R11,10,Zach Bates,,8,NaN,NaN,false,NaN,E:\2026\99_seasonTiming\04_RUA\top_speed\Race 11.pdf,2026-04-22 16:34:45,250,
RUA,R11,10,Zach Bates,,9,NaN,NaN,false,NaN,E:\2026\99_seasonTiming\04_RUA\top_speed\Race 11.pdf,2026-04-22 16:34:45,248,
RUA,R11,10,Zach Bates,,10,NaN,NaN,false,NaN,E:\2026\99_seasonTiming\04_RUA\top_speed\Race 11.pdf,2026-04-22 16:34:45,248,
RUA,R11,10,Zach Bates,,11,NaN,NaN,false,NaN,E:\2026\99_seasonTiming\04_RUA\top_speed\Race 11.pdf,2026-04-22 16:34:45,253,
RUA,R11,10,Zach Bates,,12,NaN,NaN,false,NaN,E:\2026\99_seasonTiming\04_RUA\top_speed\Race 11.pdf,2026-04-22 16:34:45,244,
RUA,R11,10,Zach Bates,,13,NaN,NaN,false,NaN,E:\2026\99_seasonTiming\04_RUA\top_speed\Race 11.pdf,2026-04-22 16:34:45,193,
RUA,R11,10,Zach Bates,,14,NaN,NaN,false,NaN,E:\2026\99_seasonTiming\04_RUA\top_speed\Race 11.pdf,2026-04-22 16:34:45,249,
RUA,R11,10,Zach Bates,,15,NaN,NaN,false,NaN,E:\2026\99_seasonTiming\04_RUA\top_speed\Race 11.pdf,2026-04-22 16:34:45,249,
RUA,R11,10,Zach Bates,,16,NaN,NaN,false,NaN,E:\2026\99_seasonTiming\04_RUA\top_speed\Race 11.pdf,2026-04-22 16:34:45,247,
RUA,R11,10,Zach Bates,,17,NaN,NaN,false,NaN,E:\2026\99_seasonTiming\04_RUA\top_speed\Race 11.pdf,2026-04-22 16:34:45,249,
RUA,R11,10,Zach Bates,,18,NaN,NaN,false,NaN,E:\2026\99_seasonTiming\04_RUA\top_speed\Race 11.pdf,2026-04-22 16:34:45,248,
RUA,R11,10,Zach Bates,,19,NaN,NaN,false,NaN,E:\2026\99_seasonTiming\04_RUA\top_speed\Race 11.pdf,2026-04-22 16:34:45,250,
RUA,R11,10,Zach Bates,,20,NaN,NaN,false,NaN,E:\2026\99_seasonTiming\04_RUA\top_speed\Race 11.pdf,2026-04-22 16:34:45,249,
RUA,R11,10,Zach Bates,,21,NaN,NaN,false,NaN,E:\2026\99_seasonTiming\04_RUA\top_speed\Race 11.pdf,2026-04-22 16:34:45,250,
RUA,R11,10,Zach Bates,,22,NaN,NaN,false,NaN,E:\2026\99_seasonTiming\04_RUA\top_speed\Race 11.pdf,2026-04-22 16:34:45,249,
RUA,R11,10,Zach Bates,,23,NaN,NaN,false,NaN,E:\2026\99_seasonTiming\04_RUA\top_speed\Race 11.pdf,2026-04-22 16:34:45,251,
RUA,R11,10,Zach Bates,,24,NaN,NaN,false,NaN,E:\2026\99_seasonTiming\04_RUA\top_speed\Race 11.pdf,2026-04-22 16:34:45,251,
RUA,R11,10,Zach Bates,,25,NaN,NaN,false,NaN,E:\2026\99_seasonTiming\04_RUA\top_speed\Race 11.pdf,2026-04-22 16:34:45,252,
RUA,R11,10,Zach Bates,,26,NaN,NaN,false,NaN,E:\2026\99_seasonTiming\04_RUA\top_speed\Race 11.pdf,2026-04-22 16:34:45,248,
RUA,R11,10,Zach Bates,,27,NaN,NaN,false,NaN,E:\2026\99_seasonTiming\04_RUA\top_speed\Race 11.pdf,2026-04-22 16:34:45,235,
RUA,R11,10,Zach Bates,,28,NaN,NaN,false,NaN,E:\2026\99_seasonTiming\04_RUA\top_speed\Race 11.pdf,2026-04-22 16:34:45,248,
RUA,R11,10,Zach Bates,,29,NaN,NaN,false,NaN,E:\2026\99_seasonTiming\04_RUA\top_speed\Race 11.pdf,2026-04-22 16:34:45,246,
RUA,R11,10,Zach Bates,,30,NaN,NaN,false,NaN,E:\2026\99_seasonTiming\04_RUA\top_speed\Race 11.pdf,2026-04-22 16:34:45,246,
RUA,R11,10,Zach Bates,,31,NaN,NaN,false,NaN,E:\2026\99_seasonTiming\04_RUA\top_speed\Race 11.pdf,2026-04-22 16:34:45,246,
RUA,R11,10,Zach Bates,,32,NaN,NaN,false,NaN,E:\2026\99_seasonTiming\04_RUA\top_speed\Race 11.pdf,2026-04-22 16:34:45,249,
RUA,R11,10,Zach Bates,,33,NaN,NaN,false,NaN,E:\2026\99_seasonTiming\04_RUA\top_speed\Race 11.pdf,2026-04-22 16:34:45,249,
RUA,R11,10,Zach Bates,,34,NaN,NaN,false,NaN,E:\2026\99_seasonTiming\04_RUA\top_speed\Race 11.pdf,2026-04-22 16:34:45,249,
RUA,R11,10,Zach Bates,,35,NaN,NaN,false,NaN,E:\2026\99_seasonTiming\04_RUA\top_speed\Race 11.pdf,2026-04-22 16:34:45,248,
RUA,R11,10,Zach Bates,,36,NaN,NaN,false,NaN,E:\2026\99_seasonTiming\04_RUA\top_speed\Race 11.pdf,2026-04-22 16:34:45,247,
RUA,R11,10,Zach Bates,,37,NaN,NaN,false,NaN,E:\2026\99_seasonTiming\04_RUA\top_speed\Race 11.pdf,2026-04-22 16:34:45,249,
RUA,R11,11,Jackson Walls,,1,NaN,NaN,false,NaN,E:\2026\99_seasonTiming\04_RUA\top_speed\Race 11.pdf,2026-04-22 16:34:45,213,
RUA,R11,11,Jackson Walls,,2,NaN,NaN,false,NaN,E:\2026\99_seasonTiming\04_RUA\top_speed\Race 11.pdf,2026-04-22 16:34:45,246,
RUA,R11,11,Jackson Walls,,3,NaN,NaN,false,NaN,E:\2026\99_seasonTiming\04_RUA\top_speed\Race 11.pdf,2026-04-22 16:34:45,249,
RUA,R11,11,Jackson Walls,,4,NaN,NaN,false,NaN,E:\2026\99_seasonTiming\04_RUA\top_speed\Race 11.pdf,2026-04-22 16:34:45,251,
RUA,R11,11,Jackson Walls,,5,NaN,NaN,false,NaN,E:\2026\99_seasonTiming\04_RUA\top_speed\Race 11.pdf,2026-04-22 16:34:45,252,
RUA,R11,11,Jackson Walls,,6,NaN,NaN,false,NaN,E:\2026\99_seasonTiming\04_RUA\top_speed\Race 11.pdf,2026-04-22 16:34:45,248,
RUA,R11,11,Jackson Walls,,7,NaN,NaN,false,NaN,E:\2026\99_seasonTiming\04_RUA\top_speed\Race 11.pdf,2026-04-22 16:34:45,249,
RUA,R11,11,Jackson Walls,,8,NaN,NaN,false,NaN,E:\2026\99_seasonTiming\04_RUA\top_speed\Race 11.pdf,2026-04-22 16:34:45,248,
RUA,R11,11,Jackson Walls,,9,NaN,NaN,false,NaN,E:\2026\99_seasonTiming\04_RUA\top_speed\Race 11.pdf,2026-04-22 16:34:45,249,
RUA,R11,11,Jackson Walls,,10,NaN,NaN,false,NaN,E:\2026\99_seasonTiming\04_RUA\top_speed\Race 11.pdf,2026-04-22 16:34:45,248,
RUA,R11,11,Jackson Walls,,11,NaN,NaN,false,NaN,E:\2026\99_seasonTiming\04_RUA\top_speed\Race 11.pdf,2026-04-22 16:34:45,248,
RUA,R11,11,Jackson Walls,,12,NaN,NaN,false,NaN,E:\2026\99_seasonTiming\04_RUA\top_speed\Race 11.pdf,2026-04-22 16:34:45,245,
RUA,R11,11,Jackson Walls,,13,NaN,NaN,false,NaN,E:\2026\99_seasonTiming\04_RUA\top_speed\Race 11.pdf,2026-04-22 16:34:45,247,
RUA,R11,11,Jackson Walls,,14,NaN,NaN,false,NaN,E:\2026\99_seasonTiming\04_RUA\top_speed\Race 11.pdf,2026-04-22 16:34:45,247,
RUA,R11,11,Jackson Walls,,15,NaN,NaN,false,NaN,E:\2026\99_seasonTiming\04_RUA\top_speed\Race 11.pdf,2026-04-22 16:34:45,248,
RUA,R11,11,Jackson Walls,,16,NaN,NaN,false,NaN,E:\2026\99_seasonTiming\04_RUA\top_speed\Race 11.pdf,2026-04-22 16:34:45,246,
RUA,R11,11,Jackson Walls,,17,NaN,NaN,false,NaN,E:\2026\99_seasonTiming\04_RUA\top_speed\Race 11.pdf,2026-04-22 16:34:45,246,
RUA,R11,11,Jackson Walls,,18,NaN,NaN,false,NaN,E:\2026\99_seasonTiming\04_RUA\top_speed\Race 11.pdf,2026-04-22 16:34:45,247,
RUA,R11,11,Jackson Walls,,19,NaN,NaN,false,NaN,E:\2026\99_seasonTiming\04_RUA\top_speed\Race 11.pdf,2026-04-22 16:34:45,247,
RUA,R11,11,Jackson Walls,,20,NaN,NaN,false,NaN,E:\2026\99_seasonTiming\04_RUA\top_speed\Race 11.pdf,2026-04-22 16:34:45,244,
RUA,R11,11,Jackson Walls,,21,NaN,NaN,false,NaN,E:\2026\99_seasonTiming\04_RUA\top_speed\Race 11.pdf,2026-04-22 16:34:45,191,
RUA,R11,11,Jackson Walls,,22,NaN,NaN,false,NaN,E:\2026\99_seasonTiming\04_RUA\top_speed\Race 11.pdf,2026-04-22 16:34:45,243,
RUA,R11,11,Jackson Walls,,23,NaN,NaN,false,NaN,E:\2026\99_seasonTiming\04_RUA\top_speed\Race 11.pdf,2026-04-22 16:34:45,248,
RUA,R11,11,Jackson Walls,,24,NaN,NaN,false,NaN,E:\2026\99_seasonTiming\04_RUA\top_speed\Race 11.pdf,2026-04-22 16:34:45,246,
RUA,R11,11,Jackson Walls,,25,NaN,NaN,false,NaN,E:\2026\99_seasonTiming\04_RUA\top_speed\Race 11.pdf,2026-04-22 16:34:45,249,
RUA,R11,11,Jackson Walls,,26,NaN,NaN,false,NaN,E:\2026\99_seasonTiming\04_RUA\top_speed\Race 11.pdf,2026-04-22 16:34:45,249,
RUA,R11,11,Jackson Walls,,27,NaN,NaN,false,NaN,E:\2026\99_seasonTiming\04_RUA\top_speed\Race 11.pdf,2026-04-22 16:34:45,248,
RUA,R11,11,Jackson Walls,,28,NaN,NaN,false,NaN,E:\2026\99_seasonTiming\04_RUA\top_speed\Race 11.pdf,2026-04-22 16:34:45,247,
RUA,R11,11,Jackson Walls,,29,NaN,NaN,false,NaN,E:\2026\99_seasonTiming\04_RUA\top_speed\Race 11.pdf,2026-04-22 16:34:45,247,
RUA,R11,11,Jackson Walls,,30,NaN,NaN,false,NaN,E:\2026\99_seasonTiming\04_RUA\top_speed\Race 11.pdf,2026-04-22 16:34:45,248,
RUA,R11,11,Jackson Walls,,31,NaN,NaN,false,NaN,E:\2026\99_seasonTiming\04_RUA\top_speed\Race 11.pdf,2026-04-22 16:34:45,248,
RUA,R11,11,Jackson Walls,,32,NaN,NaN,false,NaN,E:\2026\99_seasonTiming\04_RUA\top_speed\Race 11.pdf,2026-04-22 16:34:45,249,
RUA,R11,11,Jackson Walls,,33,NaN,NaN,false,NaN,E:\2026\99_seasonTiming\04_RUA\top_speed\Race 11.pdf,2026-04-22 16:34:45,239,
RUA,R11,11,Jackson Walls,,34,NaN,NaN,false,NaN,E:\2026\99_seasonTiming\04_RUA\top_speed\Race 11.pdf,2026-04-22 16:34:45,246,
RUA,R11,11,Jackson Walls,,35,NaN,NaN,false,NaN,E:\2026\99_seasonTiming\04_RUA\top_speed\Race 11.pdf,2026-04-22 16:34:45,248,
RUA,R11,11,Jackson Walls,,36,NaN,NaN,false,NaN,E:\2026\99_seasonTiming\04_RUA\top_speed\Race 11.pdf,2026-04-22 16:34:45,239,
RUA,R11,11,Jackson Walls,,37,NaN,NaN,false,NaN,E:\2026\99_seasonTiming\04_RUA\top_speed\Race 11.pdf,2026-04-22 16:34:45,235,
RUA,R11,14,Cameron Hill,,1,NaN,NaN,false,NaN,E:\2026\99_seasonTiming\04_RUA\top_speed\Race 11.pdf,2026-04-22 16:34:45,205,
RUA,R11,14,Cameron Hill,,2,NaN,NaN,false,NaN,E:\2026\99_seasonTiming\04_RUA\top_speed\Race 11.pdf,2026-04-22 16:34:45,240,
RUA,R11,14,Cameron Hill,,3,NaN,NaN,false,NaN,E:\2026\99_seasonTiming\04_RUA\top_speed\Race 11.pdf,2026-04-22 16:34:45,248,
RUA,R11,14,Cameron Hill,,4,NaN,NaN,false,NaN,E:\2026\99_seasonTiming\04_RUA\top_speed\Race 11.pdf,2026-04-22 16:34:45,249,
RUA,R11,14,Cameron Hill,,5,NaN,NaN,false,NaN,E:\2026\99_seasonTiming\04_RUA\top_speed\Race 11.pdf,2026-04-22 16:34:45,183,
RUA,R11,14,Cameron Hill,,6,NaN,NaN,false,NaN,E:\2026\99_seasonTiming\04_RUA\top_speed\Race 11.pdf,2026-04-22 16:34:45,244,
RUA,R11,14,Cameron Hill,,7,NaN,NaN,false,NaN,E:\2026\99_seasonTiming\04_RUA\top_speed\Race 11.pdf,2026-04-22 16:34:45,245,
RUA,R11,14,Cameron Hill,,8,NaN,NaN,false,NaN,E:\2026\99_seasonTiming\04_RUA\top_speed\Race 11.pdf,2026-04-22 16:34:45,247,
RUA,R11,14,Cameron Hill,,9,NaN,NaN,false,NaN,E:\2026\99_seasonTiming\04_RUA\top_speed\Race 11.pdf,2026-04-22 16:34:45,247,
RUA,R11,14,Cameron Hill,,10,NaN,NaN,false,NaN,E:\2026\99_seasonTiming\04_RUA\top_speed\Race 11.pdf,2026-04-22 16:34:45,246,
RUA,R11,14,Cameron Hill,,11,NaN,NaN,false,NaN,E:\2026\99_seasonTiming\04_RUA\top_speed\Race 11.pdf,2026-04-22 16:34:45,246,
RUA,R11,14,Cameron Hill,,12,NaN,NaN,false,NaN,E:\2026\99_seasonTiming\04_RUA\top_speed\Race 11.pdf,2026-04-22 16:34:45,247,
RUA,R11,14,Cameron Hill,,13,NaN,NaN,false,NaN,E:\2026\99_seasonTiming\04_RUA\top_speed\Race 11.pdf,2026-04-22 16:34:45,247,
RUA,R11,14,Cameron Hill,,14,NaN,NaN,false,NaN,E:\2026\99_seasonTiming\04_RUA\top_speed\Race 11.pdf,2026-04-22 16:34:45,248,
RUA,R11,14,Cameron Hill,,15,NaN,NaN,false,NaN,E:\2026\99_seasonTiming\04_RUA\top_speed\Race 11.pdf,2026-04-22 16:34:45,247,
RUA,R11,14,Cameron Hill,,16,NaN,NaN,false,NaN,E:\2026\99_seasonTiming\04_RUA\top_speed\Race 11.pdf,2026-04-22 16:34:45,249,
RUA,R11,14,Cameron Hill,,17,NaN,NaN,false,NaN,E:\2026\99_seasonTiming\04_RUA\top_speed\Race 11.pdf,2026-04-22 16:34:45,250,
RUA,R11,14,Cameron Hill,,18,NaN,NaN,false,NaN,E:\2026\99_seasonTiming\04_RUA\top_speed\Race 11.pdf,2026-04-22 16:34:45,250,
RUA,R11,14,Cameron Hill,,19,NaN,NaN,false,NaN,E:\2026\99_seasonTiming\04_RUA\top_speed\Race 11.pdf,2026-04-22 16:34:45,249,
RUA,R11,14,Cameron Hill,,20,NaN,NaN,false,NaN,E:\2026\99_seasonTiming\04_RUA\top_speed\Race 11.pdf,2026-04-22 16:34:45,190,
RUA,R11,14,Cameron Hill,,21,NaN,NaN,false,NaN,E:\2026\99_seasonTiming\04_RUA\top_speed\Race 11.pdf,2026-04-22 16:34:45,248,
RUA,R11,14,Cameron Hill,,22,NaN,NaN,false,NaN,E:\2026\99_seasonTiming\04_RUA\top_speed\Race 11.pdf,2026-04-22 16:34:45,248,
RUA,R11,14,Cameron Hill,,23,NaN,NaN,false,NaN,E:\2026\99_seasonTiming\04_RUA\top_speed\Race 11.pdf,2026-04-22 16:34:45,250,
RUA,R11,14,Cameron Hill,,24,NaN,NaN,false,NaN,E:\2026\99_seasonTiming\04_RUA\top_speed\Race 11.pdf,2026-04-22 16:34:45,250,
RUA,R11,14,Cameron Hill,,25,NaN,NaN,false,NaN,E:\2026\99_seasonTiming\04_RUA\top_speed\Race 11.pdf,2026-04-22 16:34:45,251,
RUA,R11,14,Cameron Hill,,26,NaN,NaN,false,NaN,E:\2026\99_seasonTiming\04_RUA\top_speed\Race 11.pdf,2026-04-22 16:34:45,249,
RUA,R11,14,Cameron Hill,,27,NaN,NaN,false,NaN,E:\2026\99_seasonTiming\04_RUA\top_speed\Race 11.pdf,2026-04-22 16:34:45,249,
RUA,R11,14,Cameron Hill,,28,NaN,NaN,false,NaN,E:\2026\99_seasonTiming\04_RUA\top_speed\Race 11.pdf,2026-04-22 16:34:45,250,
RUA,R11,14,Cameron Hill,,29,NaN,NaN,false,NaN,E:\2026\99_seasonTiming\04_RUA\top_speed\Race 11.pdf,2026-04-22 16:34:45,250,
RUA,R11,14,Cameron Hill,,30,NaN,NaN,false,NaN,E:\2026\99_seasonTiming\04_RUA\top_speed\Race 11.pdf,2026-04-22 16:34:45,249,
RUA,R11,17,Brodie Kostecki,,1,NaN,NaN,false,NaN,E:\2026\99_seasonTiming\04_RUA\top_speed\Race 11.pdf,2026-04-22 16:34:45,201,
RUA,R11,17,Brodie Kostecki,,2,NaN,NaN,false,NaN,E:\2026\99_seasonTiming\04_RUA\top_speed\Race 11.pdf,2026-04-22 16:34:45,249,
RUA,R11,17,Brodie Kostecki,,3,NaN,NaN,false,NaN,E:\2026\99_seasonTiming\04_RUA\top_speed\Race 11.pdf,2026-04-22 16:34:45,249,
RUA,R11,17,Brodie Kostecki,,4,NaN,NaN,false,NaN,E:\2026\99_seasonTiming\04_RUA\top_speed\Race 11.pdf,2026-04-22 16:34:45,249,
RUA,R11,17,Brodie Kostecki,,5,NaN,NaN,false,NaN,E:\2026\99_seasonTiming\04_RUA\top_speed\Race 11.pdf,2026-04-22 16:34:45,249,
RUA,R11,17,Brodie Kostecki,,6,NaN,NaN,false,NaN,E:\2026\99_seasonTiming\04_RUA\top_speed\Race 11.pdf,2026-04-22 16:34:45,249,
RUA,R11,17,Brodie Kostecki,,7,NaN,NaN,false,NaN,E:\2026\99_seasonTiming\04_RUA\top_speed\Race 11.pdf,2026-04-22 16:34:45,249,
RUA,R11,17,Brodie Kostecki,,8,NaN,NaN,false,NaN,E:\2026\99_seasonTiming\04_RUA\top_speed\Race 11.pdf,2026-04-22 16:34:45,249,
RUA,R11,17,Brodie Kostecki,,9,NaN,NaN,false,NaN,E:\2026\99_seasonTiming\04_RUA\top_speed\Race 11.pdf,2026-04-22 16:34:45,249,
RUA,R11,17,Brodie Kostecki,,10,NaN,NaN,false,NaN,E:\2026\99_seasonTiming\04_RUA\top_speed\Race 11.pdf,2026-04-22 16:34:45,248,
RUA,R11,17,Brodie Kostecki,,11,NaN,NaN,false,NaN,E:\2026\99_seasonTiming\04_RUA\top_speed\Race 11.pdf,2026-04-22 16:34:45,248,
RUA,R11,17,Brodie Kostecki,,12,NaN,NaN,false,NaN,E:\2026\99_seasonTiming\04_RUA\top_speed\Race 11.pdf,2026-04-22 16:34:45,249,
RUA,R11,17,Brodie Kostecki,,13,NaN,NaN,false,NaN,E:\2026\99_seasonTiming\04_RUA\top_speed\Race 11.pdf,2026-04-22 16:34:45,249,
RUA,R11,17,Brodie Kostecki,,14,NaN,NaN,false,NaN,E:\2026\99_seasonTiming\04_RUA\top_speed\Race 11.pdf,2026-04-22 16:34:45,249,
RUA,R11,17,Brodie Kostecki,,15,NaN,NaN,false,NaN,E:\2026\99_seasonTiming\04_RUA\top_speed\Race 11.pdf,2026-04-22 16:34:45,250,
RUA,R11,17,Brodie Kostecki,,16,NaN,NaN,false,NaN,E:\2026\99_seasonTiming\04_RUA\top_speed\Race 11.pdf,2026-04-22 16:34:45,250,
RUA,R11,17,Brodie Kostecki,,17,NaN,NaN,false,NaN,E:\2026\99_seasonTiming\04_RUA\top_speed\Race 11.pdf,2026-04-22 16:34:45,194,
RUA,R11,17,Brodie Kostecki,,18,NaN,NaN,false,NaN,E:\2026\99_seasonTiming\04_RUA\top_speed\Race 11.pdf,2026-04-22 16:34:45,249,
RUA,R11,17,Brodie Kostecki,,19,NaN,NaN,false,NaN,E:\2026\99_seasonTiming\04_RUA\top_speed\Race 11.pdf,2026-04-22 16:34:45,251,
RUA,R11,17,Brodie Kostecki,,20,NaN,NaN,false,NaN,E:\2026\99_seasonTiming\04_RUA\top_speed\Race 11.pdf,2026-04-22 16:34:45,249,
RUA,R11,17,Brodie Kostecki,,21,NaN,NaN,false,NaN,E:\2026\99_seasonTiming\04_RUA\top_speed\Race 11.pdf,2026-04-22 16:34:45,250,
RUA,R11,17,Brodie Kostecki,,22,NaN,NaN,false,NaN,E:\2026\99_seasonTiming\04_RUA\top_speed\Race 11.pdf,2026-04-22 16:34:45,250,
RUA,R11,17,Brodie Kostecki,,23,NaN,NaN,false,NaN,E:\2026\99_seasonTiming\04_RUA\top_speed\Race 11.pdf,2026-04-22 16:34:45,251,
RUA,R11,17,Brodie Kostecki,,24,NaN,NaN,false,NaN,E:\2026\99_seasonTiming\04_RUA\top_speed\Race 11.pdf,2026-04-22 16:34:45,251,
RUA,R11,17,Brodie Kostecki,,25,NaN,NaN,false,NaN,E:\2026\99_seasonTiming\04_RUA\top_speed\Race 11.pdf,2026-04-22 16:34:45,249,
RUA,R11,17,Brodie Kostecki,,26,NaN,NaN,false,NaN,E:\2026\99_seasonTiming\04_RUA\top_speed\Race 11.pdf,2026-04-22 16:34:45,243,
RUA,R11,17,Brodie Kostecki,,27,NaN,NaN,false,NaN,E:\2026\99_seasonTiming\04_RUA\top_speed\Race 11.pdf,2026-04-22 16:34:45,249,
RUA,R11,17,Brodie Kostecki,,28,NaN,NaN,false,NaN,E:\2026\99_seasonTiming\04_RUA\top_speed\Race 11.pdf,2026-04-22 16:34:45,248,
RUA,R11,17,Brodie Kostecki,,29,NaN,NaN,false,NaN,E:\2026\99_seasonTiming\04_RUA\top_speed\Race 11.pdf,2026-04-22 16:34:45,249,
RUA,R11,17,Brodie Kostecki,,30,NaN,NaN,false,NaN,E:\2026\99_seasonTiming\04_RUA\top_speed\Race 11.pdf,2026-04-22 16:34:45,248,
RUA,R11,17,Brodie Kostecki,,31,NaN,NaN,false,NaN,E:\2026\99_seasonTiming\04_RUA\top_speed\Race 11.pdf,2026-04-22 16:34:45,249,
RUA,R11,17,Brodie Kostecki,,32,NaN,NaN,false,NaN,E:\2026\99_seasonTiming\04_RUA\top_speed\Race 11.pdf,2026-04-22 16:34:45,250,
RUA,R11,17,Brodie Kostecki,,33,NaN,NaN,false,NaN,E:\2026\99_seasonTiming\04_RUA\top_speed\Race 11.pdf,2026-04-22 16:34:45,248,
RUA,R11,17,Brodie Kostecki,,34,NaN,NaN,false,NaN,E:\2026\99_seasonTiming\04_RUA\top_speed\Race 11.pdf,2026-04-22 16:34:45,249,
RUA,R11,17,Brodie Kostecki,,35,NaN,NaN,false,NaN,E:\2026\99_seasonTiming\04_RUA\top_speed\Race 11.pdf,2026-04-22 16:34:45,250,
RUA,R11,17,Brodie Kostecki,,36,NaN,NaN,false,NaN,E:\2026\99_seasonTiming\04_RUA\top_speed\Race 11.pdf,2026-04-22 16:34:45,249,
RUA,R11,17,Brodie Kostecki,,37,NaN,NaN,false,NaN,E:\2026\99_seasonTiming\04_RUA\top_speed\Race 11.pdf,2026-04-22 16:34:45,249,
RUA,R11,18,Anton De Pasquale,,1,NaN,NaN,false,NaN,E:\2026\99_seasonTiming\04_RUA\top_speed\Race 11.pdf,2026-04-22 16:34:45,204,
RUA,R11,18,Anton De Pasquale,,2,NaN,NaN,false,NaN,E:\2026\99_seasonTiming\04_RUA\top_speed\Race 11.pdf,2026-04-22 16:34:45,241,
RUA,R11,18,Anton De Pasquale,,3,NaN,NaN,false,NaN,E:\2026\99_seasonTiming\04_RUA\top_speed\Race 11.pdf,2026-04-22 16:34:45,251,
RUA,R11,18,Anton De Pasquale,,4,NaN,NaN,false,NaN,E:\2026\99_seasonTiming\04_RUA\top_speed\Race 11.pdf,2026-04-22 16:34:45,252,
RUA,R11,18,Anton De Pasquale,,5,NaN,NaN,false,NaN,E:\2026\99_seasonTiming\04_RUA\top_speed\Race 11.pdf,2026-04-22 16:34:45,252,
RUA,R11,18,Anton De Pasquale,,6,NaN,NaN,false,NaN,E:\2026\99_seasonTiming\04_RUA\top_speed\Race 11.pdf,2026-04-22 16:34:45,253,
RUA,R11,18,Anton De Pasquale,,7,NaN,NaN,false,NaN,E:\2026\99_seasonTiming\04_RUA\top_speed\Race 11.pdf,2026-04-22 16:34:45,252,
RUA,R11,18,Anton De Pasquale,,8,NaN,NaN,false,NaN,E:\2026\99_seasonTiming\04_RUA\top_speed\Race 11.pdf,2026-04-22 16:34:45,253,
RUA,R11,18,Anton De Pasquale,,9,NaN,NaN,false,NaN,E:\2026\99_seasonTiming\04_RUA\top_speed\Race 11.pdf,2026-04-22 16:34:45,250,
RUA,R11,18,Anton De Pasquale,,10,NaN,NaN,false,NaN,E:\2026\99_seasonTiming\04_RUA\top_speed\Race 11.pdf,2026-04-22 16:34:45,249,
RUA,R11,18,Anton De Pasquale,,11,NaN,NaN,false,NaN,E:\2026\99_seasonTiming\04_RUA\top_speed\Race 11.pdf,2026-04-22 16:34:45,192,
RUA,R11,18,Anton De Pasquale,,12,NaN,NaN,false,NaN,E:\2026\99_seasonTiming\04_RUA\top_speed\Race 11.pdf,2026-04-22 16:34:45,248,
RUA,R11,18,Anton De Pasquale,,13,NaN,NaN,false,NaN,E:\2026\99_seasonTiming\04_RUA\top_speed\Race 11.pdf,2026-04-22 16:34:45,249,
RUA,R11,18,Anton De Pasquale,,14,NaN,NaN,false,NaN,E:\2026\99_seasonTiming\04_RUA\top_speed\Race 11.pdf,2026-04-22 16:34:45,249,
RUA,R11,18,Anton De Pasquale,,15,NaN,NaN,false,NaN,E:\2026\99_seasonTiming\04_RUA\top_speed\Race 11.pdf,2026-04-22 16:34:45,250,
RUA,R11,18,Anton De Pasquale,,16,NaN,NaN,false,NaN,E:\2026\99_seasonTiming\04_RUA\top_speed\Race 11.pdf,2026-04-22 16:34:45,249,
RUA,R11,18,Anton De Pasquale,,17,NaN,NaN,false,NaN,E:\2026\99_seasonTiming\04_RUA\top_speed\Race 11.pdf,2026-04-22 16:34:45,250,
RUA,R11,18,Anton De Pasquale,,18,NaN,NaN,false,NaN,E:\2026\99_seasonTiming\04_RUA\top_speed\Race 11.pdf,2026-04-22 16:34:45,251,
RUA,R11,18,Anton De Pasquale,,19,NaN,NaN,false,NaN,E:\2026\99_seasonTiming\04_RUA\top_speed\Race 11.pdf,2026-04-22 16:34:45,251,
RUA,R11,18,Anton De Pasquale,,20,NaN,NaN,false,NaN,E:\2026\99_seasonTiming\04_RUA\top_speed\Race 11.pdf,2026-04-22 16:34:45,252,
RUA,R11,18,Anton De Pasquale,,21,NaN,NaN,false,NaN,E:\2026\99_seasonTiming\04_RUA\top_speed\Race 11.pdf,2026-04-22 16:34:45,249,
RUA,R11,18,Anton De Pasquale,,22,NaN,NaN,false,NaN,E:\2026\99_seasonTiming\04_RUA\top_speed\Race 11.pdf,2026-04-22 16:34:45,251,
RUA,R11,18,Anton De Pasquale,,23,NaN,NaN,false,NaN,E:\2026\99_seasonTiming\04_RUA\top_speed\Race 11.pdf,2026-04-22 16:34:45,254,
RUA,R11,18,Anton De Pasquale,,24,NaN,NaN,false,NaN,E:\2026\99_seasonTiming\04_RUA\top_speed\Race 11.pdf,2026-04-22 16:34:45,252,
RUA,R11,18,Anton De Pasquale,,25,NaN,NaN,false,NaN,E:\2026\99_seasonTiming\04_RUA\top_speed\Race 11.pdf,2026-04-22 16:34:45,251,
RUA,R11,18,Anton De Pasquale,,26,NaN,NaN,false,NaN,E:\2026\99_seasonTiming\04_RUA\top_speed\Race 11.pdf,2026-04-22 16:34:45,251,
RUA,R11,18,Anton De Pasquale,,27,NaN,NaN,false,NaN,E:\2026\99_seasonTiming\04_RUA\top_speed\Race 11.pdf,2026-04-22 16:34:45,250,
RUA,R11,18,Anton De Pasquale,,28,NaN,NaN,false,NaN,E:\2026\99_seasonTiming\04_RUA\top_speed\Race 11.pdf,2026-04-22 16:34:45,250,
RUA,R11,18,Anton De Pasquale,,29,NaN,NaN,false,NaN,E:\2026\99_seasonTiming\04_RUA\top_speed\Race 11.pdf,2026-04-22 16:34:45,250,
RUA,R11,18,Anton De Pasquale,,30,NaN,NaN,false,NaN,E:\2026\99_seasonTiming\04_RUA\top_speed\Race 11.pdf,2026-04-22 16:34:45,250,
RUA,R11,18,Anton De Pasquale,,31,NaN,NaN,false,NaN,E:\2026\99_seasonTiming\04_RUA\top_speed\Race 11.pdf,2026-04-22 16:34:45,251,
RUA,R11,18,Anton De Pasquale,,32,NaN,NaN,false,NaN,E:\2026\99_seasonTiming\04_RUA\top_speed\Race 11.pdf,2026-04-22 16:34:45,251,
RUA,R11,18,Anton De Pasquale,,33,NaN,NaN,false,NaN,E:\2026\99_seasonTiming\04_RUA\top_speed\Race 11.pdf,2026-04-22 16:34:45,249,
RUA,R11,18,Anton De Pasquale,,34,NaN,NaN,false,NaN,E:\2026\99_seasonTiming\04_RUA\top_speed\Race 11.pdf,2026-04-22 16:34:45,250,
RUA,R11,18,Anton De Pasquale,,35,NaN,NaN,false,NaN,E:\2026\99_seasonTiming\04_RUA\top_speed\Race 11.pdf,2026-04-22 16:34:45,249,
RUA,R11,18,Anton De Pasquale,,36,NaN,NaN,false,NaN,E:\2026\99_seasonTiming\04_RUA\top_speed\Race 11.pdf,2026-04-22 16:34:45,249,
RUA,R11,18,Anton De Pasquale,,37,NaN,NaN,false,NaN,E:\2026\99_seasonTiming\04_RUA\top_speed\Race 11.pdf,2026-04-22 16:34:45,249,
RUA,R11,19,Matthew Payne,,1,NaN,NaN,false,NaN,E:\2026\99_seasonTiming\04_RUA\top_speed\Race 11.pdf,2026-04-22 16:34:45,197,
RUA,R11,19,Matthew Payne,,2,NaN,NaN,false,NaN,E:\2026\99_seasonTiming\04_RUA\top_speed\Race 11.pdf,2026-04-22 16:34:45,242,
RUA,R11,19,Matthew Payne,,3,NaN,NaN,false,NaN,E:\2026\99_seasonTiming\04_RUA\top_speed\Race 11.pdf,2026-04-22 16:34:45,249,
RUA,R11,19,Matthew Payne,,4,NaN,NaN,false,NaN,E:\2026\99_seasonTiming\04_RUA\top_speed\Race 11.pdf,2026-04-22 16:34:45,250,
RUA,R11,19,Matthew Payne,,5,NaN,NaN,false,NaN,E:\2026\99_seasonTiming\04_RUA\top_speed\Race 11.pdf,2026-04-22 16:34:45,250,
RUA,R11,19,Matthew Payne,,6,NaN,NaN,false,NaN,E:\2026\99_seasonTiming\04_RUA\top_speed\Race 11.pdf,2026-04-22 16:34:45,250,
RUA,R11,19,Matthew Payne,,7,NaN,NaN,false,NaN,E:\2026\99_seasonTiming\04_RUA\top_speed\Race 11.pdf,2026-04-22 16:34:45,252,
RUA,R11,19,Matthew Payne,,8,NaN,NaN,false,NaN,E:\2026\99_seasonTiming\04_RUA\top_speed\Race 11.pdf,2026-04-22 16:34:45,253,
RUA,R11,19,Matthew Payne,,9,NaN,NaN,false,NaN,E:\2026\99_seasonTiming\04_RUA\top_speed\Race 11.pdf,2026-04-22 16:34:45,248,
RUA,R11,19,Matthew Payne,,10,NaN,NaN,false,NaN,E:\2026\99_seasonTiming\04_RUA\top_speed\Race 11.pdf,2026-04-22 16:34:45,250,
RUA,R11,19,Matthew Payne,,11,NaN,NaN,false,NaN,E:\2026\99_seasonTiming\04_RUA\top_speed\Race 11.pdf,2026-04-22 16:34:45,250,
RUA,R11,19,Matthew Payne,,12,NaN,NaN,false,NaN,E:\2026\99_seasonTiming\04_RUA\top_speed\Race 11.pdf,2026-04-22 16:34:45,250,
RUA,R11,19,Matthew Payne,,13,NaN,NaN,false,NaN,E:\2026\99_seasonTiming\04_RUA\top_speed\Race 11.pdf,2026-04-22 16:34:45,250,
RUA,R11,19,Matthew Payne,,14,NaN,NaN,false,NaN,E:\2026\99_seasonTiming\04_RUA\top_speed\Race 11.pdf,2026-04-22 16:34:45,250,
RUA,R11,19,Matthew Payne,,15,NaN,NaN,false,NaN,E:\2026\99_seasonTiming\04_RUA\top_speed\Race 11.pdf,2026-04-22 16:34:45,250,
RUA,R11,19,Matthew Payne,,16,NaN,NaN,false,NaN,E:\2026\99_seasonTiming\04_RUA\top_speed\Race 11.pdf,2026-04-22 16:34:45,250,
RUA,R11,19,Matthew Payne,,17,NaN,NaN,false,NaN,E:\2026\99_seasonTiming\04_RUA\top_speed\Race 11.pdf,2026-04-22 16:34:45,248,
RUA,R11,19,Matthew Payne,,18,NaN,NaN,false,NaN,E:\2026\99_seasonTiming\04_RUA\top_speed\Race 11.pdf,2026-04-22 16:34:45,248,
RUA,R11,19,Matthew Payne,,19,NaN,NaN,false,NaN,E:\2026\99_seasonTiming\04_RUA\top_speed\Race 11.pdf,2026-04-22 16:34:45,249,
RUA,R11,19,Matthew Payne,,20,NaN,NaN,false,NaN,E:\2026\99_seasonTiming\04_RUA\top_speed\Race 11.pdf,2026-04-22 16:34:45,249,
RUA,R11,19,Matthew Payne,,21,NaN,NaN,false,NaN,E:\2026\99_seasonTiming\04_RUA\top_speed\Race 11.pdf,2026-04-22 16:34:45,249,
RUA,R11,19,Matthew Payne,,22,NaN,NaN,false,NaN,E:\2026\99_seasonTiming\04_RUA\top_speed\Race 11.pdf,2026-04-22 16:34:45,248,
RUA,R11,19,Matthew Payne,,23,NaN,NaN,false,NaN,E:\2026\99_seasonTiming\04_RUA\top_speed\Race 11.pdf,2026-04-22 16:34:45,249,
RUA,R11,19,Matthew Payne,,24,NaN,NaN,false,NaN,E:\2026\99_seasonTiming\04_RUA\top_speed\Race 11.pdf,2026-04-22 16:34:45,250,
RUA,R11,19,Matthew Payne,,25,NaN,NaN,false,NaN,E:\2026\99_seasonTiming\04_RUA\top_speed\Race 11.pdf,2026-04-22 16:34:45,250,
RUA,R11,19,Matthew Payne,,26,NaN,NaN,false,NaN,E:\2026\99_seasonTiming\04_RUA\top_speed\Race 11.pdf,2026-04-22 16:34:45,193,
RUA,R11,19,Matthew Payne,,27,NaN,NaN,false,NaN,E:\2026\99_seasonTiming\04_RUA\top_speed\Race 11.pdf,2026-04-22 16:34:45,193,
RUA,R11,19,Matthew Payne,,28,NaN,NaN,false,NaN,E:\2026\99_seasonTiming\04_RUA\top_speed\Race 11.pdf,2026-04-22 16:34:45,250,
RUA,R11,19,Matthew Payne,,29,NaN,NaN,false,NaN,E:\2026\99_seasonTiming\04_RUA\top_speed\Race 11.pdf,2026-04-22 16:34:45,249,
RUA,R11,19,Matthew Payne,,30,NaN,NaN,false,NaN,E:\2026\99_seasonTiming\04_RUA\top_speed\Race 11.pdf,2026-04-22 16:34:45,250,
RUA,R11,19,Matthew Payne,,31,NaN,NaN,false,NaN,E:\2026\99_seasonTiming\04_RUA\top_speed\Race 11.pdf,2026-04-22 16:34:45,252,
RUA,R11,19,Matthew Payne,,32,NaN,NaN,false,NaN,E:\2026\99_seasonTiming\04_RUA\top_speed\Race 11.pdf,2026-04-22 16:34:45,249,
RUA,R11,19,Matthew Payne,,33,NaN,NaN,false,NaN,E:\2026\99_seasonTiming\04_RUA\top_speed\Race 11.pdf,2026-04-22 16:34:45,250,
RUA,R11,19,Matthew Payne,,34,NaN,NaN,false,NaN,E:\2026\99_seasonTiming\04_RUA\top_speed\Race 11.pdf,2026-04-22 16:34:45,249,
RUA,R11,19,Matthew Payne,,35,NaN,NaN,false,NaN,E:\2026\99_seasonTiming\04_RUA\top_speed\Race 11.pdf,2026-04-22 16:34:45,249,
RUA,R11,19,Matthew Payne,,36,NaN,NaN,false,NaN,E:\2026\99_seasonTiming\04_RUA\top_speed\Race 11.pdf,2026-04-22 16:34:45,249,
RUA,R11,19,Matthew Payne,,37,NaN,NaN,false,NaN,E:\2026\99_seasonTiming\04_RUA\top_speed\Race 11.pdf,2026-04-22 16:34:45,250,
RUA,R11,20,David Reynolds,,1,NaN,NaN,false,NaN,E:\2026\99_seasonTiming\04_RUA\top_speed\Race 11.pdf,2026-04-22 16:34:45,204,
RUA,R11,20,David Reynolds,,2,NaN,NaN,false,NaN,E:\2026\99_seasonTiming\04_RUA\top_speed\Race 11.pdf,2026-04-22 16:34:45,234,
RUA,R11,20,David Reynolds,,3,NaN,NaN,false,NaN,E:\2026\99_seasonTiming\04_RUA\top_speed\Race 11.pdf,2026-04-22 16:34:45,248,
RUA,R11,20,David Reynolds,,4,NaN,NaN,false,NaN,E:\2026\99_seasonTiming\04_RUA\top_speed\Race 11.pdf,2026-04-22 16:34:45,251,
RUA,R11,20,David Reynolds,,5,NaN,NaN,false,NaN,E:\2026\99_seasonTiming\04_RUA\top_speed\Race 11.pdf,2026-04-22 16:34:45,251,
RUA,R11,20,David Reynolds,,6,NaN,NaN,false,NaN,E:\2026\99_seasonTiming\04_RUA\top_speed\Race 11.pdf,2026-04-22 16:34:45,251,
RUA,R11,20,David Reynolds,,7,NaN,NaN,false,NaN,E:\2026\99_seasonTiming\04_RUA\top_speed\Race 11.pdf,2026-04-22 16:34:45,251,
RUA,R11,20,David Reynolds,,8,NaN,NaN,false,NaN,E:\2026\99_seasonTiming\04_RUA\top_speed\Race 11.pdf,2026-04-22 16:34:45,251,
RUA,R11,20,David Reynolds,,9,NaN,NaN,false,NaN,E:\2026\99_seasonTiming\04_RUA\top_speed\Race 11.pdf,2026-04-22 16:34:45,250,
RUA,R11,20,David Reynolds,,10,NaN,NaN,false,NaN,E:\2026\99_seasonTiming\04_RUA\top_speed\Race 11.pdf,2026-04-22 16:34:45,249,
RUA,R11,20,David Reynolds,,11,NaN,NaN,false,NaN,E:\2026\99_seasonTiming\04_RUA\top_speed\Race 11.pdf,2026-04-22 16:34:45,235,
RUA,R11,20,David Reynolds,,12,NaN,NaN,false,NaN,E:\2026\99_seasonTiming\04_RUA\top_speed\Race 11.pdf,2026-04-22 16:34:45,190,
RUA,R11,20,David Reynolds,,13,NaN,NaN,false,NaN,E:\2026\99_seasonTiming\04_RUA\top_speed\Race 11.pdf,2026-04-22 16:34:45,247,
RUA,R11,20,David Reynolds,,14,NaN,NaN,false,NaN,E:\2026\99_seasonTiming\04_RUA\top_speed\Race 11.pdf,2026-04-22 16:34:45,247,
RUA,R11,20,David Reynolds,,15,NaN,NaN,false,NaN,E:\2026\99_seasonTiming\04_RUA\top_speed\Race 11.pdf,2026-04-22 16:34:45,247,
RUA,R11,20,David Reynolds,,16,NaN,NaN,false,NaN,E:\2026\99_seasonTiming\04_RUA\top_speed\Race 11.pdf,2026-04-22 16:34:45,247,
RUA,R11,20,David Reynolds,,17,NaN,NaN,false,NaN,E:\2026\99_seasonTiming\04_RUA\top_speed\Race 11.pdf,2026-04-22 16:34:45,247,
RUA,R11,20,David Reynolds,,18,NaN,NaN,false,NaN,E:\2026\99_seasonTiming\04_RUA\top_speed\Race 11.pdf,2026-04-22 16:34:45,248,
RUA,R11,20,David Reynolds,,19,NaN,NaN,false,NaN,E:\2026\99_seasonTiming\04_RUA\top_speed\Race 11.pdf,2026-04-22 16:34:45,248,
RUA,R11,20,David Reynolds,,20,NaN,NaN,false,NaN,E:\2026\99_seasonTiming\04_RUA\top_speed\Race 11.pdf,2026-04-22 16:34:45,248,
RUA,R11,20,David Reynolds,,21,NaN,NaN,false,NaN,E:\2026\99_seasonTiming\04_RUA\top_speed\Race 11.pdf,2026-04-22 16:34:45,249,
RUA,R11,20,David Reynolds,,22,NaN,NaN,false,NaN,E:\2026\99_seasonTiming\04_RUA\top_speed\Race 11.pdf,2026-04-22 16:34:45,250,
RUA,R11,20,David Reynolds,,23,NaN,NaN,false,NaN,E:\2026\99_seasonTiming\04_RUA\top_speed\Race 11.pdf,2026-04-22 16:34:45,250,
RUA,R11,20,David Reynolds,,24,NaN,NaN,false,NaN,E:\2026\99_seasonTiming\04_RUA\top_speed\Race 11.pdf,2026-04-22 16:34:45,250,
RUA,R11,20,David Reynolds,,25,NaN,NaN,false,NaN,E:\2026\99_seasonTiming\04_RUA\top_speed\Race 11.pdf,2026-04-22 16:34:45,250,
RUA,R11,20,David Reynolds,,26,NaN,NaN,false,NaN,E:\2026\99_seasonTiming\04_RUA\top_speed\Race 11.pdf,2026-04-22 16:34:45,250,
RUA,R11,20,David Reynolds,,27,NaN,NaN,false,NaN,E:\2026\99_seasonTiming\04_RUA\top_speed\Race 11.pdf,2026-04-22 16:34:45,249,
RUA,R11,20,David Reynolds,,28,NaN,NaN,false,NaN,E:\2026\99_seasonTiming\04_RUA\top_speed\Race 11.pdf,2026-04-22 16:34:45,249,
RUA,R11,20,David Reynolds,,29,NaN,NaN,false,NaN,E:\2026\99_seasonTiming\04_RUA\top_speed\Race 11.pdf,2026-04-22 16:34:45,248,
RUA,R11,20,David Reynolds,,30,NaN,NaN,false,NaN,E:\2026\99_seasonTiming\04_RUA\top_speed\Race 11.pdf,2026-04-22 16:34:45,248,
RUA,R11,20,David Reynolds,,31,NaN,NaN,false,NaN,E:\2026\99_seasonTiming\04_RUA\top_speed\Race 11.pdf,2026-04-22 16:34:45,251,
RUA,R11,20,David Reynolds,,32,NaN,NaN,false,NaN,E:\2026\99_seasonTiming\04_RUA\top_speed\Race 11.pdf,2026-04-22 16:34:45,249,
RUA,R11,20,David Reynolds,,33,NaN,NaN,false,NaN,E:\2026\99_seasonTiming\04_RUA\top_speed\Race 11.pdf,2026-04-22 16:34:45,248,
RUA,R11,20,David Reynolds,,34,NaN,NaN,false,NaN,E:\2026\99_seasonTiming\04_RUA\top_speed\Race 11.pdf,2026-04-22 16:34:45,243,
RUA,R11,20,David Reynolds,,35,NaN,NaN,false,NaN,E:\2026\99_seasonTiming\04_RUA\top_speed\Race 11.pdf,2026-04-22 16:34:45,251,
RUA,R11,20,David Reynolds,,36,NaN,NaN,false,NaN,E:\2026\99_seasonTiming\04_RUA\top_speed\Race 11.pdf,2026-04-22 16:34:45,249,
RUA,R11,20,David Reynolds,,37,NaN,NaN,false,NaN,E:\2026\99_seasonTiming\04_RUA\top_speed\Race 11.pdf,2026-04-22 16:34:45,249,
RUA,R11,26,Kai Allen,,1,NaN,NaN,false,NaN,E:\2026\99_seasonTiming\04_RUA\top_speed\Race 11.pdf,2026-04-22 16:34:45,201,
RUA,R11,26,Kai Allen,,2,NaN,NaN,false,NaN,E:\2026\99_seasonTiming\04_RUA\top_speed\Race 11.pdf,2026-04-22 16:34:45,250,
RUA,R11,26,Kai Allen,,3,NaN,NaN,false,NaN,E:\2026\99_seasonTiming\04_RUA\top_speed\Race 11.pdf,2026-04-22 16:34:45,249,
RUA,R11,26,Kai Allen,,4,NaN,NaN,false,NaN,E:\2026\99_seasonTiming\04_RUA\top_speed\Race 11.pdf,2026-04-22 16:34:45,250,
RUA,R11,26,Kai Allen,,5,NaN,NaN,false,NaN,E:\2026\99_seasonTiming\04_RUA\top_speed\Race 11.pdf,2026-04-22 16:34:45,250,
RUA,R11,26,Kai Allen,,6,NaN,NaN,false,NaN,E:\2026\99_seasonTiming\04_RUA\top_speed\Race 11.pdf,2026-04-22 16:34:45,250,
RUA,R11,26,Kai Allen,,7,NaN,NaN,false,NaN,E:\2026\99_seasonTiming\04_RUA\top_speed\Race 11.pdf,2026-04-22 16:34:45,249,
RUA,R11,26,Kai Allen,,8,NaN,NaN,false,NaN,E:\2026\99_seasonTiming\04_RUA\top_speed\Race 11.pdf,2026-04-22 16:34:45,250,
RUA,R11,26,Kai Allen,,9,NaN,NaN,false,NaN,E:\2026\99_seasonTiming\04_RUA\top_speed\Race 11.pdf,2026-04-22 16:34:45,250,
RUA,R11,26,Kai Allen,,10,NaN,NaN,false,NaN,E:\2026\99_seasonTiming\04_RUA\top_speed\Race 11.pdf,2026-04-22 16:34:45,250,
RUA,R11,26,Kai Allen,,11,NaN,NaN,false,NaN,E:\2026\99_seasonTiming\04_RUA\top_speed\Race 11.pdf,2026-04-22 16:34:45,250,
RUA,R11,26,Kai Allen,,12,NaN,NaN,false,NaN,E:\2026\99_seasonTiming\04_RUA\top_speed\Race 11.pdf,2026-04-22 16:34:45,250,
RUA,R11,26,Kai Allen,,13,NaN,NaN,false,NaN,E:\2026\99_seasonTiming\04_RUA\top_speed\Race 11.pdf,2026-04-22 16:34:45,250,
RUA,R11,26,Kai Allen,,14,NaN,NaN,false,NaN,E:\2026\99_seasonTiming\04_RUA\top_speed\Race 11.pdf,2026-04-22 16:34:45,249,
RUA,R11,26,Kai Allen,,15,NaN,NaN,false,NaN,E:\2026\99_seasonTiming\04_RUA\top_speed\Race 11.pdf,2026-04-22 16:34:45,250,
RUA,R11,26,Kai Allen,,16,NaN,NaN,false,NaN,E:\2026\99_seasonTiming\04_RUA\top_speed\Race 11.pdf,2026-04-22 16:34:45,250,
RUA,R11,26,Kai Allen,,17,NaN,NaN,false,NaN,E:\2026\99_seasonTiming\04_RUA\top_speed\Race 11.pdf,2026-04-22 16:34:45,192,
RUA,R11,26,Kai Allen,,18,NaN,NaN,false,NaN,E:\2026\99_seasonTiming\04_RUA\top_speed\Race 11.pdf,2026-04-22 16:34:45,252,
RUA,R11,26,Kai Allen,,19,NaN,NaN,false,NaN,E:\2026\99_seasonTiming\04_RUA\top_speed\Race 11.pdf,2026-04-22 16:34:45,249,
RUA,R11,26,Kai Allen,,20,NaN,NaN,false,NaN,E:\2026\99_seasonTiming\04_RUA\top_speed\Race 11.pdf,2026-04-22 16:34:45,251,
RUA,R11,26,Kai Allen,,21,NaN,NaN,false,NaN,E:\2026\99_seasonTiming\04_RUA\top_speed\Race 11.pdf,2026-04-22 16:34:45,249,
RUA,R11,26,Kai Allen,,22,NaN,NaN,false,NaN,E:\2026\99_seasonTiming\04_RUA\top_speed\Race 11.pdf,2026-04-22 16:34:45,246,
RUA,R11,26,Kai Allen,,23,NaN,NaN,false,NaN,E:\2026\99_seasonTiming\04_RUA\top_speed\Race 11.pdf,2026-04-22 16:34:45,251,
RUA,R11,26,Kai Allen,,24,NaN,NaN,false,NaN,E:\2026\99_seasonTiming\04_RUA\top_speed\Race 11.pdf,2026-04-22 16:34:45,246,
RUA,R11,26,Kai Allen,,25,NaN,NaN,false,NaN,E:\2026\99_seasonTiming\04_RUA\top_speed\Race 11.pdf,2026-04-22 16:34:45,249,
RUA,R11,26,Kai Allen,,26,NaN,NaN,false,NaN,E:\2026\99_seasonTiming\04_RUA\top_speed\Race 11.pdf,2026-04-22 16:34:45,250,
RUA,R11,26,Kai Allen,,27,NaN,NaN,false,NaN,E:\2026\99_seasonTiming\04_RUA\top_speed\Race 11.pdf,2026-04-22 16:34:45,245,
RUA,R11,26,Kai Allen,,28,NaN,NaN,false,NaN,E:\2026\99_seasonTiming\04_RUA\top_speed\Race 11.pdf,2026-04-22 16:34:45,250,
RUA,R11,26,Kai Allen,,29,NaN,NaN,false,NaN,E:\2026\99_seasonTiming\04_RUA\top_speed\Race 11.pdf,2026-04-22 16:34:45,251,
RUA,R11,26,Kai Allen,,30,NaN,NaN,false,NaN,E:\2026\99_seasonTiming\04_RUA\top_speed\Race 11.pdf,2026-04-22 16:34:45,250,
RUA,R11,26,Kai Allen,,31,NaN,NaN,false,NaN,E:\2026\99_seasonTiming\04_RUA\top_speed\Race 11.pdf,2026-04-22 16:34:45,249,
RUA,R11,26,Kai Allen,,32,NaN,NaN,false,NaN,E:\2026\99_seasonTiming\04_RUA\top_speed\Race 11.pdf,2026-04-22 16:34:45,252,
RUA,R11,26,Kai Allen,,33,NaN,NaN,false,NaN,E:\2026\99_seasonTiming\04_RUA\top_speed\Race 11.pdf,2026-04-22 16:34:45,250,
RUA,R11,26,Kai Allen,,34,NaN,NaN,false,NaN,E:\2026\99_seasonTiming\04_RUA\top_speed\Race 11.pdf,2026-04-22 16:34:45,250,
RUA,R11,26,Kai Allen,,35,NaN,NaN,false,NaN,E:\2026\99_seasonTiming\04_RUA\top_speed\Race 11.pdf,2026-04-22 16:34:45,251,
RUA,R11,26,Kai Allen,,36,NaN,NaN,false,NaN,E:\2026\99_seasonTiming\04_RUA\top_speed\Race 11.pdf,2026-04-22 16:34:45,251,
RUA,R11,26,Kai Allen,,37,NaN,NaN,false,NaN,E:\2026\99_seasonTiming\04_RUA\top_speed\Race 11.pdf,2026-04-22 16:34:45,251,
RUA,R11,31,Jayden Ojeda,,1,NaN,NaN,false,NaN,E:\2026\99_seasonTiming\04_RUA\top_speed\Race 11.pdf,2026-04-22 16:34:45,200,
RUA,R11,31,Jayden Ojeda,,2,NaN,NaN,false,NaN,E:\2026\99_seasonTiming\04_RUA\top_speed\Race 11.pdf,2026-04-22 16:34:45,223,
RUA,R11,31,Jayden Ojeda,,3,NaN,NaN,false,NaN,E:\2026\99_seasonTiming\04_RUA\top_speed\Race 11.pdf,2026-04-22 16:34:45,251,
RUA,R11,31,Jayden Ojeda,,4,NaN,NaN,false,NaN,E:\2026\99_seasonTiming\04_RUA\top_speed\Race 11.pdf,2026-04-22 16:34:45,249,
RUA,R11,31,Jayden Ojeda,,5,NaN,NaN,false,NaN,E:\2026\99_seasonTiming\04_RUA\top_speed\Race 11.pdf,2026-04-22 16:34:45,249,
RUA,R11,31,Jayden Ojeda,,6,NaN,NaN,false,NaN,E:\2026\99_seasonTiming\04_RUA\top_speed\Race 11.pdf,2026-04-22 16:34:45,251,
RUA,R11,31,Jayden Ojeda,,7,NaN,NaN,false,NaN,E:\2026\99_seasonTiming\04_RUA\top_speed\Race 11.pdf,2026-04-22 16:34:45,255,
RUA,R11,31,Jayden Ojeda,,8,NaN,NaN,false,NaN,E:\2026\99_seasonTiming\04_RUA\top_speed\Race 11.pdf,2026-04-22 16:34:45,249,
RUA,R11,31,Jayden Ojeda,,9,NaN,NaN,false,NaN,E:\2026\99_seasonTiming\04_RUA\top_speed\Race 11.pdf,2026-04-22 16:34:45,248,
RUA,R11,31,Jayden Ojeda,,10,NaN,NaN,false,NaN,E:\2026\99_seasonTiming\04_RUA\top_speed\Race 11.pdf,2026-04-22 16:34:45,247,
RUA,R11,31,Jayden Ojeda,,11,NaN,NaN,false,NaN,E:\2026\99_seasonTiming\04_RUA\top_speed\Race 11.pdf,2026-04-22 16:34:45,249,
RUA,R11,31,Jayden Ojeda,,12,NaN,NaN,false,NaN,E:\2026\99_seasonTiming\04_RUA\top_speed\Race 11.pdf,2026-04-22 16:34:45,192,
RUA,R11,31,Jayden Ojeda,,13,NaN,NaN,false,NaN,E:\2026\99_seasonTiming\04_RUA\top_speed\Race 11.pdf,2026-04-22 16:34:45,250,
RUA,R11,31,Jayden Ojeda,,14,NaN,NaN,false,NaN,E:\2026\99_seasonTiming\04_RUA\top_speed\Race 11.pdf,2026-04-22 16:34:45,250,
RUA,R11,31,Jayden Ojeda,,15,NaN,NaN,false,NaN,E:\2026\99_seasonTiming\04_RUA\top_speed\Race 11.pdf,2026-04-22 16:34:45,251,
RUA,R11,31,Jayden Ojeda,,16,NaN,NaN,false,NaN,E:\2026\99_seasonTiming\04_RUA\top_speed\Race 11.pdf,2026-04-22 16:34:45,251,
RUA,R11,31,Jayden Ojeda,,17,NaN,NaN,false,NaN,E:\2026\99_seasonTiming\04_RUA\top_speed\Race 11.pdf,2026-04-22 16:34:45,251,
RUA,R11,31,Jayden Ojeda,,18,NaN,NaN,false,NaN,E:\2026\99_seasonTiming\04_RUA\top_speed\Race 11.pdf,2026-04-22 16:34:45,251,
RUA,R11,31,Jayden Ojeda,,19,NaN,NaN,false,NaN,E:\2026\99_seasonTiming\04_RUA\top_speed\Race 11.pdf,2026-04-22 16:34:45,251,
RUA,R11,31,Jayden Ojeda,,20,NaN,NaN,false,NaN,E:\2026\99_seasonTiming\04_RUA\top_speed\Race 11.pdf,2026-04-22 16:34:45,250,
RUA,R11,31,Jayden Ojeda,,21,NaN,NaN,false,NaN,E:\2026\99_seasonTiming\04_RUA\top_speed\Race 11.pdf,2026-04-22 16:34:45,246,
RUA,R11,31,Jayden Ojeda,,22,NaN,NaN,false,NaN,E:\2026\99_seasonTiming\04_RUA\top_speed\Race 11.pdf,2026-04-22 16:34:45,243,
RUA,R11,31,Jayden Ojeda,,23,NaN,NaN,false,NaN,E:\2026\99_seasonTiming\04_RUA\top_speed\Race 11.pdf,2026-04-22 16:34:45,253,
RUA,R11,31,Jayden Ojeda,,24,NaN,NaN,false,NaN,E:\2026\99_seasonTiming\04_RUA\top_speed\Race 11.pdf,2026-04-22 16:34:45,251,
RUA,R11,31,Jayden Ojeda,,25,NaN,NaN,false,NaN,E:\2026\99_seasonTiming\04_RUA\top_speed\Race 11.pdf,2026-04-22 16:34:45,253,
RUA,R11,31,Jayden Ojeda,,26,NaN,NaN,false,NaN,E:\2026\99_seasonTiming\04_RUA\top_speed\Race 11.pdf,2026-04-22 16:34:45,252,
RUA,R11,31,Jayden Ojeda,,27,NaN,NaN,false,NaN,E:\2026\99_seasonTiming\04_RUA\top_speed\Race 11.pdf,2026-04-22 16:34:45,248,
RUA,R11,31,Jayden Ojeda,,28,NaN,NaN,false,NaN,E:\2026\99_seasonTiming\04_RUA\top_speed\Race 11.pdf,2026-04-22 16:34:45,250,
RUA,R11,31,Jayden Ojeda,,29,NaN,NaN,false,NaN,E:\2026\99_seasonTiming\04_RUA\top_speed\Race 11.pdf,2026-04-22 16:34:45,248,
RUA,R11,31,Jayden Ojeda,,30,NaN,NaN,false,NaN,E:\2026\99_seasonTiming\04_RUA\top_speed\Race 11.pdf,2026-04-22 16:34:45,249,
RUA,R11,31,Jayden Ojeda,,31,NaN,NaN,false,NaN,E:\2026\99_seasonTiming\04_RUA\top_speed\Race 11.pdf,2026-04-22 16:34:45,249,
RUA,R11,31,Jayden Ojeda,,32,NaN,NaN,false,NaN,E:\2026\99_seasonTiming\04_RUA\top_speed\Race 11.pdf,2026-04-22 16:34:45,248,
RUA,R11,31,Jayden Ojeda,,33,NaN,NaN,false,NaN,E:\2026\99_seasonTiming\04_RUA\top_speed\Race 11.pdf,2026-04-22 16:34:45,251,
RUA,R11,31,Jayden Ojeda,,34,NaN,NaN,false,NaN,E:\2026\99_seasonTiming\04_RUA\top_speed\Race 11.pdf,2026-04-22 16:34:45,251,
RUA,R11,31,Jayden Ojeda,,35,NaN,NaN,false,NaN,E:\2026\99_seasonTiming\04_RUA\top_speed\Race 11.pdf,2026-04-22 16:34:45,250,
RUA,R11,31,Jayden Ojeda,,36,NaN,NaN,false,NaN,E:\2026\99_seasonTiming\04_RUA\top_speed\Race 11.pdf,2026-04-22 16:34:45,251,
RUA,R11,31,Jayden Ojeda,,37,NaN,NaN,false,NaN,E:\2026\99_seasonTiming\04_RUA\top_speed\Race 11.pdf,2026-04-22 16:34:45,248,
RUA,R11,38,Rylan Gray,,1,NaN,NaN,false,NaN,E:\2026\99_seasonTiming\04_RUA\top_speed\Race 11.pdf,2026-04-22 16:34:45,210,
RUA,R11,38,Rylan Gray,,2,NaN,NaN,false,NaN,E:\2026\99_seasonTiming\04_RUA\top_speed\Race 11.pdf,2026-04-22 16:34:45,246,
RUA,R11,38,Rylan Gray,,3,NaN,NaN,false,NaN,E:\2026\99_seasonTiming\04_RUA\top_speed\Race 11.pdf,2026-04-22 16:34:45,253,
RUA,R11,38,Rylan Gray,,4,NaN,NaN,false,NaN,E:\2026\99_seasonTiming\04_RUA\top_speed\Race 11.pdf,2026-04-22 16:34:45,248,
RUA,R11,38,Rylan Gray,,5,NaN,NaN,false,NaN,E:\2026\99_seasonTiming\04_RUA\top_speed\Race 11.pdf,2026-04-22 16:34:45,250,
RUA,R11,38,Rylan Gray,,6,NaN,NaN,false,NaN,E:\2026\99_seasonTiming\04_RUA\top_speed\Race 11.pdf,2026-04-22 16:34:45,251,
RUA,R11,38,Rylan Gray,,7,NaN,NaN,false,NaN,E:\2026\99_seasonTiming\04_RUA\top_speed\Race 11.pdf,2026-04-22 16:34:45,252,
RUA,R11,38,Rylan Gray,,8,NaN,NaN,false,NaN,E:\2026\99_seasonTiming\04_RUA\top_speed\Race 11.pdf,2026-04-22 16:34:45,251,
RUA,R11,38,Rylan Gray,,9,NaN,NaN,false,NaN,E:\2026\99_seasonTiming\04_RUA\top_speed\Race 11.pdf,2026-04-22 16:34:45,253,
RUA,R11,38,Rylan Gray,,10,NaN,NaN,false,NaN,E:\2026\99_seasonTiming\04_RUA\top_speed\Race 11.pdf,2026-04-22 16:34:45,251,
RUA,R11,38,Rylan Gray,,11,NaN,NaN,false,NaN,E:\2026\99_seasonTiming\04_RUA\top_speed\Race 11.pdf,2026-04-22 16:34:45,251,
RUA,R11,38,Rylan Gray,,12,NaN,NaN,false,NaN,E:\2026\99_seasonTiming\04_RUA\top_speed\Race 11.pdf,2026-04-22 16:34:45,252,
RUA,R11,38,Rylan Gray,,13,NaN,NaN,false,NaN,E:\2026\99_seasonTiming\04_RUA\top_speed\Race 11.pdf,2026-04-22 16:34:45,251,
RUA,R11,38,Rylan Gray,,14,NaN,NaN,false,NaN,E:\2026\99_seasonTiming\04_RUA\top_speed\Race 11.pdf,2026-04-22 16:34:45,251,
RUA,R11,38,Rylan Gray,,15,NaN,NaN,false,NaN,E:\2026\99_seasonTiming\04_RUA\top_speed\Race 11.pdf,2026-04-22 16:34:45,251,
RUA,R11,38,Rylan Gray,,16,NaN,NaN,false,NaN,E:\2026\99_seasonTiming\04_RUA\top_speed\Race 11.pdf,2026-04-22 16:34:45,251,
RUA,R11,38,Rylan Gray,,17,NaN,NaN,false,NaN,E:\2026\99_seasonTiming\04_RUA\top_speed\Race 11.pdf,2026-04-22 16:34:45,251,
RUA,R11,38,Rylan Gray,,18,NaN,NaN,false,NaN,E:\2026\99_seasonTiming\04_RUA\top_speed\Race 11.pdf,2026-04-22 16:34:45,251,
RUA,R11,38,Rylan Gray,,19,NaN,NaN,false,NaN,E:\2026\99_seasonTiming\04_RUA\top_speed\Race 11.pdf,2026-04-22 16:34:45,251,
RUA,R11,38,Rylan Gray,,20,NaN,NaN,false,NaN,E:\2026\99_seasonTiming\04_RUA\top_speed\Race 11.pdf,2026-04-22 16:34:45,251,
RUA,R11,38,Rylan Gray,,21,NaN,NaN,false,NaN,E:\2026\99_seasonTiming\04_RUA\top_speed\Race 11.pdf,2026-04-22 16:34:45,250,
RUA,R11,38,Rylan Gray,,22,NaN,NaN,false,NaN,E:\2026\99_seasonTiming\04_RUA\top_speed\Race 11.pdf,2026-04-22 16:34:45,250,
RUA,R11,38,Rylan Gray,,23,NaN,NaN,false,NaN,E:\2026\99_seasonTiming\04_RUA\top_speed\Race 11.pdf,2026-04-22 16:34:45,192,
RUA,R11,38,Rylan Gray,,24,NaN,NaN,false,NaN,E:\2026\99_seasonTiming\04_RUA\top_speed\Race 11.pdf,2026-04-22 16:34:45,250,
RUA,R11,38,Rylan Gray,,25,NaN,NaN,false,NaN,E:\2026\99_seasonTiming\04_RUA\top_speed\Race 11.pdf,2026-04-22 16:34:45,248,
RUA,R11,38,Rylan Gray,,26,NaN,NaN,false,NaN,E:\2026\99_seasonTiming\04_RUA\top_speed\Race 11.pdf,2026-04-22 16:34:45,247,
RUA,R11,38,Rylan Gray,,27,NaN,NaN,false,NaN,E:\2026\99_seasonTiming\04_RUA\top_speed\Race 11.pdf,2026-04-22 16:34:45,250,
RUA,R11,38,Rylan Gray,,28,NaN,NaN,false,NaN,E:\2026\99_seasonTiming\04_RUA\top_speed\Race 11.pdf,2026-04-22 16:34:45,250,
RUA,R11,38,Rylan Gray,,29,NaN,NaN,false,NaN,E:\2026\99_seasonTiming\04_RUA\top_speed\Race 11.pdf,2026-04-22 16:34:45,251,
RUA,R11,38,Rylan Gray,,30,NaN,NaN,false,NaN,E:\2026\99_seasonTiming\04_RUA\top_speed\Race 11.pdf,2026-04-22 16:34:45,251,
RUA,R11,38,Rylan Gray,,31,NaN,NaN,false,NaN,E:\2026\99_seasonTiming\04_RUA\top_speed\Race 11.pdf,2026-04-22 16:34:45,251,
RUA,R11,38,Rylan Gray,,32,NaN,NaN,false,NaN,E:\2026\99_seasonTiming\04_RUA\top_speed\Race 11.pdf,2026-04-22 16:34:45,252,
RUA,R11,38,Rylan Gray,,33,NaN,NaN,false,NaN,E:\2026\99_seasonTiming\04_RUA\top_speed\Race 11.pdf,2026-04-22 16:34:45,249,
RUA,R11,38,Rylan Gray,,34,NaN,NaN,false,NaN,E:\2026\99_seasonTiming\04_RUA\top_speed\Race 11.pdf,2026-04-22 16:34:45,246,
RUA,R11,38,Rylan Gray,,35,NaN,NaN,false,NaN,E:\2026\99_seasonTiming\04_RUA\top_speed\Race 11.pdf,2026-04-22 16:34:45,249,
RUA,R11,38,Rylan Gray,,36,NaN,NaN,false,NaN,E:\2026\99_seasonTiming\04_RUA\top_speed\Race 11.pdf,2026-04-22 16:34:45,249,
RUA,R11,38,Rylan Gray,,37,NaN,NaN,false,NaN,E:\2026\99_seasonTiming\04_RUA\top_speed\Race 11.pdf,2026-04-22 16:34:45,249,
RUA,R11,55,Thomas Randle,,1,NaN,NaN,false,NaN,E:\2026\99_seasonTiming\04_RUA\top_speed\Race 11.pdf,2026-04-22 16:34:45,206,
RUA,R11,55,Thomas Randle,,2,NaN,NaN,false,NaN,E:\2026\99_seasonTiming\04_RUA\top_speed\Race 11.pdf,2026-04-22 16:34:45,228,
RUA,R11,55,Thomas Randle,,3,NaN,NaN,false,NaN,E:\2026\99_seasonTiming\04_RUA\top_speed\Race 11.pdf,2026-04-22 16:34:45,250,
RUA,R11,55,Thomas Randle,,4,NaN,NaN,false,NaN,E:\2026\99_seasonTiming\04_RUA\top_speed\Race 11.pdf,2026-04-22 16:34:45,251,
RUA,R11,55,Thomas Randle,,5,NaN,NaN,false,NaN,E:\2026\99_seasonTiming\04_RUA\top_speed\Race 11.pdf,2026-04-22 16:34:45,251,
RUA,R11,55,Thomas Randle,,6,NaN,NaN,false,NaN,E:\2026\99_seasonTiming\04_RUA\top_speed\Race 11.pdf,2026-04-22 16:34:45,251,
RUA,R11,55,Thomas Randle,,7,NaN,NaN,false,NaN,E:\2026\99_seasonTiming\04_RUA\top_speed\Race 11.pdf,2026-04-22 16:34:45,251,
RUA,R11,55,Thomas Randle,,8,NaN,NaN,false,NaN,E:\2026\99_seasonTiming\04_RUA\top_speed\Race 11.pdf,2026-04-22 16:34:45,253,
RUA,R11,55,Thomas Randle,,9,NaN,NaN,false,NaN,E:\2026\99_seasonTiming\04_RUA\top_speed\Race 11.pdf,2026-04-22 16:34:45,250,
RUA,R11,55,Thomas Randle,,10,NaN,NaN,false,NaN,E:\2026\99_seasonTiming\04_RUA\top_speed\Race 11.pdf,2026-04-22 16:34:45,249,
RUA,R11,55,Thomas Randle,,11,NaN,NaN,false,NaN,E:\2026\99_seasonTiming\04_RUA\top_speed\Race 11.pdf,2026-04-22 16:34:45,250,
RUA,R11,55,Thomas Randle,,12,NaN,NaN,false,NaN,E:\2026\99_seasonTiming\04_RUA\top_speed\Race 11.pdf,2026-04-22 16:34:45,250,
RUA,R11,55,Thomas Randle,,13,NaN,NaN,false,NaN,E:\2026\99_seasonTiming\04_RUA\top_speed\Race 11.pdf,2026-04-22 16:34:45,251,
RUA,R11,55,Thomas Randle,,14,NaN,NaN,false,NaN,E:\2026\99_seasonTiming\04_RUA\top_speed\Race 11.pdf,2026-04-22 16:34:45,250,
RUA,R11,55,Thomas Randle,,15,NaN,NaN,false,NaN,E:\2026\99_seasonTiming\04_RUA\top_speed\Race 11.pdf,2026-04-22 16:34:45,250,
RUA,R11,55,Thomas Randle,,16,NaN,NaN,false,NaN,E:\2026\99_seasonTiming\04_RUA\top_speed\Race 11.pdf,2026-04-22 16:34:45,250,
RUA,R11,55,Thomas Randle,,17,NaN,NaN,false,NaN,E:\2026\99_seasonTiming\04_RUA\top_speed\Race 11.pdf,2026-04-22 16:34:45,250,
RUA,R11,55,Thomas Randle,,18,NaN,NaN,false,NaN,E:\2026\99_seasonTiming\04_RUA\top_speed\Race 11.pdf,2026-04-22 16:34:45,250,
RUA,R11,55,Thomas Randle,,19,NaN,NaN,false,NaN,E:\2026\99_seasonTiming\04_RUA\top_speed\Race 11.pdf,2026-04-22 16:34:45,251,
RUA,R11,55,Thomas Randle,,20,NaN,NaN,false,NaN,E:\2026\99_seasonTiming\04_RUA\top_speed\Race 11.pdf,2026-04-22 16:34:45,250,
RUA,R11,55,Thomas Randle,,21,NaN,NaN,false,NaN,E:\2026\99_seasonTiming\04_RUA\top_speed\Race 11.pdf,2026-04-22 16:34:45,249,
RUA,R11,55,Thomas Randle,,22,NaN,NaN,false,NaN,E:\2026\99_seasonTiming\04_RUA\top_speed\Race 11.pdf,2026-04-22 16:34:45,248,
RUA,R11,55,Thomas Randle,,23,NaN,NaN,false,NaN,E:\2026\99_seasonTiming\04_RUA\top_speed\Race 11.pdf,2026-04-22 16:34:45,249,
RUA,R11,55,Thomas Randle,,24,NaN,NaN,false,NaN,E:\2026\99_seasonTiming\04_RUA\top_speed\Race 11.pdf,2026-04-22 16:34:45,248,
RUA,R11,55,Thomas Randle,,25,NaN,NaN,false,NaN,E:\2026\99_seasonTiming\04_RUA\top_speed\Race 11.pdf,2026-04-22 16:34:45,189,
RUA,R11,55,Thomas Randle,,26,NaN,NaN,false,NaN,E:\2026\99_seasonTiming\04_RUA\top_speed\Race 11.pdf,2026-04-22 16:34:45,250,
RUA,R11,55,Thomas Randle,,27,NaN,NaN,false,NaN,E:\2026\99_seasonTiming\04_RUA\top_speed\Race 11.pdf,2026-04-22 16:34:45,250,
RUA,R11,55,Thomas Randle,,28,NaN,NaN,false,NaN,E:\2026\99_seasonTiming\04_RUA\top_speed\Race 11.pdf,2026-04-22 16:34:45,251,
RUA,R11,55,Thomas Randle,,29,NaN,NaN,false,NaN,E:\2026\99_seasonTiming\04_RUA\top_speed\Race 11.pdf,2026-04-22 16:34:45,245,
RUA,R11,55,Thomas Randle,,30,NaN,NaN,false,NaN,E:\2026\99_seasonTiming\04_RUA\top_speed\Race 11.pdf,2026-04-22 16:34:45,248,
RUA,R11,55,Thomas Randle,,31,NaN,NaN,false,NaN,E:\2026\99_seasonTiming\04_RUA\top_speed\Race 11.pdf,2026-04-22 16:34:45,251,
RUA,R11,55,Thomas Randle,,32,NaN,NaN,false,NaN,E:\2026\99_seasonTiming\04_RUA\top_speed\Race 11.pdf,2026-04-22 16:34:45,250,
RUA,R11,55,Thomas Randle,,33,NaN,NaN,false,NaN,E:\2026\99_seasonTiming\04_RUA\top_speed\Race 11.pdf,2026-04-22 16:34:45,248,
RUA,R11,55,Thomas Randle,,34,NaN,NaN,false,NaN,E:\2026\99_seasonTiming\04_RUA\top_speed\Race 11.pdf,2026-04-22 16:34:45,249,
RUA,R11,55,Thomas Randle,,35,NaN,NaN,false,NaN,E:\2026\99_seasonTiming\04_RUA\top_speed\Race 11.pdf,2026-04-22 16:34:45,250,
RUA,R11,55,Thomas Randle,,36,NaN,NaN,false,NaN,E:\2026\99_seasonTiming\04_RUA\top_speed\Race 11.pdf,2026-04-22 16:34:45,250,
RUA,R11,55,Thomas Randle,,37,NaN,NaN,false,NaN,E:\2026\99_seasonTiming\04_RUA\top_speed\Race 11.pdf,2026-04-22 16:34:45,249,
RUA,R11,88,Broc Feeney,,1,NaN,NaN,false,NaN,E:\2026\99_seasonTiming\04_RUA\top_speed\Race 11.pdf,2026-04-22 16:34:45,203,
RUA,R11,88,Broc Feeney,,2,NaN,NaN,false,NaN,E:\2026\99_seasonTiming\04_RUA\top_speed\Race 11.pdf,2026-04-22 16:34:45,248,
RUA,R11,88,Broc Feeney,,3,NaN,NaN,false,NaN,E:\2026\99_seasonTiming\04_RUA\top_speed\Race 11.pdf,2026-04-22 16:34:45,249,
RUA,R11,88,Broc Feeney,,4,NaN,NaN,false,NaN,E:\2026\99_seasonTiming\04_RUA\top_speed\Race 11.pdf,2026-04-22 16:34:45,250,
RUA,R11,88,Broc Feeney,,5,NaN,NaN,false,NaN,E:\2026\99_seasonTiming\04_RUA\top_speed\Race 11.pdf,2026-04-22 16:34:45,250,
RUA,R11,88,Broc Feeney,,6,NaN,NaN,false,NaN,E:\2026\99_seasonTiming\04_RUA\top_speed\Race 11.pdf,2026-04-22 16:34:45,249,
RUA,R11,88,Broc Feeney,,7,NaN,NaN,false,NaN,E:\2026\99_seasonTiming\04_RUA\top_speed\Race 11.pdf,2026-04-22 16:34:45,250,
RUA,R11,88,Broc Feeney,,8,NaN,NaN,false,NaN,E:\2026\99_seasonTiming\04_RUA\top_speed\Race 11.pdf,2026-04-22 16:34:45,249,
RUA,R11,88,Broc Feeney,,9,NaN,NaN,false,NaN,E:\2026\99_seasonTiming\04_RUA\top_speed\Race 11.pdf,2026-04-22 16:34:45,248,
RUA,R11,88,Broc Feeney,,10,NaN,NaN,false,NaN,E:\2026\99_seasonTiming\04_RUA\top_speed\Race 11.pdf,2026-04-22 16:34:45,248,
RUA,R11,88,Broc Feeney,,11,NaN,NaN,false,NaN,E:\2026\99_seasonTiming\04_RUA\top_speed\Race 11.pdf,2026-04-22 16:34:45,249,
RUA,R11,88,Broc Feeney,,12,NaN,NaN,false,NaN,E:\2026\99_seasonTiming\04_RUA\top_speed\Race 11.pdf,2026-04-22 16:34:45,249,
RUA,R11,88,Broc Feeney,,13,NaN,NaN,false,NaN,E:\2026\99_seasonTiming\04_RUA\top_speed\Race 11.pdf,2026-04-22 16:34:45,249,
RUA,R11,88,Broc Feeney,,14,NaN,NaN,false,NaN,E:\2026\99_seasonTiming\04_RUA\top_speed\Race 11.pdf,2026-04-22 16:34:45,250,
RUA,R11,88,Broc Feeney,,15,NaN,NaN,false,NaN,E:\2026\99_seasonTiming\04_RUA\top_speed\Race 11.pdf,2026-04-22 16:34:45,249,
RUA,R11,88,Broc Feeney,,16,NaN,NaN,false,NaN,E:\2026\99_seasonTiming\04_RUA\top_speed\Race 11.pdf,2026-04-22 16:34:45,249,
RUA,R11,88,Broc Feeney,,17,NaN,NaN,false,NaN,E:\2026\99_seasonTiming\04_RUA\top_speed\Race 11.pdf,2026-04-22 16:34:45,249,
RUA,R11,88,Broc Feeney,,18,NaN,NaN,false,NaN,E:\2026\99_seasonTiming\04_RUA\top_speed\Race 11.pdf,2026-04-22 16:34:45,247,
RUA,R11,88,Broc Feeney,,19,NaN,NaN,false,NaN,E:\2026\99_seasonTiming\04_RUA\top_speed\Race 11.pdf,2026-04-22 16:34:45,248,
RUA,R11,88,Broc Feeney,,20,NaN,NaN,false,NaN,E:\2026\99_seasonTiming\04_RUA\top_speed\Race 11.pdf,2026-04-22 16:34:45,249,
RUA,R11,88,Broc Feeney,,21,NaN,NaN,false,NaN,E:\2026\99_seasonTiming\04_RUA\top_speed\Race 11.pdf,2026-04-22 16:34:45,194,
RUA,R11,88,Broc Feeney,,22,NaN,NaN,false,NaN,E:\2026\99_seasonTiming\04_RUA\top_speed\Race 11.pdf,2026-04-22 16:34:45,251,
RUA,R11,88,Broc Feeney,,23,NaN,NaN,false,NaN,E:\2026\99_seasonTiming\04_RUA\top_speed\Race 11.pdf,2026-04-22 16:34:45,249,
RUA,R11,88,Broc Feeney,,24,NaN,NaN,false,NaN,E:\2026\99_seasonTiming\04_RUA\top_speed\Race 11.pdf,2026-04-22 16:34:45,250,
RUA,R11,88,Broc Feeney,,25,NaN,NaN,false,NaN,E:\2026\99_seasonTiming\04_RUA\top_speed\Race 11.pdf,2026-04-22 16:34:45,249,
RUA,R11,88,Broc Feeney,,26,NaN,NaN,false,NaN,E:\2026\99_seasonTiming\04_RUA\top_speed\Race 11.pdf,2026-04-22 16:34:45,251,
RUA,R11,88,Broc Feeney,,27,NaN,NaN,false,NaN,E:\2026\99_seasonTiming\04_RUA\top_speed\Race 11.pdf,2026-04-22 16:34:45,249,
RUA,R11,88,Broc Feeney,,28,NaN,NaN,false,NaN,E:\2026\99_seasonTiming\04_RUA\top_speed\Race 11.pdf,2026-04-22 16:34:45,249,
RUA,R11,88,Broc Feeney,,29,NaN,NaN,false,NaN,E:\2026\99_seasonTiming\04_RUA\top_speed\Race 11.pdf,2026-04-22 16:34:45,250,
RUA,R11,88,Broc Feeney,,30,NaN,NaN,false,NaN,E:\2026\99_seasonTiming\04_RUA\top_speed\Race 11.pdf,2026-04-22 16:34:45,250,
RUA,R11,88,Broc Feeney,,31,NaN,NaN,false,NaN,E:\2026\99_seasonTiming\04_RUA\top_speed\Race 11.pdf,2026-04-22 16:34:45,253,
RUA,R11,88,Broc Feeney,,32,NaN,NaN,false,NaN,E:\2026\99_seasonTiming\04_RUA\top_speed\Race 11.pdf,2026-04-22 16:34:45,252,
RUA,R11,88,Broc Feeney,,33,NaN,NaN,false,NaN,E:\2026\99_seasonTiming\04_RUA\top_speed\Race 11.pdf,2026-04-22 16:34:45,250,
RUA,R11,88,Broc Feeney,,34,NaN,NaN,false,NaN,E:\2026\99_seasonTiming\04_RUA\top_speed\Race 11.pdf,2026-04-22 16:34:45,250,
RUA,R11,88,Broc Feeney,,35,NaN,NaN,false,NaN,E:\2026\99_seasonTiming\04_RUA\top_speed\Race 11.pdf,2026-04-22 16:34:45,251,
RUA,R11,88,Broc Feeney,,36,NaN,NaN,false,NaN,E:\2026\99_seasonTiming\04_RUA\top_speed\Race 11.pdf,2026-04-22 16:34:45,248,
RUA,R11,88,Broc Feeney,,37,NaN,NaN,false,NaN,E:\2026\99_seasonTiming\04_RUA\top_speed\Race 11.pdf,2026-04-22 16:34:45,248,
RUA,R11,96,Macauley Jones,,1,NaN,NaN,false,NaN,E:\2026\99_seasonTiming\04_RUA\top_speed\Race 11.pdf,2026-04-22 16:34:45,205,
RUA,R11,96,Macauley Jones,,2,NaN,NaN,false,NaN,E:\2026\99_seasonTiming\04_RUA\top_speed\Race 11.pdf,2026-04-22 16:34:45,243,
RUA,R11,96,Macauley Jones,,3,NaN,NaN,false,NaN,E:\2026\99_seasonTiming\04_RUA\top_speed\Race 11.pdf,2026-04-22 16:34:45,247,
RUA,R11,96,Macauley Jones,,4,NaN,NaN,false,NaN,E:\2026\99_seasonTiming\04_RUA\top_speed\Race 11.pdf,2026-04-22 16:34:45,250,
RUA,R11,96,Macauley Jones,,5,NaN,NaN,false,NaN,E:\2026\99_seasonTiming\04_RUA\top_speed\Race 11.pdf,2026-04-22 16:34:45,249,
RUA,R11,96,Macauley Jones,,6,NaN,NaN,false,NaN,E:\2026\99_seasonTiming\04_RUA\top_speed\Race 11.pdf,2026-04-22 16:34:45,250,
RUA,R11,96,Macauley Jones,,7,NaN,NaN,false,NaN,E:\2026\99_seasonTiming\04_RUA\top_speed\Race 11.pdf,2026-04-22 16:34:45,250,
RUA,R11,96,Macauley Jones,,8,NaN,NaN,false,NaN,E:\2026\99_seasonTiming\04_RUA\top_speed\Race 11.pdf,2026-04-22 16:34:45,251,
RUA,R11,96,Macauley Jones,,9,NaN,NaN,false,NaN,E:\2026\99_seasonTiming\04_RUA\top_speed\Race 11.pdf,2026-04-22 16:34:45,249,
RUA,R11,96,Macauley Jones,,10,NaN,NaN,false,NaN,E:\2026\99_seasonTiming\04_RUA\top_speed\Race 11.pdf,2026-04-22 16:34:45,248,
RUA,R11,96,Macauley Jones,,11,NaN,NaN,false,NaN,E:\2026\99_seasonTiming\04_RUA\top_speed\Race 11.pdf,2026-04-22 16:34:45,249,
RUA,R11,96,Macauley Jones,,12,NaN,NaN,false,NaN,E:\2026\99_seasonTiming\04_RUA\top_speed\Race 11.pdf,2026-04-22 16:34:45,248,
RUA,R11,96,Macauley Jones,,13,NaN,NaN,false,NaN,E:\2026\99_seasonTiming\04_RUA\top_speed\Race 11.pdf,2026-04-22 16:34:45,248,
RUA,R11,96,Macauley Jones,,14,NaN,NaN,false,NaN,E:\2026\99_seasonTiming\04_RUA\top_speed\Race 11.pdf,2026-04-22 16:34:45,248,
RUA,R11,96,Macauley Jones,,15,NaN,NaN,false,NaN,E:\2026\99_seasonTiming\04_RUA\top_speed\Race 11.pdf,2026-04-22 16:34:45,247,
RUA,R11,96,Macauley Jones,,16,NaN,NaN,false,NaN,E:\2026\99_seasonTiming\04_RUA\top_speed\Race 11.pdf,2026-04-22 16:34:45,247,
RUA,R11,96,Macauley Jones,,17,NaN,NaN,false,NaN,E:\2026\99_seasonTiming\04_RUA\top_speed\Race 11.pdf,2026-04-22 16:34:45,247,
RUA,R11,96,Macauley Jones,,18,NaN,NaN,false,NaN,E:\2026\99_seasonTiming\04_RUA\top_speed\Race 11.pdf,2026-04-22 16:34:45,248,
RUA,R11,96,Macauley Jones,,19,NaN,NaN,false,NaN,E:\2026\99_seasonTiming\04_RUA\top_speed\Race 11.pdf,2026-04-22 16:34:45,248,
RUA,R11,96,Macauley Jones,,20,NaN,NaN,false,NaN,E:\2026\99_seasonTiming\04_RUA\top_speed\Race 11.pdf,2026-04-22 16:34:45,192,
RUA,R11,96,Macauley Jones,,21,NaN,NaN,false,NaN,E:\2026\99_seasonTiming\04_RUA\top_speed\Race 11.pdf,2026-04-22 16:34:45,243,
RUA,R11,96,Macauley Jones,,22,NaN,NaN,false,NaN,E:\2026\99_seasonTiming\04_RUA\top_speed\Race 11.pdf,2026-04-22 16:34:45,248,
RUA,R11,96,Macauley Jones,,23,NaN,NaN,false,NaN,E:\2026\99_seasonTiming\04_RUA\top_speed\Race 11.pdf,2026-04-22 16:34:45,232,
RUA,R11,96,Macauley Jones,,24,NaN,NaN,false,NaN,E:\2026\99_seasonTiming\04_RUA\top_speed\Race 11.pdf,2026-04-22 16:34:45,249,
RUA,R11,96,Macauley Jones,,25,NaN,NaN,false,NaN,E:\2026\99_seasonTiming\04_RUA\top_speed\Race 11.pdf,2026-04-22 16:34:45,249,
RUA,R11,96,Macauley Jones,,26,NaN,NaN,false,NaN,E:\2026\99_seasonTiming\04_RUA\top_speed\Race 11.pdf,2026-04-22 16:34:45,248,
RUA,R11,96,Macauley Jones,,27,NaN,NaN,false,NaN,E:\2026\99_seasonTiming\04_RUA\top_speed\Race 11.pdf,2026-04-22 16:34:45,247,
RUA,R11,96,Macauley Jones,,28,NaN,NaN,false,NaN,E:\2026\99_seasonTiming\04_RUA\top_speed\Race 11.pdf,2026-04-22 16:34:45,248,
RUA,R11,96,Macauley Jones,,29,NaN,NaN,false,NaN,E:\2026\99_seasonTiming\04_RUA\top_speed\Race 11.pdf,2026-04-22 16:34:45,248,
RUA,R11,96,Macauley Jones,,30,NaN,NaN,false,NaN,E:\2026\99_seasonTiming\04_RUA\top_speed\Race 11.pdf,2026-04-22 16:34:45,247,
RUA,R11,96,Macauley Jones,,31,NaN,NaN,false,NaN,E:\2026\99_seasonTiming\04_RUA\top_speed\Race 11.pdf,2026-04-22 16:34:45,249,
RUA,R11,96,Macauley Jones,,32,NaN,NaN,false,NaN,E:\2026\99_seasonTiming\04_RUA\top_speed\Race 11.pdf,2026-04-22 16:34:45,249,
RUA,R11,96,Macauley Jones,,33,NaN,NaN,false,NaN,E:\2026\99_seasonTiming\04_RUA\top_speed\Race 11.pdf,2026-04-22 16:34:45,247,
RUA,R11,96,Macauley Jones,,34,NaN,NaN,false,NaN,E:\2026\99_seasonTiming\04_RUA\top_speed\Race 11.pdf,2026-04-22 16:34:45,248,
RUA,R11,96,Macauley Jones,,35,NaN,NaN,false,NaN,E:\2026\99_seasonTiming\04_RUA\top_speed\Race 11.pdf,2026-04-22 16:34:45,247,
RUA,R11,96,Macauley Jones,,36,NaN,NaN,false,NaN,E:\2026\99_seasonTiming\04_RUA\top_speed\Race 11.pdf,2026-04-22 16:34:45,249,
RUA,R11,96,Macauley Jones,,37,NaN,NaN,false,NaN,E:\2026\99_seasonTiming\04_RUA\top_speed\Race 11.pdf,2026-04-22 16:34:45,248,
RUA,R11,99,Cooper Murray,,1,NaN,NaN,false,NaN,E:\2026\99_seasonTiming\04_RUA\top_speed\Race 11.pdf,2026-04-22 16:34:45,214,
RUA,R11,99,Cooper Murray,,2,NaN,NaN,false,NaN,E:\2026\99_seasonTiming\04_RUA\top_speed\Race 11.pdf,2026-04-22 16:34:45,250,
RUA,R11,99,Cooper Murray,,3,NaN,NaN,false,NaN,E:\2026\99_seasonTiming\04_RUA\top_speed\Race 11.pdf,2026-04-22 16:34:45,251,
RUA,R11,99,Cooper Murray,,4,NaN,NaN,false,NaN,E:\2026\99_seasonTiming\04_RUA\top_speed\Race 11.pdf,2026-04-22 16:34:45,250,
RUA,R11,99,Cooper Murray,,5,NaN,NaN,false,NaN,E:\2026\99_seasonTiming\04_RUA\top_speed\Race 11.pdf,2026-04-22 16:34:45,252,
RUA,R11,99,Cooper Murray,,6,NaN,NaN,false,NaN,E:\2026\99_seasonTiming\04_RUA\top_speed\Race 11.pdf,2026-04-22 16:34:45,250,
RUA,R11,99,Cooper Murray,,7,NaN,NaN,false,NaN,E:\2026\99_seasonTiming\04_RUA\top_speed\Race 11.pdf,2026-04-22 16:34:45,250,
RUA,R11,99,Cooper Murray,,8,NaN,NaN,false,NaN,E:\2026\99_seasonTiming\04_RUA\top_speed\Race 11.pdf,2026-04-22 16:34:45,251,
RUA,R11,99,Cooper Murray,,9,NaN,NaN,false,NaN,E:\2026\99_seasonTiming\04_RUA\top_speed\Race 11.pdf,2026-04-22 16:34:45,250,
RUA,R11,99,Cooper Murray,,10,NaN,NaN,false,NaN,E:\2026\99_seasonTiming\04_RUA\top_speed\Race 11.pdf,2026-04-22 16:34:45,250,
RUA,R11,99,Cooper Murray,,11,NaN,NaN,false,NaN,E:\2026\99_seasonTiming\04_RUA\top_speed\Race 11.pdf,2026-04-22 16:34:45,250,
RUA,R11,99,Cooper Murray,,12,NaN,NaN,false,NaN,E:\2026\99_seasonTiming\04_RUA\top_speed\Race 11.pdf,2026-04-22 16:34:45,250,
RUA,R11,99,Cooper Murray,,13,NaN,NaN,false,NaN,E:\2026\99_seasonTiming\04_RUA\top_speed\Race 11.pdf,2026-04-22 16:34:45,251,
RUA,R11,99,Cooper Murray,,14,NaN,NaN,false,NaN,E:\2026\99_seasonTiming\04_RUA\top_speed\Race 11.pdf,2026-04-22 16:34:45,251,
RUA,R11,99,Cooper Murray,,15,NaN,NaN,false,NaN,E:\2026\99_seasonTiming\04_RUA\top_speed\Race 11.pdf,2026-04-22 16:34:45,251,
RUA,R11,99,Cooper Murray,,16,NaN,NaN,false,NaN,E:\2026\99_seasonTiming\04_RUA\top_speed\Race 11.pdf,2026-04-22 16:34:45,251,
RUA,R11,99,Cooper Murray,,17,NaN,NaN,false,NaN,E:\2026\99_seasonTiming\04_RUA\top_speed\Race 11.pdf,2026-04-22 16:34:45,251,
RUA,R11,99,Cooper Murray,,18,NaN,NaN,false,NaN,E:\2026\99_seasonTiming\04_RUA\top_speed\Race 11.pdf,2026-04-22 16:34:45,252,
RUA,R11,99,Cooper Murray,,19,NaN,NaN,false,NaN,E:\2026\99_seasonTiming\04_RUA\top_speed\Race 11.pdf,2026-04-22 16:34:45,251,
RUA,R11,99,Cooper Murray,,20,NaN,NaN,false,NaN,E:\2026\99_seasonTiming\04_RUA\top_speed\Race 11.pdf,2026-04-22 16:34:45,249,
RUA,R11,99,Cooper Murray,,21,NaN,NaN,false,NaN,E:\2026\99_seasonTiming\04_RUA\top_speed\Race 11.pdf,2026-04-22 16:34:45,192,
RUA,R11,99,Cooper Murray,,22,NaN,NaN,false,NaN,E:\2026\99_seasonTiming\04_RUA\top_speed\Race 11.pdf,2026-04-22 16:34:45,251,
RUA,R11,99,Cooper Murray,,23,NaN,NaN,false,NaN,E:\2026\99_seasonTiming\04_RUA\top_speed\Race 11.pdf,2026-04-22 16:34:45,245,
RUA,R11,99,Cooper Murray,,24,NaN,NaN,false,NaN,E:\2026\99_seasonTiming\04_RUA\top_speed\Race 11.pdf,2026-04-22 16:34:45,251,
RUA,R11,99,Cooper Murray,,25,NaN,NaN,false,NaN,E:\2026\99_seasonTiming\04_RUA\top_speed\Race 11.pdf,2026-04-22 16:34:45,251,
RUA,R11,99,Cooper Murray,,26,NaN,NaN,false,NaN,E:\2026\99_seasonTiming\04_RUA\top_speed\Race 11.pdf,2026-04-22 16:34:45,251,
RUA,R11,99,Cooper Murray,,27,NaN,NaN,false,NaN,E:\2026\99_seasonTiming\04_RUA\top_speed\Race 11.pdf,2026-04-22 16:34:45,250,
RUA,R11,99,Cooper Murray,,28,NaN,NaN,false,NaN,E:\2026\99_seasonTiming\04_RUA\top_speed\Race 11.pdf,2026-04-22 16:34:45,251,
RUA,R11,99,Cooper Murray,,29,NaN,NaN,false,NaN,E:\2026\99_seasonTiming\04_RUA\top_speed\Race 11.pdf,2026-04-22 16:34:45,250,
RUA,R11,99,Cooper Murray,,30,NaN,NaN,false,NaN,E:\2026\99_seasonTiming\04_RUA\top_speed\Race 11.pdf,2026-04-22 16:34:45,253,
RUA,R11,99,Cooper Murray,,31,NaN,NaN,false,NaN,E:\2026\99_seasonTiming\04_RUA\top_speed\Race 11.pdf,2026-04-22 16:34:45,253,
RUA,R11,99,Cooper Murray,,32,NaN,NaN,false,NaN,E:\2026\99_seasonTiming\04_RUA\top_speed\Race 11.pdf,2026-04-22 16:34:45,254,
RUA,R11,99,Cooper Murray,,33,NaN,NaN,false,NaN,E:\2026\99_seasonTiming\04_RUA\top_speed\Race 11.pdf,2026-04-22 16:34:45,250,
RUA,R11,99,Cooper Murray,,34,NaN,NaN,false,NaN,E:\2026\99_seasonTiming\04_RUA\top_speed\Race 11.pdf,2026-04-22 16:34:45,253,
RUA,R11,99,Cooper Murray,,35,NaN,NaN,false,NaN,E:\2026\99_seasonTiming\04_RUA\top_speed\Race 11.pdf,2026-04-22 16:34:45,252,
RUA,R11,99,Cooper Murray,,36,NaN,NaN,false,NaN,E:\2026\99_seasonTiming\04_RUA\top_speed\Race 11.pdf,2026-04-22 16:34:45,251,
RUA,R11,99,Cooper Murray,,37,NaN,NaN,false,NaN,E:\2026\99_seasonTiming\04_RUA\top_speed\Race 11.pdf,2026-04-22 16:34:45,252,
RUA,R11,777,Declan Fraser,,1,NaN,NaN,false,NaN,E:\2026\99_seasonTiming\04_RUA\top_speed\Race 11.pdf,2026-04-22 16:34:45,212,
RUA,R11,777,Declan Fraser,,2,NaN,NaN,false,NaN,E:\2026\99_seasonTiming\04_RUA\top_speed\Race 11.pdf,2026-04-22 16:34:45,243,
RUA,R11,777,Declan Fraser,,3,NaN,NaN,false,NaN,E:\2026\99_seasonTiming\04_RUA\top_speed\Race 11.pdf,2026-04-22 16:34:45,242,
RUA,R11,777,Declan Fraser,,4,NaN,NaN,false,NaN,E:\2026\99_seasonTiming\04_RUA\top_speed\Race 11.pdf,2026-04-22 16:34:45,246,
RUA,R11,777,Declan Fraser,,5,NaN,NaN,false,NaN,E:\2026\99_seasonTiming\04_RUA\top_speed\Race 11.pdf,2026-04-22 16:34:45,249,
RUA,R11,777,Declan Fraser,,6,NaN,NaN,false,NaN,E:\2026\99_seasonTiming\04_RUA\top_speed\Race 11.pdf,2026-04-22 16:34:45,249,
RUA,R11,777,Declan Fraser,,7,NaN,NaN,false,NaN,E:\2026\99_seasonTiming\04_RUA\top_speed\Race 11.pdf,2026-04-22 16:34:45,250,
RUA,R11,777,Declan Fraser,,8,NaN,NaN,false,NaN,E:\2026\99_seasonTiming\04_RUA\top_speed\Race 11.pdf,2026-04-22 16:34:45,250,
RUA,R11,777,Declan Fraser,,9,NaN,NaN,false,NaN,E:\2026\99_seasonTiming\04_RUA\top_speed\Race 11.pdf,2026-04-22 16:34:45,250,
RUA,R11,777,Declan Fraser,,10,NaN,NaN,false,NaN,E:\2026\99_seasonTiming\04_RUA\top_speed\Race 11.pdf,2026-04-22 16:34:45,249,
RUA,R11,777,Declan Fraser,,11,NaN,NaN,false,NaN,E:\2026\99_seasonTiming\04_RUA\top_speed\Race 11.pdf,2026-04-22 16:34:45,250,
RUA,R11,777,Declan Fraser,,12,NaN,NaN,false,NaN,E:\2026\99_seasonTiming\04_RUA\top_speed\Race 11.pdf,2026-04-22 16:34:45,251,
RUA,R11,777,Declan Fraser,,13,NaN,NaN,false,NaN,E:\2026\99_seasonTiming\04_RUA\top_speed\Race 11.pdf,2026-04-22 16:34:45,250,
RUA,R11,777,Declan Fraser,,14,NaN,NaN,false,NaN,E:\2026\99_seasonTiming\04_RUA\top_speed\Race 11.pdf,2026-04-22 16:34:45,251,
RUA,R11,777,Declan Fraser,,15,NaN,NaN,false,NaN,E:\2026\99_seasonTiming\04_RUA\top_speed\Race 11.pdf,2026-04-22 16:34:45,250,
RUA,R11,777,Declan Fraser,,16,NaN,NaN,false,NaN,E:\2026\99_seasonTiming\04_RUA\top_speed\Race 11.pdf,2026-04-22 16:34:45,252,
RUA,R11,777,Declan Fraser,,17,NaN,NaN,false,NaN,E:\2026\99_seasonTiming\04_RUA\top_speed\Race 11.pdf,2026-04-22 16:34:45,249,
RUA,R11,777,Declan Fraser,,18,NaN,NaN,false,NaN,E:\2026\99_seasonTiming\04_RUA\top_speed\Race 11.pdf,2026-04-22 16:34:45,250,
RUA,R11,777,Declan Fraser,,19,NaN,NaN,false,NaN,E:\2026\99_seasonTiming\04_RUA\top_speed\Race 11.pdf,2026-04-22 16:34:45,250,
RUA,R11,777,Declan Fraser,,20,NaN,NaN,false,NaN,E:\2026\99_seasonTiming\04_RUA\top_speed\Race 11.pdf,2026-04-22 16:34:45,250,
RUA,R11,777,Declan Fraser,,21,NaN,NaN,false,NaN,E:\2026\99_seasonTiming\04_RUA\top_speed\Race 11.pdf,2026-04-22 16:34:45,250,
RUA,R11,777,Declan Fraser,,22,NaN,NaN,false,NaN,E:\2026\99_seasonTiming\04_RUA\top_speed\Race 11.pdf,2026-04-22 16:34:45,250,
RUA,R11,777,Declan Fraser,,23,NaN,NaN,false,NaN,E:\2026\99_seasonTiming\04_RUA\top_speed\Race 11.pdf,2026-04-22 16:34:45,250,
RUA,R11,777,Declan Fraser,,24,NaN,NaN,false,NaN,E:\2026\99_seasonTiming\04_RUA\top_speed\Race 11.pdf,2026-04-22 16:34:45,193,
RUA,R11,777,Declan Fraser,,25,NaN,NaN,false,NaN,E:\2026\99_seasonTiming\04_RUA\top_speed\Race 11.pdf,2026-04-22 16:34:45,252,
RUA,R11,777,Declan Fraser,,26,NaN,NaN,false,NaN,E:\2026\99_seasonTiming\04_RUA\top_speed\Race 11.pdf,2026-04-22 16:34:45,253,
RUA,R11,777,Declan Fraser,,27,NaN,NaN,false,NaN,E:\2026\99_seasonTiming\04_RUA\top_speed\Race 11.pdf,2026-04-22 16:34:45,251,
RUA,R11,777,Declan Fraser,,28,NaN,NaN,false,NaN,E:\2026\99_seasonTiming\04_RUA\top_speed\Race 11.pdf,2026-04-22 16:34:45,251,
RUA,R11,777,Declan Fraser,,29,NaN,NaN,false,NaN,E:\2026\99_seasonTiming\04_RUA\top_speed\Race 11.pdf,2026-04-22 16:34:45,252,
RUA,R11,777,Declan Fraser,,30,NaN,NaN,false,NaN,E:\2026\99_seasonTiming\04_RUA\top_speed\Race 11.pdf,2026-04-22 16:34:45,251,
RUA,R11,777,Declan Fraser,,31,NaN,NaN,false,NaN,E:\2026\99_seasonTiming\04_RUA\top_speed\Race 11.pdf,2026-04-22 16:34:45,253,
RUA,R11,777,Declan Fraser,,32,NaN,NaN,false,NaN,E:\2026\99_seasonTiming\04_RUA\top_speed\Race 11.pdf,2026-04-22 16:34:45,245,
RUA,R11,777,Declan Fraser,,33,NaN,NaN,false,NaN,E:\2026\99_seasonTiming\04_RUA\top_speed\Race 11.pdf,2026-04-22 16:34:45,239,
RUA,R11,777,Declan Fraser,,34,NaN,NaN,false,NaN,E:\2026\99_seasonTiming\04_RUA\top_speed\Race 11.pdf,2026-04-22 16:34:45,253,
RUA,R11,777,Declan Fraser,,35,NaN,NaN,false,NaN,E:\2026\99_seasonTiming\04_RUA\top_speed\Race 11.pdf,2026-04-22 16:34:45,250,
RUA,R11,777,Declan Fraser,,36,NaN,NaN,false,NaN,E:\2026\99_seasonTiming\04_RUA\top_speed\Race 11.pdf,2026-04-22 16:34:45,249,
RUA,R11,777,Declan Fraser,,37,NaN,NaN,false,NaN,E:\2026\99_seasonTiming\04_RUA\top_speed\Race 11.pdf,2026-04-22 16:34:45,249,
RUA,R11,888,William Brown,,1,NaN,NaN,false,NaN,E:\2026\99_seasonTiming\04_RUA\top_speed\Race 11.pdf,2026-04-22 16:34:45,204,
RUA,R11,888,William Brown,,2,NaN,NaN,false,NaN,E:\2026\99_seasonTiming\04_RUA\top_speed\Race 11.pdf,2026-04-22 16:34:45,241,
RUA,R11,888,William Brown,,3,NaN,NaN,false,NaN,E:\2026\99_seasonTiming\04_RUA\top_speed\Race 11.pdf,2026-04-22 16:34:45,249,
RUA,R11,888,William Brown,,4,NaN,NaN,false,NaN,E:\2026\99_seasonTiming\04_RUA\top_speed\Race 11.pdf,2026-04-22 16:34:45,249,
RUA,R11,888,William Brown,,5,NaN,NaN,false,NaN,E:\2026\99_seasonTiming\04_RUA\top_speed\Race 11.pdf,2026-04-22 16:34:45,250,
RUA,R11,888,William Brown,,6,NaN,NaN,false,NaN,E:\2026\99_seasonTiming\04_RUA\top_speed\Race 11.pdf,2026-04-22 16:34:45,251,
RUA,R11,888,William Brown,,7,NaN,NaN,false,NaN,E:\2026\99_seasonTiming\04_RUA\top_speed\Race 11.pdf,2026-04-22 16:34:45,251,
RUA,R11,888,William Brown,,8,NaN,NaN,false,NaN,E:\2026\99_seasonTiming\04_RUA\top_speed\Race 11.pdf,2026-04-22 16:34:45,250,
RUA,R11,888,William Brown,,9,NaN,NaN,false,NaN,E:\2026\99_seasonTiming\04_RUA\top_speed\Race 11.pdf,2026-04-22 16:34:45,250,
RUA,R11,888,William Brown,,10,NaN,NaN,false,NaN,E:\2026\99_seasonTiming\04_RUA\top_speed\Race 11.pdf,2026-04-22 16:34:45,250,
RUA,R11,888,William Brown,,11,NaN,NaN,false,NaN,E:\2026\99_seasonTiming\04_RUA\top_speed\Race 11.pdf,2026-04-22 16:34:45,249,
RUA,R11,888,William Brown,,12,NaN,NaN,false,NaN,E:\2026\99_seasonTiming\04_RUA\top_speed\Race 11.pdf,2026-04-22 16:34:45,249,
RUA,R11,888,William Brown,,13,NaN,NaN,false,NaN,E:\2026\99_seasonTiming\04_RUA\top_speed\Race 11.pdf,2026-04-22 16:34:45,249,
RUA,R11,888,William Brown,,14,NaN,NaN,false,NaN,E:\2026\99_seasonTiming\04_RUA\top_speed\Race 11.pdf,2026-04-22 16:34:45,249,
RUA,R11,888,William Brown,,15,NaN,NaN,false,NaN,E:\2026\99_seasonTiming\04_RUA\top_speed\Race 11.pdf,2026-04-22 16:34:45,250,
RUA,R11,888,William Brown,,16,NaN,NaN,false,NaN,E:\2026\99_seasonTiming\04_RUA\top_speed\Race 11.pdf,2026-04-22 16:34:45,248,
RUA,R11,888,William Brown,,17,NaN,NaN,false,NaN,E:\2026\99_seasonTiming\04_RUA\top_speed\Race 11.pdf,2026-04-22 16:34:45,248,
RUA,R11,888,William Brown,,18,NaN,NaN,false,NaN,E:\2026\99_seasonTiming\04_RUA\top_speed\Race 11.pdf,2026-04-22 16:34:45,248,
RUA,R11,888,William Brown,,19,NaN,NaN,false,NaN,E:\2026\99_seasonTiming\04_RUA\top_speed\Race 11.pdf,2026-04-22 16:34:45,193,
RUA,R11,888,William Brown,,20,NaN,NaN,false,NaN,E:\2026\99_seasonTiming\04_RUA\top_speed\Race 11.pdf,2026-04-22 16:34:45,249,
RUA,R11,888,William Brown,,21,NaN,NaN,false,NaN,E:\2026\99_seasonTiming\04_RUA\top_speed\Race 11.pdf,2026-04-22 16:34:45,249,
RUA,R11,888,William Brown,,22,NaN,NaN,false,NaN,E:\2026\99_seasonTiming\04_RUA\top_speed\Race 11.pdf,2026-04-22 16:34:45,249,
RUA,R11,888,William Brown,,23,NaN,NaN,false,NaN,E:\2026\99_seasonTiming\04_RUA\top_speed\Race 11.pdf,2026-04-22 16:34:45,250,
RUA,R11,888,William Brown,,24,NaN,NaN,false,NaN,E:\2026\99_seasonTiming\04_RUA\top_speed\Race 11.pdf,2026-04-22 16:34:45,250,
RUA,R11,888,William Brown,,25,NaN,NaN,false,NaN,E:\2026\99_seasonTiming\04_RUA\top_speed\Race 11.pdf,2026-04-22 16:34:45,250,
RUA,R11,888,William Brown,,26,NaN,NaN,false,NaN,E:\2026\99_seasonTiming\04_RUA\top_speed\Race 11.pdf,2026-04-22 16:34:45,250,
RUA,R11,888,William Brown,,27,NaN,NaN,false,NaN,E:\2026\99_seasonTiming\04_RUA\top_speed\Race 11.pdf,2026-04-22 16:34:45,249,
RUA,R11,888,William Brown,,28,NaN,NaN,false,NaN,E:\2026\99_seasonTiming\04_RUA\top_speed\Race 11.pdf,2026-04-22 16:34:45,249,
RUA,R11,888,William Brown,,29,NaN,NaN,false,NaN,E:\2026\99_seasonTiming\04_RUA\top_speed\Race 11.pdf,2026-04-22 16:34:45,249,
RUA,R11,888,William Brown,,30,NaN,NaN,false,NaN,E:\2026\99_seasonTiming\04_RUA\top_speed\Race 11.pdf,2026-04-22 16:34:45,249,
RUA,R11,888,William Brown,,31,NaN,NaN,false,NaN,E:\2026\99_seasonTiming\04_RUA\top_speed\Race 11.pdf,2026-04-22 16:34:45,250,
RUA,R11,888,William Brown,,32,NaN,NaN,false,NaN,E:\2026\99_seasonTiming\04_RUA\top_speed\Race 11.pdf,2026-04-22 16:34:45,251,
RUA,R11,888,William Brown,,33,NaN,NaN,false,NaN,E:\2026\99_seasonTiming\04_RUA\top_speed\Race 11.pdf,2026-04-22 16:34:45,249,
RUA,R11,888,William Brown,,34,NaN,NaN,false,NaN,E:\2026\99_seasonTiming\04_RUA\top_speed\Race 11.pdf,2026-04-22 16:34:45,250,
RUA,R11,888,William Brown,,35,NaN,NaN,false,NaN,E:\2026\99_seasonTiming\04_RUA\top_speed\Race 11.pdf,2026-04-22 16:34:45,250,
RUA,R11,888,William Brown,,36,NaN,NaN,false,NaN,E:\2026\99_seasonTiming\04_RUA\top_speed\Race 11.pdf,2026-04-22 16:34:45,250,
RUA,R11,888,William Brown,,37,NaN,NaN,false,NaN,E:\2026\99_seasonTiming\04_RUA\top_speed\Race 11.pdf,2026-04-22 16:34:45,251,
RUA,R12,1,Chaz Mostert,,1,NaN,NaN,false,NaN,E:\2026\99_seasonTiming\04_RUA\top_speed\Race 12.pdf,2026-04-22 16:34:46,186,
RUA,R12,1,Chaz Mostert,,2,NaN,NaN,false,NaN,E:\2026\99_seasonTiming\04_RUA\top_speed\Race 12.pdf,2026-04-22 16:34:46,249,
RUA,R12,1,Chaz Mostert,,3,NaN,NaN,false,NaN,E:\2026\99_seasonTiming\04_RUA\top_speed\Race 12.pdf,2026-04-22 16:34:46,247,
RUA,R12,1,Chaz Mostert,,4,NaN,NaN,false,NaN,E:\2026\99_seasonTiming\04_RUA\top_speed\Race 12.pdf,2026-04-22 16:34:46,248,
RUA,R12,1,Chaz Mostert,,5,NaN,NaN,false,NaN,E:\2026\99_seasonTiming\04_RUA\top_speed\Race 12.pdf,2026-04-22 16:34:46,249,
RUA,R12,1,Chaz Mostert,,6,NaN,NaN,false,NaN,E:\2026\99_seasonTiming\04_RUA\top_speed\Race 12.pdf,2026-04-22 16:34:46,251,
RUA,R12,1,Chaz Mostert,,7,NaN,NaN,false,NaN,E:\2026\99_seasonTiming\04_RUA\top_speed\Race 12.pdf,2026-04-22 16:34:46,250,
RUA,R12,1,Chaz Mostert,,8,NaN,NaN,false,NaN,E:\2026\99_seasonTiming\04_RUA\top_speed\Race 12.pdf,2026-04-22 16:34:46,245,
RUA,R12,1,Chaz Mostert,,9,NaN,NaN,false,NaN,E:\2026\99_seasonTiming\04_RUA\top_speed\Race 12.pdf,2026-04-22 16:34:46,251,
RUA,R12,1,Chaz Mostert,,10,NaN,NaN,false,NaN,E:\2026\99_seasonTiming\04_RUA\top_speed\Race 12.pdf,2026-04-22 16:34:46,250,
RUA,R12,1,Chaz Mostert,,11,NaN,NaN,false,NaN,E:\2026\99_seasonTiming\04_RUA\top_speed\Race 12.pdf,2026-04-22 16:34:46,248,
RUA,R12,1,Chaz Mostert,,12,NaN,NaN,false,NaN,E:\2026\99_seasonTiming\04_RUA\top_speed\Race 12.pdf,2026-04-22 16:34:46,248,
RUA,R12,1,Chaz Mostert,,13,NaN,NaN,false,NaN,E:\2026\99_seasonTiming\04_RUA\top_speed\Race 12.pdf,2026-04-22 16:34:46,248,
RUA,R12,1,Chaz Mostert,,14,NaN,NaN,false,NaN,E:\2026\99_seasonTiming\04_RUA\top_speed\Race 12.pdf,2026-04-22 16:34:46,249,
RUA,R12,1,Chaz Mostert,,15,NaN,NaN,false,NaN,E:\2026\99_seasonTiming\04_RUA\top_speed\Race 12.pdf,2026-04-22 16:34:46,248,
RUA,R12,1,Chaz Mostert,,16,NaN,NaN,false,NaN,E:\2026\99_seasonTiming\04_RUA\top_speed\Race 12.pdf,2026-04-22 16:34:46,249,
RUA,R12,1,Chaz Mostert,,17,NaN,NaN,false,NaN,E:\2026\99_seasonTiming\04_RUA\top_speed\Race 12.pdf,2026-04-22 16:34:46,250,
RUA,R12,1,Chaz Mostert,,18,NaN,NaN,false,NaN,E:\2026\99_seasonTiming\04_RUA\top_speed\Race 12.pdf,2026-04-22 16:34:46,249,
RUA,R12,1,Chaz Mostert,,19,NaN,NaN,false,NaN,E:\2026\99_seasonTiming\04_RUA\top_speed\Race 12.pdf,2026-04-22 16:34:46,192,
RUA,R12,1,Chaz Mostert,,20,NaN,NaN,false,NaN,E:\2026\99_seasonTiming\04_RUA\top_speed\Race 12.pdf,2026-04-22 16:34:46,249,
RUA,R12,1,Chaz Mostert,,21,NaN,NaN,false,NaN,E:\2026\99_seasonTiming\04_RUA\top_speed\Race 12.pdf,2026-04-22 16:34:46,249,
RUA,R12,1,Chaz Mostert,,22,NaN,NaN,false,NaN,E:\2026\99_seasonTiming\04_RUA\top_speed\Race 12.pdf,2026-04-22 16:34:46,249,
RUA,R12,1,Chaz Mostert,,23,NaN,NaN,false,NaN,E:\2026\99_seasonTiming\04_RUA\top_speed\Race 12.pdf,2026-04-22 16:34:46,250,
RUA,R12,1,Chaz Mostert,,24,NaN,NaN,false,NaN,E:\2026\99_seasonTiming\04_RUA\top_speed\Race 12.pdf,2026-04-22 16:34:46,250,
RUA,R12,1,Chaz Mostert,,25,NaN,NaN,false,NaN,E:\2026\99_seasonTiming\04_RUA\top_speed\Race 12.pdf,2026-04-22 16:34:46,250,
RUA,R12,1,Chaz Mostert,,26,NaN,NaN,false,NaN,E:\2026\99_seasonTiming\04_RUA\top_speed\Race 12.pdf,2026-04-22 16:34:46,249,
RUA,R12,1,Chaz Mostert,,27,NaN,NaN,false,NaN,E:\2026\99_seasonTiming\04_RUA\top_speed\Race 12.pdf,2026-04-22 16:34:46,248,
RUA,R12,1,Chaz Mostert,,28,NaN,NaN,false,NaN,E:\2026\99_seasonTiming\04_RUA\top_speed\Race 12.pdf,2026-04-22 16:34:46,247,
RUA,R12,1,Chaz Mostert,,29,NaN,NaN,false,NaN,E:\2026\99_seasonTiming\04_RUA\top_speed\Race 12.pdf,2026-04-22 16:34:46,247,
RUA,R12,1,Chaz Mostert,,30,NaN,NaN,false,NaN,E:\2026\99_seasonTiming\04_RUA\top_speed\Race 12.pdf,2026-04-22 16:34:46,248,
RUA,R12,1,Chaz Mostert,,31,NaN,NaN,false,NaN,E:\2026\99_seasonTiming\04_RUA\top_speed\Race 12.pdf,2026-04-22 16:34:46,249,
RUA,R12,1,Chaz Mostert,,32,NaN,NaN,false,NaN,E:\2026\99_seasonTiming\04_RUA\top_speed\Race 12.pdf,2026-04-22 16:34:46,246,
RUA,R12,1,Chaz Mostert,,33,NaN,NaN,false,NaN,E:\2026\99_seasonTiming\04_RUA\top_speed\Race 12.pdf,2026-04-22 16:34:46,247,
RUA,R12,1,Chaz Mostert,,34,NaN,NaN,false,NaN,E:\2026\99_seasonTiming\04_RUA\top_speed\Race 12.pdf,2026-04-22 16:34:46,246,
RUA,R12,1,Chaz Mostert,,35,NaN,NaN,false,NaN,E:\2026\99_seasonTiming\04_RUA\top_speed\Race 12.pdf,2026-04-22 16:34:46,250,
RUA,R12,1,Chaz Mostert,,36,NaN,NaN,false,NaN,E:\2026\99_seasonTiming\04_RUA\top_speed\Race 12.pdf,2026-04-22 16:34:46,247,
RUA,R12,1,Chaz Mostert,,37,NaN,NaN,false,NaN,E:\2026\99_seasonTiming\04_RUA\top_speed\Race 12.pdf,2026-04-22 16:34:46,249,
RUA,R12,2,Ryan Wood,,1,NaN,NaN,false,NaN,E:\2026\99_seasonTiming\04_RUA\top_speed\Race 12.pdf,2026-04-22 16:34:46,197,
RUA,R12,2,Ryan Wood,,2,NaN,NaN,false,NaN,E:\2026\99_seasonTiming\04_RUA\top_speed\Race 12.pdf,2026-04-22 16:34:46,247,
RUA,R12,2,Ryan Wood,,3,NaN,NaN,false,NaN,E:\2026\99_seasonTiming\04_RUA\top_speed\Race 12.pdf,2026-04-22 16:34:46,248,
RUA,R12,2,Ryan Wood,,4,NaN,NaN,false,NaN,E:\2026\99_seasonTiming\04_RUA\top_speed\Race 12.pdf,2026-04-22 16:34:46,247,
RUA,R12,2,Ryan Wood,,5,NaN,NaN,false,NaN,E:\2026\99_seasonTiming\04_RUA\top_speed\Race 12.pdf,2026-04-22 16:34:46,247,
RUA,R12,2,Ryan Wood,,6,NaN,NaN,false,NaN,E:\2026\99_seasonTiming\04_RUA\top_speed\Race 12.pdf,2026-04-22 16:34:46,248,
RUA,R12,2,Ryan Wood,,7,NaN,NaN,false,NaN,E:\2026\99_seasonTiming\04_RUA\top_speed\Race 12.pdf,2026-04-22 16:34:46,248,
RUA,R12,2,Ryan Wood,,8,NaN,NaN,false,NaN,E:\2026\99_seasonTiming\04_RUA\top_speed\Race 12.pdf,2026-04-22 16:34:46,248,
RUA,R12,2,Ryan Wood,,9,NaN,NaN,false,NaN,E:\2026\99_seasonTiming\04_RUA\top_speed\Race 12.pdf,2026-04-22 16:34:46,248,
RUA,R12,2,Ryan Wood,,10,NaN,NaN,false,NaN,E:\2026\99_seasonTiming\04_RUA\top_speed\Race 12.pdf,2026-04-22 16:34:46,249,
RUA,R12,2,Ryan Wood,,11,NaN,NaN,false,NaN,E:\2026\99_seasonTiming\04_RUA\top_speed\Race 12.pdf,2026-04-22 16:34:46,248,
RUA,R12,2,Ryan Wood,,12,NaN,NaN,false,NaN,E:\2026\99_seasonTiming\04_RUA\top_speed\Race 12.pdf,2026-04-22 16:34:46,247,
RUA,R12,2,Ryan Wood,,13,NaN,NaN,false,NaN,E:\2026\99_seasonTiming\04_RUA\top_speed\Race 12.pdf,2026-04-22 16:34:46,248,
RUA,R12,2,Ryan Wood,,14,NaN,NaN,false,NaN,E:\2026\99_seasonTiming\04_RUA\top_speed\Race 12.pdf,2026-04-22 16:34:46,248,
RUA,R12,2,Ryan Wood,,15,NaN,NaN,false,NaN,E:\2026\99_seasonTiming\04_RUA\top_speed\Race 12.pdf,2026-04-22 16:34:46,248,
RUA,R12,2,Ryan Wood,,16,NaN,NaN,false,NaN,E:\2026\99_seasonTiming\04_RUA\top_speed\Race 12.pdf,2026-04-22 16:34:46,249,
RUA,R12,2,Ryan Wood,,17,NaN,NaN,false,NaN,E:\2026\99_seasonTiming\04_RUA\top_speed\Race 12.pdf,2026-04-22 16:34:46,192,
RUA,R12,2,Ryan Wood,,18,NaN,NaN,false,NaN,E:\2026\99_seasonTiming\04_RUA\top_speed\Race 12.pdf,2026-04-22 16:34:46,249,
RUA,R12,2,Ryan Wood,,19,NaN,NaN,false,NaN,E:\2026\99_seasonTiming\04_RUA\top_speed\Race 12.pdf,2026-04-22 16:34:46,249,
RUA,R12,2,Ryan Wood,,20,NaN,NaN,false,NaN,E:\2026\99_seasonTiming\04_RUA\top_speed\Race 12.pdf,2026-04-22 16:34:46,248,
RUA,R12,2,Ryan Wood,,21,NaN,NaN,false,NaN,E:\2026\99_seasonTiming\04_RUA\top_speed\Race 12.pdf,2026-04-22 16:34:46,247,
RUA,R12,2,Ryan Wood,,22,NaN,NaN,false,NaN,E:\2026\99_seasonTiming\04_RUA\top_speed\Race 12.pdf,2026-04-22 16:34:46,248,
RUA,R12,2,Ryan Wood,,23,NaN,NaN,false,NaN,E:\2026\99_seasonTiming\04_RUA\top_speed\Race 12.pdf,2026-04-22 16:34:46,248,
RUA,R12,2,Ryan Wood,,24,NaN,NaN,false,NaN,E:\2026\99_seasonTiming\04_RUA\top_speed\Race 12.pdf,2026-04-22 16:34:46,248,
RUA,R12,2,Ryan Wood,,25,NaN,NaN,false,NaN,E:\2026\99_seasonTiming\04_RUA\top_speed\Race 12.pdf,2026-04-22 16:34:46,248,
RUA,R12,2,Ryan Wood,,26,NaN,NaN,false,NaN,E:\2026\99_seasonTiming\04_RUA\top_speed\Race 12.pdf,2026-04-22 16:34:46,249,
RUA,R12,2,Ryan Wood,,27,NaN,NaN,false,NaN,E:\2026\99_seasonTiming\04_RUA\top_speed\Race 12.pdf,2026-04-22 16:34:46,248,
RUA,R12,2,Ryan Wood,,28,NaN,NaN,false,NaN,E:\2026\99_seasonTiming\04_RUA\top_speed\Race 12.pdf,2026-04-22 16:34:46,247,
RUA,R12,2,Ryan Wood,,29,NaN,NaN,false,NaN,E:\2026\99_seasonTiming\04_RUA\top_speed\Race 12.pdf,2026-04-22 16:34:46,249,
RUA,R12,2,Ryan Wood,,30,NaN,NaN,false,NaN,E:\2026\99_seasonTiming\04_RUA\top_speed\Race 12.pdf,2026-04-22 16:34:46,249,
RUA,R12,2,Ryan Wood,,31,NaN,NaN,false,NaN,E:\2026\99_seasonTiming\04_RUA\top_speed\Race 12.pdf,2026-04-22 16:34:46,249,
RUA,R12,2,Ryan Wood,,32,NaN,NaN,false,NaN,E:\2026\99_seasonTiming\04_RUA\top_speed\Race 12.pdf,2026-04-22 16:34:46,247,
RUA,R12,2,Ryan Wood,,33,NaN,NaN,false,NaN,E:\2026\99_seasonTiming\04_RUA\top_speed\Race 12.pdf,2026-04-22 16:34:46,248,
RUA,R12,2,Ryan Wood,,34,NaN,NaN,false,NaN,E:\2026\99_seasonTiming\04_RUA\top_speed\Race 12.pdf,2026-04-22 16:34:46,247,
RUA,R12,2,Ryan Wood,,35,NaN,NaN,false,NaN,E:\2026\99_seasonTiming\04_RUA\top_speed\Race 12.pdf,2026-04-22 16:34:46,248,
RUA,R12,2,Ryan Wood,,36,NaN,NaN,false,NaN,E:\2026\99_seasonTiming\04_RUA\top_speed\Race 12.pdf,2026-04-22 16:34:46,220,
RUA,R12,2,Ryan Wood,,37,NaN,NaN,false,NaN,E:\2026\99_seasonTiming\04_RUA\top_speed\Race 12.pdf,2026-04-22 16:34:46,249,
RUA,R12,3,Aaron Cameron,,1,NaN,NaN,false,NaN,E:\2026\99_seasonTiming\04_RUA\top_speed\Race 12.pdf,2026-04-22 16:34:46,206,
RUA,R12,3,Aaron Cameron,,2,NaN,NaN,false,NaN,E:\2026\99_seasonTiming\04_RUA\top_speed\Race 12.pdf,2026-04-22 16:34:46,251,
RUA,R12,3,Aaron Cameron,,3,NaN,NaN,false,NaN,E:\2026\99_seasonTiming\04_RUA\top_speed\Race 12.pdf,2026-04-22 16:34:46,249,
RUA,R12,3,Aaron Cameron,,4,NaN,NaN,false,NaN,E:\2026\99_seasonTiming\04_RUA\top_speed\Race 12.pdf,2026-04-22 16:34:46,248,
RUA,R12,3,Aaron Cameron,,5,NaN,NaN,false,NaN,E:\2026\99_seasonTiming\04_RUA\top_speed\Race 12.pdf,2026-04-22 16:34:46,250,
RUA,R12,3,Aaron Cameron,,6,NaN,NaN,false,NaN,E:\2026\99_seasonTiming\04_RUA\top_speed\Race 12.pdf,2026-04-22 16:34:46,253,
RUA,R12,3,Aaron Cameron,,7,NaN,NaN,false,NaN,E:\2026\99_seasonTiming\04_RUA\top_speed\Race 12.pdf,2026-04-22 16:34:46,251,
RUA,R12,3,Aaron Cameron,,8,NaN,NaN,false,NaN,E:\2026\99_seasonTiming\04_RUA\top_speed\Race 12.pdf,2026-04-22 16:34:46,250,
RUA,R12,3,Aaron Cameron,,9,NaN,NaN,false,NaN,E:\2026\99_seasonTiming\04_RUA\top_speed\Race 12.pdf,2026-04-22 16:34:46,251,
RUA,R12,3,Aaron Cameron,,10,NaN,NaN,false,NaN,E:\2026\99_seasonTiming\04_RUA\top_speed\Race 12.pdf,2026-04-22 16:34:46,251,
RUA,R12,3,Aaron Cameron,,11,NaN,NaN,false,NaN,E:\2026\99_seasonTiming\04_RUA\top_speed\Race 12.pdf,2026-04-22 16:34:46,250,
RUA,R12,3,Aaron Cameron,,12,NaN,NaN,false,NaN,E:\2026\99_seasonTiming\04_RUA\top_speed\Race 12.pdf,2026-04-22 16:34:46,251,
RUA,R12,3,Aaron Cameron,,13,NaN,NaN,false,NaN,E:\2026\99_seasonTiming\04_RUA\top_speed\Race 12.pdf,2026-04-22 16:34:46,253,
RUA,R12,3,Aaron Cameron,,14,NaN,NaN,false,NaN,E:\2026\99_seasonTiming\04_RUA\top_speed\Race 12.pdf,2026-04-22 16:34:46,254,
RUA,R12,3,Aaron Cameron,,15,NaN,NaN,false,NaN,E:\2026\99_seasonTiming\04_RUA\top_speed\Race 12.pdf,2026-04-22 16:34:46,250,
RUA,R12,3,Aaron Cameron,,16,NaN,NaN,false,NaN,E:\2026\99_seasonTiming\04_RUA\top_speed\Race 12.pdf,2026-04-22 16:34:46,251,
RUA,R12,3,Aaron Cameron,,17,NaN,NaN,false,NaN,E:\2026\99_seasonTiming\04_RUA\top_speed\Race 12.pdf,2026-04-22 16:34:46,250,
RUA,R12,3,Aaron Cameron,,18,NaN,NaN,false,NaN,E:\2026\99_seasonTiming\04_RUA\top_speed\Race 12.pdf,2026-04-22 16:34:46,251,
RUA,R12,3,Aaron Cameron,,19,NaN,NaN,false,NaN,E:\2026\99_seasonTiming\04_RUA\top_speed\Race 12.pdf,2026-04-22 16:34:46,251,
RUA,R12,3,Aaron Cameron,,20,NaN,NaN,false,NaN,E:\2026\99_seasonTiming\04_RUA\top_speed\Race 12.pdf,2026-04-22 16:34:46,249,
RUA,R12,3,Aaron Cameron,,21,NaN,NaN,false,NaN,E:\2026\99_seasonTiming\04_RUA\top_speed\Race 12.pdf,2026-04-22 16:34:46,249,
RUA,R12,3,Aaron Cameron,,22,NaN,NaN,false,NaN,E:\2026\99_seasonTiming\04_RUA\top_speed\Race 12.pdf,2026-04-22 16:34:46,192,
RUA,R12,3,Aaron Cameron,,23,NaN,NaN,false,NaN,E:\2026\99_seasonTiming\04_RUA\top_speed\Race 12.pdf,2026-04-22 16:34:46,251,
RUA,R12,3,Aaron Cameron,,24,NaN,NaN,false,NaN,E:\2026\99_seasonTiming\04_RUA\top_speed\Race 12.pdf,2026-04-22 16:34:46,252,
RUA,R12,3,Aaron Cameron,,25,NaN,NaN,false,NaN,E:\2026\99_seasonTiming\04_RUA\top_speed\Race 12.pdf,2026-04-22 16:34:46,251,
RUA,R12,3,Aaron Cameron,,26,NaN,NaN,false,NaN,E:\2026\99_seasonTiming\04_RUA\top_speed\Race 12.pdf,2026-04-22 16:34:46,251,
RUA,R12,3,Aaron Cameron,,27,NaN,NaN,false,NaN,E:\2026\99_seasonTiming\04_RUA\top_speed\Race 12.pdf,2026-04-22 16:34:46,250,
RUA,R12,3,Aaron Cameron,,28,NaN,NaN,false,NaN,E:\2026\99_seasonTiming\04_RUA\top_speed\Race 12.pdf,2026-04-22 16:34:46,251,
RUA,R12,3,Aaron Cameron,,29,NaN,NaN,false,NaN,E:\2026\99_seasonTiming\04_RUA\top_speed\Race 12.pdf,2026-04-22 16:34:46,251,
RUA,R12,3,Aaron Cameron,,30,NaN,NaN,false,NaN,E:\2026\99_seasonTiming\04_RUA\top_speed\Race 12.pdf,2026-04-22 16:34:46,243,
RUA,R12,3,Aaron Cameron,,31,NaN,NaN,false,NaN,E:\2026\99_seasonTiming\04_RUA\top_speed\Race 12.pdf,2026-04-22 16:34:46,247,
RUA,R12,3,Aaron Cameron,,32,NaN,NaN,false,NaN,E:\2026\99_seasonTiming\04_RUA\top_speed\Race 12.pdf,2026-04-22 16:34:46,250,
RUA,R12,3,Aaron Cameron,,33,NaN,NaN,false,NaN,E:\2026\99_seasonTiming\04_RUA\top_speed\Race 12.pdf,2026-04-22 16:34:46,251,
RUA,R12,3,Aaron Cameron,,34,NaN,NaN,false,NaN,E:\2026\99_seasonTiming\04_RUA\top_speed\Race 12.pdf,2026-04-22 16:34:46,248,
RUA,R12,3,Aaron Cameron,,35,NaN,NaN,false,NaN,E:\2026\99_seasonTiming\04_RUA\top_speed\Race 12.pdf,2026-04-22 16:34:46,249,
RUA,R12,3,Aaron Cameron,,36,NaN,NaN,false,NaN,E:\2026\99_seasonTiming\04_RUA\top_speed\Race 12.pdf,2026-04-22 16:34:46,249,
RUA,R12,3,Aaron Cameron,,37,NaN,NaN,false,NaN,E:\2026\99_seasonTiming\04_RUA\top_speed\Race 12.pdf,2026-04-22 16:34:46,249,
RUA,R12,4,Jack Le Brocq,,1,NaN,NaN,false,NaN,E:\2026\99_seasonTiming\04_RUA\top_speed\Race 12.pdf,2026-04-22 16:34:46,207,
RUA,R12,4,Jack Le Brocq,,2,NaN,NaN,false,NaN,E:\2026\99_seasonTiming\04_RUA\top_speed\Race 12.pdf,2026-04-22 16:34:46,248,
RUA,R12,4,Jack Le Brocq,,3,NaN,NaN,false,NaN,E:\2026\99_seasonTiming\04_RUA\top_speed\Race 12.pdf,2026-04-22 16:34:46,249,
RUA,R12,4,Jack Le Brocq,,4,NaN,NaN,false,NaN,E:\2026\99_seasonTiming\04_RUA\top_speed\Race 12.pdf,2026-04-22 16:34:46,249,
RUA,R12,4,Jack Le Brocq,,5,NaN,NaN,false,NaN,E:\2026\99_seasonTiming\04_RUA\top_speed\Race 12.pdf,2026-04-22 16:34:46,248,
RUA,R12,4,Jack Le Brocq,,6,NaN,NaN,false,NaN,E:\2026\99_seasonTiming\04_RUA\top_speed\Race 12.pdf,2026-04-22 16:34:46,249,
RUA,R12,4,Jack Le Brocq,,7,NaN,NaN,false,NaN,E:\2026\99_seasonTiming\04_RUA\top_speed\Race 12.pdf,2026-04-22 16:34:46,249,
RUA,R12,4,Jack Le Brocq,,8,NaN,NaN,false,NaN,E:\2026\99_seasonTiming\04_RUA\top_speed\Race 12.pdf,2026-04-22 16:34:46,249,
RUA,R12,4,Jack Le Brocq,,9,NaN,NaN,false,NaN,E:\2026\99_seasonTiming\04_RUA\top_speed\Race 12.pdf,2026-04-22 16:34:46,249,
RUA,R12,4,Jack Le Brocq,,10,NaN,NaN,false,NaN,E:\2026\99_seasonTiming\04_RUA\top_speed\Race 12.pdf,2026-04-22 16:34:46,250,
RUA,R12,4,Jack Le Brocq,,11,NaN,NaN,false,NaN,E:\2026\99_seasonTiming\04_RUA\top_speed\Race 12.pdf,2026-04-22 16:34:46,249,
RUA,R12,4,Jack Le Brocq,,12,NaN,NaN,false,NaN,E:\2026\99_seasonTiming\04_RUA\top_speed\Race 12.pdf,2026-04-22 16:34:46,250,
RUA,R12,4,Jack Le Brocq,,13,NaN,NaN,false,NaN,E:\2026\99_seasonTiming\04_RUA\top_speed\Race 12.pdf,2026-04-22 16:34:46,250,
RUA,R12,4,Jack Le Brocq,,14,NaN,NaN,false,NaN,E:\2026\99_seasonTiming\04_RUA\top_speed\Race 12.pdf,2026-04-22 16:34:46,251,
RUA,R12,4,Jack Le Brocq,,15,NaN,NaN,false,NaN,E:\2026\99_seasonTiming\04_RUA\top_speed\Race 12.pdf,2026-04-22 16:34:46,251,
RUA,R12,4,Jack Le Brocq,,16,NaN,NaN,false,NaN,E:\2026\99_seasonTiming\04_RUA\top_speed\Race 12.pdf,2026-04-22 16:34:46,250,
RUA,R12,4,Jack Le Brocq,,17,NaN,NaN,false,NaN,E:\2026\99_seasonTiming\04_RUA\top_speed\Race 12.pdf,2026-04-22 16:34:46,250,
RUA,R12,4,Jack Le Brocq,,18,NaN,NaN,false,NaN,E:\2026\99_seasonTiming\04_RUA\top_speed\Race 12.pdf,2026-04-22 16:34:46,251,
RUA,R12,4,Jack Le Brocq,,19,NaN,NaN,false,NaN,E:\2026\99_seasonTiming\04_RUA\top_speed\Race 12.pdf,2026-04-22 16:34:46,250,
RUA,R12,4,Jack Le Brocq,,20,NaN,NaN,false,NaN,E:\2026\99_seasonTiming\04_RUA\top_speed\Race 12.pdf,2026-04-22 16:34:46,193,
RUA,R12,4,Jack Le Brocq,,21,NaN,NaN,false,NaN,E:\2026\99_seasonTiming\04_RUA\top_speed\Race 12.pdf,2026-04-22 16:34:46,250,
RUA,R12,4,Jack Le Brocq,,22,NaN,NaN,false,NaN,E:\2026\99_seasonTiming\04_RUA\top_speed\Race 12.pdf,2026-04-22 16:34:46,251,
RUA,R12,4,Jack Le Brocq,,23,NaN,NaN,false,NaN,E:\2026\99_seasonTiming\04_RUA\top_speed\Race 12.pdf,2026-04-22 16:34:46,251,
RUA,R12,4,Jack Le Brocq,,24,NaN,NaN,false,NaN,E:\2026\99_seasonTiming\04_RUA\top_speed\Race 12.pdf,2026-04-22 16:34:46,252,
RUA,R12,4,Jack Le Brocq,,25,NaN,NaN,false,NaN,E:\2026\99_seasonTiming\04_RUA\top_speed\Race 12.pdf,2026-04-22 16:34:46,252,
RUA,R12,4,Jack Le Brocq,,26,NaN,NaN,false,NaN,E:\2026\99_seasonTiming\04_RUA\top_speed\Race 12.pdf,2026-04-22 16:34:46,251,
RUA,R12,4,Jack Le Brocq,,27,NaN,NaN,false,NaN,E:\2026\99_seasonTiming\04_RUA\top_speed\Race 12.pdf,2026-04-22 16:34:46,250,
RUA,R12,4,Jack Le Brocq,,28,NaN,NaN,false,NaN,E:\2026\99_seasonTiming\04_RUA\top_speed\Race 12.pdf,2026-04-22 16:34:46,251,
RUA,R12,4,Jack Le Brocq,,29,NaN,NaN,false,NaN,E:\2026\99_seasonTiming\04_RUA\top_speed\Race 12.pdf,2026-04-22 16:34:46,251,
RUA,R12,4,Jack Le Brocq,,30,NaN,NaN,false,NaN,E:\2026\99_seasonTiming\04_RUA\top_speed\Race 12.pdf,2026-04-22 16:34:46,240,
RUA,R12,4,Jack Le Brocq,,31,NaN,NaN,false,NaN,E:\2026\99_seasonTiming\04_RUA\top_speed\Race 12.pdf,2026-04-22 16:34:46,250,
RUA,R12,4,Jack Le Brocq,,32,NaN,NaN,false,NaN,E:\2026\99_seasonTiming\04_RUA\top_speed\Race 12.pdf,2026-04-22 16:34:46,249,
RUA,R12,4,Jack Le Brocq,,33,NaN,NaN,false,NaN,E:\2026\99_seasonTiming\04_RUA\top_speed\Race 12.pdf,2026-04-22 16:34:46,248,
RUA,R12,4,Jack Le Brocq,,34,NaN,NaN,false,NaN,E:\2026\99_seasonTiming\04_RUA\top_speed\Race 12.pdf,2026-04-22 16:34:46,232,
RUA,R12,4,Jack Le Brocq,,35,NaN,NaN,false,NaN,E:\2026\99_seasonTiming\04_RUA\top_speed\Race 12.pdf,2026-04-22 16:34:46,249,
RUA,R12,4,Jack Le Brocq,,36,NaN,NaN,false,NaN,E:\2026\99_seasonTiming\04_RUA\top_speed\Race 12.pdf,2026-04-22 16:34:46,252,
RUA,R12,4,Jack Le Brocq,,37,NaN,NaN,false,NaN,E:\2026\99_seasonTiming\04_RUA\top_speed\Race 12.pdf,2026-04-22 16:34:46,251,
RUA,R12,6,Cameron Waters,,1,NaN,NaN,false,NaN,E:\2026\99_seasonTiming\04_RUA\top_speed\Race 12.pdf,2026-04-22 16:34:46,209,
RUA,R12,6,Cameron Waters,,2,NaN,NaN,false,NaN,E:\2026\99_seasonTiming\04_RUA\top_speed\Race 12.pdf,2026-04-22 16:34:46,246,
RUA,R12,6,Cameron Waters,,3,NaN,NaN,false,NaN,E:\2026\99_seasonTiming\04_RUA\top_speed\Race 12.pdf,2026-04-22 16:34:46,250,
RUA,R12,6,Cameron Waters,,4,NaN,NaN,false,NaN,E:\2026\99_seasonTiming\04_RUA\top_speed\Race 12.pdf,2026-04-22 16:34:46,248,
RUA,R12,6,Cameron Waters,,5,NaN,NaN,false,NaN,E:\2026\99_seasonTiming\04_RUA\top_speed\Race 12.pdf,2026-04-22 16:34:46,247,
RUA,R12,6,Cameron Waters,,6,NaN,NaN,false,NaN,E:\2026\99_seasonTiming\04_RUA\top_speed\Race 12.pdf,2026-04-22 16:34:46,249,
RUA,R12,6,Cameron Waters,,7,NaN,NaN,false,NaN,E:\2026\99_seasonTiming\04_RUA\top_speed\Race 12.pdf,2026-04-22 16:34:46,249,
RUA,R12,6,Cameron Waters,,8,NaN,NaN,false,NaN,E:\2026\99_seasonTiming\04_RUA\top_speed\Race 12.pdf,2026-04-22 16:34:46,249,
RUA,R12,6,Cameron Waters,,9,NaN,NaN,false,NaN,E:\2026\99_seasonTiming\04_RUA\top_speed\Race 12.pdf,2026-04-22 16:34:46,248,
RUA,R12,6,Cameron Waters,,10,NaN,NaN,false,NaN,E:\2026\99_seasonTiming\04_RUA\top_speed\Race 12.pdf,2026-04-22 16:34:46,249,
RUA,R12,6,Cameron Waters,,11,NaN,NaN,false,NaN,E:\2026\99_seasonTiming\04_RUA\top_speed\Race 12.pdf,2026-04-22 16:34:46,249,
RUA,R12,6,Cameron Waters,,12,NaN,NaN,false,NaN,E:\2026\99_seasonTiming\04_RUA\top_speed\Race 12.pdf,2026-04-22 16:34:46,249,
RUA,R12,6,Cameron Waters,,13,NaN,NaN,false,NaN,E:\2026\99_seasonTiming\04_RUA\top_speed\Race 12.pdf,2026-04-22 16:34:46,252,
RUA,R12,6,Cameron Waters,,14,NaN,NaN,false,NaN,E:\2026\99_seasonTiming\04_RUA\top_speed\Race 12.pdf,2026-04-22 16:34:46,251,
RUA,R12,6,Cameron Waters,,15,NaN,NaN,false,NaN,E:\2026\99_seasonTiming\04_RUA\top_speed\Race 12.pdf,2026-04-22 16:34:46,250,
RUA,R12,6,Cameron Waters,,16,NaN,NaN,false,NaN,E:\2026\99_seasonTiming\04_RUA\top_speed\Race 12.pdf,2026-04-22 16:34:46,251,
RUA,R12,6,Cameron Waters,,17,NaN,NaN,false,NaN,E:\2026\99_seasonTiming\04_RUA\top_speed\Race 12.pdf,2026-04-22 16:34:46,252,
RUA,R12,6,Cameron Waters,,18,NaN,NaN,false,NaN,E:\2026\99_seasonTiming\04_RUA\top_speed\Race 12.pdf,2026-04-22 16:34:46,252,
RUA,R12,6,Cameron Waters,,19,NaN,NaN,false,NaN,E:\2026\99_seasonTiming\04_RUA\top_speed\Race 12.pdf,2026-04-22 16:34:46,252,
RUA,R12,6,Cameron Waters,,20,NaN,NaN,false,NaN,E:\2026\99_seasonTiming\04_RUA\top_speed\Race 12.pdf,2026-04-22 16:34:46,193,
RUA,R12,6,Cameron Waters,,21,NaN,NaN,false,NaN,E:\2026\99_seasonTiming\04_RUA\top_speed\Race 12.pdf,2026-04-22 16:34:46,250,
RUA,R12,6,Cameron Waters,,22,NaN,NaN,false,NaN,E:\2026\99_seasonTiming\04_RUA\top_speed\Race 12.pdf,2026-04-22 16:34:46,251,
RUA,R12,6,Cameron Waters,,23,NaN,NaN,false,NaN,E:\2026\99_seasonTiming\04_RUA\top_speed\Race 12.pdf,2026-04-22 16:34:46,251,
RUA,R12,6,Cameron Waters,,24,NaN,NaN,false,NaN,E:\2026\99_seasonTiming\04_RUA\top_speed\Race 12.pdf,2026-04-22 16:34:46,251,
RUA,R12,6,Cameron Waters,,25,NaN,NaN,false,NaN,E:\2026\99_seasonTiming\04_RUA\top_speed\Race 12.pdf,2026-04-22 16:34:46,251,
RUA,R12,6,Cameron Waters,,26,NaN,NaN,false,NaN,E:\2026\99_seasonTiming\04_RUA\top_speed\Race 12.pdf,2026-04-22 16:34:46,252,
RUA,R12,6,Cameron Waters,,27,NaN,NaN,false,NaN,E:\2026\99_seasonTiming\04_RUA\top_speed\Race 12.pdf,2026-04-22 16:34:46,250,
RUA,R12,6,Cameron Waters,,28,NaN,NaN,false,NaN,E:\2026\99_seasonTiming\04_RUA\top_speed\Race 12.pdf,2026-04-22 16:34:46,251,
RUA,R12,6,Cameron Waters,,29,NaN,NaN,false,NaN,E:\2026\99_seasonTiming\04_RUA\top_speed\Race 12.pdf,2026-04-22 16:34:46,252,
RUA,R12,6,Cameron Waters,,30,NaN,NaN,false,NaN,E:\2026\99_seasonTiming\04_RUA\top_speed\Race 12.pdf,2026-04-22 16:34:46,251,
RUA,R12,6,Cameron Waters,,31,NaN,NaN,false,NaN,E:\2026\99_seasonTiming\04_RUA\top_speed\Race 12.pdf,2026-04-22 16:34:46,255,
RUA,R12,6,Cameron Waters,,32,NaN,NaN,false,NaN,E:\2026\99_seasonTiming\04_RUA\top_speed\Race 12.pdf,2026-04-22 16:34:46,251,
RUA,R12,6,Cameron Waters,,33,NaN,NaN,false,NaN,E:\2026\99_seasonTiming\04_RUA\top_speed\Race 12.pdf,2026-04-22 16:34:46,246,
RUA,R12,6,Cameron Waters,,34,NaN,NaN,false,NaN,E:\2026\99_seasonTiming\04_RUA\top_speed\Race 12.pdf,2026-04-22 16:34:46,246,
RUA,R12,6,Cameron Waters,,35,NaN,NaN,false,NaN,E:\2026\99_seasonTiming\04_RUA\top_speed\Race 12.pdf,2026-04-22 16:34:46,248,
RUA,R12,6,Cameron Waters,,36,NaN,NaN,false,NaN,E:\2026\99_seasonTiming\04_RUA\top_speed\Race 12.pdf,2026-04-22 16:34:46,250,
RUA,R12,6,Cameron Waters,,37,NaN,NaN,false,NaN,E:\2026\99_seasonTiming\04_RUA\top_speed\Race 12.pdf,2026-04-22 16:34:46,251,
RUA,R12,7,James Golding,,1,NaN,NaN,false,NaN,E:\2026\99_seasonTiming\04_RUA\top_speed\Race 12.pdf,2026-04-22 16:34:46,195,
RUA,R12,7,James Golding,,2,NaN,NaN,false,NaN,E:\2026\99_seasonTiming\04_RUA\top_speed\Race 12.pdf,2026-04-22 16:34:46,250,
RUA,R12,7,James Golding,,3,NaN,NaN,false,NaN,E:\2026\99_seasonTiming\04_RUA\top_speed\Race 12.pdf,2026-04-22 16:34:46,251,
RUA,R12,7,James Golding,,4,NaN,NaN,false,NaN,E:\2026\99_seasonTiming\04_RUA\top_speed\Race 12.pdf,2026-04-22 16:34:46,250,
RUA,R12,7,James Golding,,5,NaN,NaN,false,NaN,E:\2026\99_seasonTiming\04_RUA\top_speed\Race 12.pdf,2026-04-22 16:34:46,250,
RUA,R12,7,James Golding,,6,NaN,NaN,false,NaN,E:\2026\99_seasonTiming\04_RUA\top_speed\Race 12.pdf,2026-04-22 16:34:46,250,
RUA,R12,7,James Golding,,7,NaN,NaN,false,NaN,E:\2026\99_seasonTiming\04_RUA\top_speed\Race 12.pdf,2026-04-22 16:34:46,250,
RUA,R12,7,James Golding,,8,NaN,NaN,false,NaN,E:\2026\99_seasonTiming\04_RUA\top_speed\Race 12.pdf,2026-04-22 16:34:46,249,
RUA,R12,7,James Golding,,9,NaN,NaN,false,NaN,E:\2026\99_seasonTiming\04_RUA\top_speed\Race 12.pdf,2026-04-22 16:34:46,250,
RUA,R12,7,James Golding,,10,NaN,NaN,false,NaN,E:\2026\99_seasonTiming\04_RUA\top_speed\Race 12.pdf,2026-04-22 16:34:46,251,
RUA,R12,7,James Golding,,11,NaN,NaN,false,NaN,E:\2026\99_seasonTiming\04_RUA\top_speed\Race 12.pdf,2026-04-22 16:34:46,251,
RUA,R12,7,James Golding,,12,NaN,NaN,false,NaN,E:\2026\99_seasonTiming\04_RUA\top_speed\Race 12.pdf,2026-04-22 16:34:46,250,
RUA,R12,7,James Golding,,13,NaN,NaN,false,NaN,E:\2026\99_seasonTiming\04_RUA\top_speed\Race 12.pdf,2026-04-22 16:34:46,251,
RUA,R12,7,James Golding,,14,NaN,NaN,false,NaN,E:\2026\99_seasonTiming\04_RUA\top_speed\Race 12.pdf,2026-04-22 16:34:46,251,
RUA,R12,7,James Golding,,15,NaN,NaN,false,NaN,E:\2026\99_seasonTiming\04_RUA\top_speed\Race 12.pdf,2026-04-22 16:34:46,250,
RUA,R12,7,James Golding,,16,NaN,NaN,false,NaN,E:\2026\99_seasonTiming\04_RUA\top_speed\Race 12.pdf,2026-04-22 16:34:46,250,
RUA,R12,7,James Golding,,17,NaN,NaN,false,NaN,E:\2026\99_seasonTiming\04_RUA\top_speed\Race 12.pdf,2026-04-22 16:34:46,250,
RUA,R12,7,James Golding,,18,NaN,NaN,false,NaN,E:\2026\99_seasonTiming\04_RUA\top_speed\Race 12.pdf,2026-04-22 16:34:46,250,
RUA,R12,7,James Golding,,19,NaN,NaN,false,NaN,E:\2026\99_seasonTiming\04_RUA\top_speed\Race 12.pdf,2026-04-22 16:34:46,192,
RUA,R12,7,James Golding,,20,NaN,NaN,false,NaN,E:\2026\99_seasonTiming\04_RUA\top_speed\Race 12.pdf,2026-04-22 16:34:46,251,
RUA,R12,7,James Golding,,21,NaN,NaN,false,NaN,E:\2026\99_seasonTiming\04_RUA\top_speed\Race 12.pdf,2026-04-22 16:34:46,249,
RUA,R12,7,James Golding,,22,NaN,NaN,false,NaN,E:\2026\99_seasonTiming\04_RUA\top_speed\Race 12.pdf,2026-04-22 16:34:46,250,
RUA,R12,7,James Golding,,23,NaN,NaN,false,NaN,E:\2026\99_seasonTiming\04_RUA\top_speed\Race 12.pdf,2026-04-22 16:34:46,251,
RUA,R12,7,James Golding,,24,NaN,NaN,false,NaN,E:\2026\99_seasonTiming\04_RUA\top_speed\Race 12.pdf,2026-04-22 16:34:46,251,
RUA,R12,7,James Golding,,25,NaN,NaN,false,NaN,E:\2026\99_seasonTiming\04_RUA\top_speed\Race 12.pdf,2026-04-22 16:34:46,251,
RUA,R12,7,James Golding,,26,NaN,NaN,false,NaN,E:\2026\99_seasonTiming\04_RUA\top_speed\Race 12.pdf,2026-04-22 16:34:46,251,
RUA,R12,7,James Golding,,27,NaN,NaN,false,NaN,E:\2026\99_seasonTiming\04_RUA\top_speed\Race 12.pdf,2026-04-22 16:34:46,253,
RUA,R12,7,James Golding,,28,NaN,NaN,false,NaN,E:\2026\99_seasonTiming\04_RUA\top_speed\Race 12.pdf,2026-04-22 16:34:46,249,
RUA,R12,7,James Golding,,29,NaN,NaN,false,NaN,E:\2026\99_seasonTiming\04_RUA\top_speed\Race 12.pdf,2026-04-22 16:34:46,253,
RUA,R12,7,James Golding,,30,NaN,NaN,false,NaN,E:\2026\99_seasonTiming\04_RUA\top_speed\Race 12.pdf,2026-04-22 16:34:46,250,
RUA,R12,7,James Golding,,31,NaN,NaN,false,NaN,E:\2026\99_seasonTiming\04_RUA\top_speed\Race 12.pdf,2026-04-22 16:34:46,252,
RUA,R12,7,James Golding,,32,NaN,NaN,false,NaN,E:\2026\99_seasonTiming\04_RUA\top_speed\Race 12.pdf,2026-04-22 16:34:46,248,
RUA,R12,7,James Golding,,33,NaN,NaN,false,NaN,E:\2026\99_seasonTiming\04_RUA\top_speed\Race 12.pdf,2026-04-22 16:34:46,250,
RUA,R12,7,James Golding,,34,NaN,NaN,false,NaN,E:\2026\99_seasonTiming\04_RUA\top_speed\Race 12.pdf,2026-04-22 16:34:46,250,
RUA,R12,7,James Golding,,35,NaN,NaN,false,NaN,E:\2026\99_seasonTiming\04_RUA\top_speed\Race 12.pdf,2026-04-22 16:34:46,252,
RUA,R12,7,James Golding,,36,NaN,NaN,false,NaN,E:\2026\99_seasonTiming\04_RUA\top_speed\Race 12.pdf,2026-04-22 16:34:46,236,
RUA,R12,7,James Golding,,37,NaN,NaN,false,NaN,E:\2026\99_seasonTiming\04_RUA\top_speed\Race 12.pdf,2026-04-22 16:34:46,249,
RUA,R12,8,Andre Heimgartner,,1,NaN,NaN,false,NaN,E:\2026\99_seasonTiming\04_RUA\top_speed\Race 12.pdf,2026-04-22 16:34:46,189,
RUA,R12,8,Andre Heimgartner,,2,NaN,NaN,false,NaN,E:\2026\99_seasonTiming\04_RUA\top_speed\Race 12.pdf,2026-04-22 16:34:46,249,
RUA,R12,8,Andre Heimgartner,,3,NaN,NaN,false,NaN,E:\2026\99_seasonTiming\04_RUA\top_speed\Race 12.pdf,2026-04-22 16:34:46,249,
RUA,R12,8,Andre Heimgartner,,4,NaN,NaN,false,NaN,E:\2026\99_seasonTiming\04_RUA\top_speed\Race 12.pdf,2026-04-22 16:34:46,250,
RUA,R12,8,Andre Heimgartner,,5,NaN,NaN,false,NaN,E:\2026\99_seasonTiming\04_RUA\top_speed\Race 12.pdf,2026-04-22 16:34:46,251,
RUA,R12,8,Andre Heimgartner,,6,NaN,NaN,false,NaN,E:\2026\99_seasonTiming\04_RUA\top_speed\Race 12.pdf,2026-04-22 16:34:46,250,
RUA,R12,8,Andre Heimgartner,,7,NaN,NaN,false,NaN,E:\2026\99_seasonTiming\04_RUA\top_speed\Race 12.pdf,2026-04-22 16:34:46,250,
RUA,R12,8,Andre Heimgartner,,8,NaN,NaN,false,NaN,E:\2026\99_seasonTiming\04_RUA\top_speed\Race 12.pdf,2026-04-22 16:34:46,251,
RUA,R12,8,Andre Heimgartner,,9,NaN,NaN,false,NaN,E:\2026\99_seasonTiming\04_RUA\top_speed\Race 12.pdf,2026-04-22 16:34:46,250,
RUA,R12,8,Andre Heimgartner,,10,NaN,NaN,false,NaN,E:\2026\99_seasonTiming\04_RUA\top_speed\Race 12.pdf,2026-04-22 16:34:46,251,
RUA,R12,8,Andre Heimgartner,,11,NaN,NaN,false,NaN,E:\2026\99_seasonTiming\04_RUA\top_speed\Race 12.pdf,2026-04-22 16:34:46,250,
RUA,R12,8,Andre Heimgartner,,12,NaN,NaN,false,NaN,E:\2026\99_seasonTiming\04_RUA\top_speed\Race 12.pdf,2026-04-22 16:34:46,249,
RUA,R12,8,Andre Heimgartner,,13,NaN,NaN,false,NaN,E:\2026\99_seasonTiming\04_RUA\top_speed\Race 12.pdf,2026-04-22 16:34:46,250,
RUA,R12,8,Andre Heimgartner,,14,NaN,NaN,false,NaN,E:\2026\99_seasonTiming\04_RUA\top_speed\Race 12.pdf,2026-04-22 16:34:46,250,
RUA,R12,8,Andre Heimgartner,,15,NaN,NaN,false,NaN,E:\2026\99_seasonTiming\04_RUA\top_speed\Race 12.pdf,2026-04-22 16:34:46,250,
RUA,R12,8,Andre Heimgartner,,16,NaN,NaN,false,NaN,E:\2026\99_seasonTiming\04_RUA\top_speed\Race 12.pdf,2026-04-22 16:34:46,226,
RUA,R12,8,Andre Heimgartner,,17,NaN,NaN,false,NaN,E:\2026\99_seasonTiming\04_RUA\top_speed\Race 12.pdf,2026-04-22 16:34:46,250,
RUA,R12,8,Andre Heimgartner,,18,NaN,NaN,false,NaN,E:\2026\99_seasonTiming\04_RUA\top_speed\Race 12.pdf,2026-04-22 16:34:46,250,
RUA,R12,8,Andre Heimgartner,,19,NaN,NaN,false,NaN,E:\2026\99_seasonTiming\04_RUA\top_speed\Race 12.pdf,2026-04-22 16:34:46,251,
RUA,R12,8,Andre Heimgartner,,20,NaN,NaN,false,NaN,E:\2026\99_seasonTiming\04_RUA\top_speed\Race 12.pdf,2026-04-22 16:34:46,250,
RUA,R12,8,Andre Heimgartner,,21,NaN,NaN,false,NaN,E:\2026\99_seasonTiming\04_RUA\top_speed\Race 12.pdf,2026-04-22 16:34:46,248,
RUA,R12,8,Andre Heimgartner,,22,NaN,NaN,false,NaN,E:\2026\99_seasonTiming\04_RUA\top_speed\Race 12.pdf,2026-04-22 16:34:46,247,
RUA,R12,8,Andre Heimgartner,,23,NaN,NaN,false,NaN,E:\2026\99_seasonTiming\04_RUA\top_speed\Race 12.pdf,2026-04-22 16:34:46,188,
RUA,R12,8,Andre Heimgartner,,24,NaN,NaN,false,NaN,E:\2026\99_seasonTiming\04_RUA\top_speed\Race 12.pdf,2026-04-22 16:34:46,249,
RUA,R12,8,Andre Heimgartner,,25,NaN,NaN,false,NaN,E:\2026\99_seasonTiming\04_RUA\top_speed\Race 12.pdf,2026-04-22 16:34:46,248,
RUA,R12,8,Andre Heimgartner,,26,NaN,NaN,false,NaN,E:\2026\99_seasonTiming\04_RUA\top_speed\Race 12.pdf,2026-04-22 16:34:46,248,
RUA,R12,8,Andre Heimgartner,,27,NaN,NaN,false,NaN,E:\2026\99_seasonTiming\04_RUA\top_speed\Race 12.pdf,2026-04-22 16:34:46,247,
RUA,R12,8,Andre Heimgartner,,28,NaN,NaN,false,NaN,E:\2026\99_seasonTiming\04_RUA\top_speed\Race 12.pdf,2026-04-22 16:34:46,247,
RUA,R12,8,Andre Heimgartner,,29,NaN,NaN,false,NaN,E:\2026\99_seasonTiming\04_RUA\top_speed\Race 12.pdf,2026-04-22 16:34:46,247,
RUA,R12,8,Andre Heimgartner,,30,NaN,NaN,false,NaN,E:\2026\99_seasonTiming\04_RUA\top_speed\Race 12.pdf,2026-04-22 16:34:46,249,
RUA,R12,8,Andre Heimgartner,,31,NaN,NaN,false,NaN,E:\2026\99_seasonTiming\04_RUA\top_speed\Race 12.pdf,2026-04-22 16:34:46,248,
RUA,R12,8,Andre Heimgartner,,32,NaN,NaN,false,NaN,E:\2026\99_seasonTiming\04_RUA\top_speed\Race 12.pdf,2026-04-22 16:34:46,247,
RUA,R12,8,Andre Heimgartner,,33,NaN,NaN,false,NaN,E:\2026\99_seasonTiming\04_RUA\top_speed\Race 12.pdf,2026-04-22 16:34:46,248,
RUA,R12,8,Andre Heimgartner,,34,NaN,NaN,false,NaN,E:\2026\99_seasonTiming\04_RUA\top_speed\Race 12.pdf,2026-04-22 16:34:46,248,
RUA,R12,8,Andre Heimgartner,,35,NaN,NaN,false,NaN,E:\2026\99_seasonTiming\04_RUA\top_speed\Race 12.pdf,2026-04-22 16:34:46,249,
RUA,R12,8,Andre Heimgartner,,36,NaN,NaN,false,NaN,E:\2026\99_seasonTiming\04_RUA\top_speed\Race 12.pdf,2026-04-22 16:34:46,251,
RUA,R12,8,Andre Heimgartner,,37,NaN,NaN,false,NaN,E:\2026\99_seasonTiming\04_RUA\top_speed\Race 12.pdf,2026-04-22 16:34:46,248,
RUA,R12,9,Jobe Stewart,,1,NaN,NaN,false,NaN,E:\2026\99_seasonTiming\04_RUA\top_speed\Race 12.pdf,2026-04-22 16:34:46,207,
RUA,R12,9,Jobe Stewart,,2,NaN,NaN,false,NaN,E:\2026\99_seasonTiming\04_RUA\top_speed\Race 12.pdf,2026-04-22 16:34:46,246,
RUA,R12,9,Jobe Stewart,,3,NaN,NaN,false,NaN,E:\2026\99_seasonTiming\04_RUA\top_speed\Race 12.pdf,2026-04-22 16:34:46,250,
RUA,R12,9,Jobe Stewart,,4,NaN,NaN,false,NaN,E:\2026\99_seasonTiming\04_RUA\top_speed\Race 12.pdf,2026-04-22 16:34:46,248,
RUA,R12,9,Jobe Stewart,,5,NaN,NaN,false,NaN,E:\2026\99_seasonTiming\04_RUA\top_speed\Race 12.pdf,2026-04-22 16:34:46,248,
RUA,R12,9,Jobe Stewart,,6,NaN,NaN,false,NaN,E:\2026\99_seasonTiming\04_RUA\top_speed\Race 12.pdf,2026-04-22 16:34:46,250,
RUA,R12,9,Jobe Stewart,,7,NaN,NaN,false,NaN,E:\2026\99_seasonTiming\04_RUA\top_speed\Race 12.pdf,2026-04-22 16:34:46,249,
RUA,R12,9,Jobe Stewart,,8,NaN,NaN,false,NaN,E:\2026\99_seasonTiming\04_RUA\top_speed\Race 12.pdf,2026-04-22 16:34:46,248,
RUA,R12,9,Jobe Stewart,,9,NaN,NaN,false,NaN,E:\2026\99_seasonTiming\04_RUA\top_speed\Race 12.pdf,2026-04-22 16:34:46,249,
RUA,R12,9,Jobe Stewart,,10,NaN,NaN,false,NaN,E:\2026\99_seasonTiming\04_RUA\top_speed\Race 12.pdf,2026-04-22 16:34:46,251,
RUA,R12,9,Jobe Stewart,,11,NaN,NaN,false,NaN,E:\2026\99_seasonTiming\04_RUA\top_speed\Race 12.pdf,2026-04-22 16:34:46,250,
RUA,R12,9,Jobe Stewart,,12,NaN,NaN,false,NaN,E:\2026\99_seasonTiming\04_RUA\top_speed\Race 12.pdf,2026-04-22 16:34:46,248,
RUA,R12,9,Jobe Stewart,,13,NaN,NaN,false,NaN,E:\2026\99_seasonTiming\04_RUA\top_speed\Race 12.pdf,2026-04-22 16:34:46,250,
RUA,R12,9,Jobe Stewart,,14,NaN,NaN,false,NaN,E:\2026\99_seasonTiming\04_RUA\top_speed\Race 12.pdf,2026-04-22 16:34:46,250,
RUA,R12,9,Jobe Stewart,,15,NaN,NaN,false,NaN,E:\2026\99_seasonTiming\04_RUA\top_speed\Race 12.pdf,2026-04-22 16:34:46,249,
RUA,R12,9,Jobe Stewart,,16,NaN,NaN,false,NaN,E:\2026\99_seasonTiming\04_RUA\top_speed\Race 12.pdf,2026-04-22 16:34:46,250,
RUA,R12,9,Jobe Stewart,,17,NaN,NaN,false,NaN,E:\2026\99_seasonTiming\04_RUA\top_speed\Race 12.pdf,2026-04-22 16:34:46,249,
RUA,R12,9,Jobe Stewart,,18,NaN,NaN,false,NaN,E:\2026\99_seasonTiming\04_RUA\top_speed\Race 12.pdf,2026-04-22 16:34:46,189,
RUA,R12,9,Jobe Stewart,,19,NaN,NaN,false,NaN,E:\2026\99_seasonTiming\04_RUA\top_speed\Race 12.pdf,2026-04-22 16:34:46,247,
RUA,R12,9,Jobe Stewart,,20,NaN,NaN,false,NaN,E:\2026\99_seasonTiming\04_RUA\top_speed\Race 12.pdf,2026-04-22 16:34:46,247,
RUA,R12,9,Jobe Stewart,,21,NaN,NaN,false,NaN,E:\2026\99_seasonTiming\04_RUA\top_speed\Race 12.pdf,2026-04-22 16:34:46,247,
RUA,R12,9,Jobe Stewart,,22,NaN,NaN,false,NaN,E:\2026\99_seasonTiming\04_RUA\top_speed\Race 12.pdf,2026-04-22 16:34:46,249,
RUA,R12,9,Jobe Stewart,,23,NaN,NaN,false,NaN,E:\2026\99_seasonTiming\04_RUA\top_speed\Race 12.pdf,2026-04-22 16:34:46,251,
RUA,R12,9,Jobe Stewart,,24,NaN,NaN,false,NaN,E:\2026\99_seasonTiming\04_RUA\top_speed\Race 12.pdf,2026-04-22 16:34:46,249,
RUA,R12,9,Jobe Stewart,,25,NaN,NaN,false,NaN,E:\2026\99_seasonTiming\04_RUA\top_speed\Race 12.pdf,2026-04-22 16:34:46,248,
RUA,R12,9,Jobe Stewart,,26,NaN,NaN,false,NaN,E:\2026\99_seasonTiming\04_RUA\top_speed\Race 12.pdf,2026-04-22 16:34:46,251,
RUA,R12,9,Jobe Stewart,,27,NaN,NaN,false,NaN,E:\2026\99_seasonTiming\04_RUA\top_speed\Race 12.pdf,2026-04-22 16:34:46,250,
RUA,R12,9,Jobe Stewart,,28,NaN,NaN,false,NaN,E:\2026\99_seasonTiming\04_RUA\top_speed\Race 12.pdf,2026-04-22 16:34:46,250,
RUA,R12,9,Jobe Stewart,,29,NaN,NaN,false,NaN,E:\2026\99_seasonTiming\04_RUA\top_speed\Race 12.pdf,2026-04-22 16:34:46,245,
RUA,R12,9,Jobe Stewart,,30,NaN,NaN,false,NaN,E:\2026\99_seasonTiming\04_RUA\top_speed\Race 12.pdf,2026-04-22 16:34:46,250,
RUA,R12,9,Jobe Stewart,,31,NaN,NaN,false,NaN,E:\2026\99_seasonTiming\04_RUA\top_speed\Race 12.pdf,2026-04-22 16:34:46,250,
RUA,R12,9,Jobe Stewart,,32,NaN,NaN,false,NaN,E:\2026\99_seasonTiming\04_RUA\top_speed\Race 12.pdf,2026-04-22 16:34:46,246,
RUA,R12,9,Jobe Stewart,,33,NaN,NaN,false,NaN,E:\2026\99_seasonTiming\04_RUA\top_speed\Race 12.pdf,2026-04-22 16:34:46,248,
RUA,R12,9,Jobe Stewart,,34,NaN,NaN,false,NaN,E:\2026\99_seasonTiming\04_RUA\top_speed\Race 12.pdf,2026-04-22 16:34:46,249,
RUA,R12,9,Jobe Stewart,,35,NaN,NaN,false,NaN,E:\2026\99_seasonTiming\04_RUA\top_speed\Race 12.pdf,2026-04-22 16:34:46,249,
RUA,R12,9,Jobe Stewart,,36,NaN,NaN,false,NaN,E:\2026\99_seasonTiming\04_RUA\top_speed\Race 12.pdf,2026-04-22 16:34:46,250,
RUA,R12,9,Jobe Stewart,,37,NaN,NaN,false,NaN,E:\2026\99_seasonTiming\04_RUA\top_speed\Race 12.pdf,2026-04-22 16:34:46,249,
RUA,R12,10,Zach Bates,,1,NaN,NaN,false,NaN,E:\2026\99_seasonTiming\04_RUA\top_speed\Race 12.pdf,2026-04-22 16:34:46,183,
RUA,R12,10,Zach Bates,,2,NaN,NaN,false,NaN,E:\2026\99_seasonTiming\04_RUA\top_speed\Race 12.pdf,2026-04-22 16:34:46,234,
RUA,R12,10,Zach Bates,,3,NaN,NaN,false,NaN,E:\2026\99_seasonTiming\04_RUA\top_speed\Race 12.pdf,2026-04-22 16:34:46,250,
RUA,R12,10,Zach Bates,,4,NaN,NaN,false,NaN,E:\2026\99_seasonTiming\04_RUA\top_speed\Race 12.pdf,2026-04-22 16:34:46,248,
RUA,R12,10,Zach Bates,,5,NaN,NaN,false,NaN,E:\2026\99_seasonTiming\04_RUA\top_speed\Race 12.pdf,2026-04-22 16:34:46,251,
RUA,R12,10,Zach Bates,,6,NaN,NaN,false,NaN,E:\2026\99_seasonTiming\04_RUA\top_speed\Race 12.pdf,2026-04-22 16:34:46,250,
RUA,R12,10,Zach Bates,,7,NaN,NaN,false,NaN,E:\2026\99_seasonTiming\04_RUA\top_speed\Race 12.pdf,2026-04-22 16:34:46,250,
RUA,R12,10,Zach Bates,,8,NaN,NaN,false,NaN,E:\2026\99_seasonTiming\04_RUA\top_speed\Race 12.pdf,2026-04-22 16:34:46,249,
RUA,R12,10,Zach Bates,,9,NaN,NaN,false,NaN,E:\2026\99_seasonTiming\04_RUA\top_speed\Race 12.pdf,2026-04-22 16:34:46,249,
RUA,R12,10,Zach Bates,,10,NaN,NaN,false,NaN,E:\2026\99_seasonTiming\04_RUA\top_speed\Race 12.pdf,2026-04-22 16:34:46,247,
RUA,R12,10,Zach Bates,,11,NaN,NaN,false,NaN,E:\2026\99_seasonTiming\04_RUA\top_speed\Race 12.pdf,2026-04-22 16:34:46,249,
RUA,R12,10,Zach Bates,,12,NaN,NaN,false,NaN,E:\2026\99_seasonTiming\04_RUA\top_speed\Race 12.pdf,2026-04-22 16:34:46,250,
RUA,R12,10,Zach Bates,,13,NaN,NaN,false,NaN,E:\2026\99_seasonTiming\04_RUA\top_speed\Race 12.pdf,2026-04-22 16:34:46,250,
RUA,R12,10,Zach Bates,,14,NaN,NaN,false,NaN,E:\2026\99_seasonTiming\04_RUA\top_speed\Race 12.pdf,2026-04-22 16:34:46,252,
RUA,R12,10,Zach Bates,,15,NaN,NaN,false,NaN,E:\2026\99_seasonTiming\04_RUA\top_speed\Race 12.pdf,2026-04-22 16:34:46,252,
RUA,R12,10,Zach Bates,,16,NaN,NaN,false,NaN,E:\2026\99_seasonTiming\04_RUA\top_speed\Race 12.pdf,2026-04-22 16:34:46,253,
RUA,R12,10,Zach Bates,,17,NaN,NaN,false,NaN,E:\2026\99_seasonTiming\04_RUA\top_speed\Race 12.pdf,2026-04-22 16:34:46,252,
RUA,R12,10,Zach Bates,,18,NaN,NaN,false,NaN,E:\2026\99_seasonTiming\04_RUA\top_speed\Race 12.pdf,2026-04-22 16:34:46,253,
RUA,R12,10,Zach Bates,,19,NaN,NaN,false,NaN,E:\2026\99_seasonTiming\04_RUA\top_speed\Race 12.pdf,2026-04-22 16:34:46,253,
RUA,R12,10,Zach Bates,,20,NaN,NaN,false,NaN,E:\2026\99_seasonTiming\04_RUA\top_speed\Race 12.pdf,2026-04-22 16:34:46,253,
RUA,R12,10,Zach Bates,,21,NaN,NaN,false,NaN,E:\2026\99_seasonTiming\04_RUA\top_speed\Race 12.pdf,2026-04-22 16:34:46,192,
RUA,R12,10,Zach Bates,,22,NaN,NaN,false,NaN,E:\2026\99_seasonTiming\04_RUA\top_speed\Race 12.pdf,2026-04-22 16:34:46,250,
RUA,R12,10,Zach Bates,,23,NaN,NaN,false,NaN,E:\2026\99_seasonTiming\04_RUA\top_speed\Race 12.pdf,2026-04-22 16:34:46,250,
RUA,R12,10,Zach Bates,,24,NaN,NaN,false,NaN,E:\2026\99_seasonTiming\04_RUA\top_speed\Race 12.pdf,2026-04-22 16:34:46,251,
RUA,R12,10,Zach Bates,,25,NaN,NaN,false,NaN,E:\2026\99_seasonTiming\04_RUA\top_speed\Race 12.pdf,2026-04-22 16:34:46,250,
RUA,R12,10,Zach Bates,,26,NaN,NaN,false,NaN,E:\2026\99_seasonTiming\04_RUA\top_speed\Race 12.pdf,2026-04-22 16:34:46,251,
RUA,R12,10,Zach Bates,,27,NaN,NaN,false,NaN,E:\2026\99_seasonTiming\04_RUA\top_speed\Race 12.pdf,2026-04-22 16:34:46,250,
RUA,R12,10,Zach Bates,,28,NaN,NaN,false,NaN,E:\2026\99_seasonTiming\04_RUA\top_speed\Race 12.pdf,2026-04-22 16:34:46,249,
RUA,R12,10,Zach Bates,,29,NaN,NaN,false,NaN,E:\2026\99_seasonTiming\04_RUA\top_speed\Race 12.pdf,2026-04-22 16:34:46,249,
RUA,R12,10,Zach Bates,,30,NaN,NaN,false,NaN,E:\2026\99_seasonTiming\04_RUA\top_speed\Race 12.pdf,2026-04-22 16:34:46,251,
RUA,R12,10,Zach Bates,,31,NaN,NaN,false,NaN,E:\2026\99_seasonTiming\04_RUA\top_speed\Race 12.pdf,2026-04-22 16:34:46,251,
RUA,R12,10,Zach Bates,,32,NaN,NaN,false,NaN,E:\2026\99_seasonTiming\04_RUA\top_speed\Race 12.pdf,2026-04-22 16:34:46,250,
RUA,R12,10,Zach Bates,,33,NaN,NaN,false,NaN,E:\2026\99_seasonTiming\04_RUA\top_speed\Race 12.pdf,2026-04-22 16:34:46,247,
RUA,R12,10,Zach Bates,,34,NaN,NaN,false,NaN,E:\2026\99_seasonTiming\04_RUA\top_speed\Race 12.pdf,2026-04-22 16:34:46,248,
RUA,R12,10,Zach Bates,,35,NaN,NaN,false,NaN,E:\2026\99_seasonTiming\04_RUA\top_speed\Race 12.pdf,2026-04-22 16:34:46,251,
RUA,R12,10,Zach Bates,,36,NaN,NaN,false,NaN,E:\2026\99_seasonTiming\04_RUA\top_speed\Race 12.pdf,2026-04-22 16:34:46,245,
RUA,R12,10,Zach Bates,,37,NaN,NaN,false,NaN,E:\2026\99_seasonTiming\04_RUA\top_speed\Race 12.pdf,2026-04-22 16:34:46,250,
RUA,R12,11,Jackson Walls,,1,NaN,NaN,false,NaN,E:\2026\99_seasonTiming\04_RUA\top_speed\Race 12.pdf,2026-04-22 16:34:46,215,
RUA,R12,11,Jackson Walls,,2,NaN,NaN,false,NaN,E:\2026\99_seasonTiming\04_RUA\top_speed\Race 12.pdf,2026-04-22 16:34:46,237,
RUA,R12,11,Jackson Walls,,3,NaN,NaN,false,NaN,E:\2026\99_seasonTiming\04_RUA\top_speed\Race 12.pdf,2026-04-22 16:34:46,250,
RUA,R12,11,Jackson Walls,,4,NaN,NaN,false,NaN,E:\2026\99_seasonTiming\04_RUA\top_speed\Race 12.pdf,2026-04-22 16:34:46,248,
RUA,R12,11,Jackson Walls,,5,NaN,NaN,false,NaN,E:\2026\99_seasonTiming\04_RUA\top_speed\Race 12.pdf,2026-04-22 16:34:46,249,
RUA,R12,11,Jackson Walls,,6,NaN,NaN,false,NaN,E:\2026\99_seasonTiming\04_RUA\top_speed\Race 12.pdf,2026-04-22 16:34:46,249,
RUA,R12,11,Jackson Walls,,7,NaN,NaN,false,NaN,E:\2026\99_seasonTiming\04_RUA\top_speed\Race 12.pdf,2026-04-22 16:34:46,250,
RUA,R12,11,Jackson Walls,,8,NaN,NaN,false,NaN,E:\2026\99_seasonTiming\04_RUA\top_speed\Race 12.pdf,2026-04-22 16:34:46,249,
RUA,R12,11,Jackson Walls,,9,NaN,NaN,false,NaN,E:\2026\99_seasonTiming\04_RUA\top_speed\Race 12.pdf,2026-04-22 16:34:46,248,
RUA,R12,11,Jackson Walls,,10,NaN,NaN,false,NaN,E:\2026\99_seasonTiming\04_RUA\top_speed\Race 12.pdf,2026-04-22 16:34:46,249,
RUA,R12,11,Jackson Walls,,11,NaN,NaN,false,NaN,E:\2026\99_seasonTiming\04_RUA\top_speed\Race 12.pdf,2026-04-22 16:34:46,250,
RUA,R12,11,Jackson Walls,,12,NaN,NaN,false,NaN,E:\2026\99_seasonTiming\04_RUA\top_speed\Race 12.pdf,2026-04-22 16:34:46,249,
RUA,R12,11,Jackson Walls,,13,NaN,NaN,false,NaN,E:\2026\99_seasonTiming\04_RUA\top_speed\Race 12.pdf,2026-04-22 16:34:46,248,
RUA,R12,11,Jackson Walls,,14,NaN,NaN,false,NaN,E:\2026\99_seasonTiming\04_RUA\top_speed\Race 12.pdf,2026-04-22 16:34:46,248,
RUA,R12,11,Jackson Walls,,15,NaN,NaN,false,NaN,E:\2026\99_seasonTiming\04_RUA\top_speed\Race 12.pdf,2026-04-22 16:34:46,248,
RUA,R12,11,Jackson Walls,,16,NaN,NaN,false,NaN,E:\2026\99_seasonTiming\04_RUA\top_speed\Race 12.pdf,2026-04-22 16:34:46,248,
RUA,R12,11,Jackson Walls,,17,NaN,NaN,false,NaN,E:\2026\99_seasonTiming\04_RUA\top_speed\Race 12.pdf,2026-04-22 16:34:46,190,
RUA,R12,11,Jackson Walls,,18,NaN,NaN,false,NaN,E:\2026\99_seasonTiming\04_RUA\top_speed\Race 12.pdf,2026-04-22 16:34:46,247,
RUA,R12,11,Jackson Walls,,19,NaN,NaN,false,NaN,E:\2026\99_seasonTiming\04_RUA\top_speed\Race 12.pdf,2026-04-22 16:34:46,248,
RUA,R12,11,Jackson Walls,,20,NaN,NaN,false,NaN,E:\2026\99_seasonTiming\04_RUA\top_speed\Race 12.pdf,2026-04-22 16:34:46,247,
RUA,R12,11,Jackson Walls,,21,NaN,NaN,false,NaN,E:\2026\99_seasonTiming\04_RUA\top_speed\Race 12.pdf,2026-04-22 16:34:46,244,
RUA,R12,11,Jackson Walls,,22,NaN,NaN,false,NaN,E:\2026\99_seasonTiming\04_RUA\top_speed\Race 12.pdf,2026-04-22 16:34:46,249,
RUA,R12,11,Jackson Walls,,23,NaN,NaN,false,NaN,E:\2026\99_seasonTiming\04_RUA\top_speed\Race 12.pdf,2026-04-22 16:34:46,249,
RUA,R12,11,Jackson Walls,,24,NaN,NaN,false,NaN,E:\2026\99_seasonTiming\04_RUA\top_speed\Race 12.pdf,2026-04-22 16:34:46,249,
RUA,R12,11,Jackson Walls,,25,NaN,NaN,false,NaN,E:\2026\99_seasonTiming\04_RUA\top_speed\Race 12.pdf,2026-04-22 16:34:46,248,
RUA,R12,11,Jackson Walls,,26,NaN,NaN,false,NaN,E:\2026\99_seasonTiming\04_RUA\top_speed\Race 12.pdf,2026-04-22 16:34:46,248,
RUA,R12,11,Jackson Walls,,27,NaN,NaN,false,NaN,E:\2026\99_seasonTiming\04_RUA\top_speed\Race 12.pdf,2026-04-22 16:34:46,250,
RUA,R12,11,Jackson Walls,,28,NaN,NaN,false,NaN,E:\2026\99_seasonTiming\04_RUA\top_speed\Race 12.pdf,2026-04-22 16:34:46,249,
RUA,R12,11,Jackson Walls,,29,NaN,NaN,false,NaN,E:\2026\99_seasonTiming\04_RUA\top_speed\Race 12.pdf,2026-04-22 16:34:46,246,
RUA,R12,11,Jackson Walls,,30,NaN,NaN,false,NaN,E:\2026\99_seasonTiming\04_RUA\top_speed\Race 12.pdf,2026-04-22 16:34:46,248,
RUA,R12,11,Jackson Walls,,31,NaN,NaN,false,NaN,E:\2026\99_seasonTiming\04_RUA\top_speed\Race 12.pdf,2026-04-22 16:34:46,249,
RUA,R12,11,Jackson Walls,,32,NaN,NaN,false,NaN,E:\2026\99_seasonTiming\04_RUA\top_speed\Race 12.pdf,2026-04-22 16:34:46,247,
RUA,R12,11,Jackson Walls,,33,NaN,NaN,false,NaN,E:\2026\99_seasonTiming\04_RUA\top_speed\Race 12.pdf,2026-04-22 16:34:46,224,
RUA,R12,11,Jackson Walls,,34,NaN,NaN,false,NaN,E:\2026\99_seasonTiming\04_RUA\top_speed\Race 12.pdf,2026-04-22 16:34:46,245,
RUA,R12,11,Jackson Walls,,35,NaN,NaN,false,NaN,E:\2026\99_seasonTiming\04_RUA\top_speed\Race 12.pdf,2026-04-22 16:34:46,245,
RUA,R12,11,Jackson Walls,,36,NaN,NaN,false,NaN,E:\2026\99_seasonTiming\04_RUA\top_speed\Race 12.pdf,2026-04-22 16:34:46,248,
RUA,R12,11,Jackson Walls,,37,NaN,NaN,false,NaN,E:\2026\99_seasonTiming\04_RUA\top_speed\Race 12.pdf,2026-04-22 16:34:46,246,
RUA,R12,14,Cameron Hill,,1,NaN,NaN,false,NaN,E:\2026\99_seasonTiming\04_RUA\top_speed\Race 12.pdf,2026-04-22 16:34:46,186,
RUA,R12,14,Cameron Hill,,2,NaN,NaN,false,NaN,E:\2026\99_seasonTiming\04_RUA\top_speed\Race 12.pdf,2026-04-22 16:34:46,245,
RUA,R12,14,Cameron Hill,,3,NaN,NaN,false,NaN,E:\2026\99_seasonTiming\04_RUA\top_speed\Race 12.pdf,2026-04-22 16:34:46,250,
RUA,R12,14,Cameron Hill,,4,NaN,NaN,false,NaN,E:\2026\99_seasonTiming\04_RUA\top_speed\Race 12.pdf,2026-04-22 16:34:46,251,
RUA,R12,14,Cameron Hill,,5,NaN,NaN,false,NaN,E:\2026\99_seasonTiming\04_RUA\top_speed\Race 12.pdf,2026-04-22 16:34:46,250,
RUA,R12,14,Cameron Hill,,6,NaN,NaN,false,NaN,E:\2026\99_seasonTiming\04_RUA\top_speed\Race 12.pdf,2026-04-22 16:34:46,251,
RUA,R12,14,Cameron Hill,,7,NaN,NaN,false,NaN,E:\2026\99_seasonTiming\04_RUA\top_speed\Race 12.pdf,2026-04-22 16:34:46,251,
RUA,R12,14,Cameron Hill,,8,NaN,NaN,false,NaN,E:\2026\99_seasonTiming\04_RUA\top_speed\Race 12.pdf,2026-04-22 16:34:46,249,
RUA,R12,14,Cameron Hill,,9,NaN,NaN,false,NaN,E:\2026\99_seasonTiming\04_RUA\top_speed\Race 12.pdf,2026-04-22 16:34:46,250,
RUA,R12,14,Cameron Hill,,10,NaN,NaN,false,NaN,E:\2026\99_seasonTiming\04_RUA\top_speed\Race 12.pdf,2026-04-22 16:34:46,251,
RUA,R12,14,Cameron Hill,,11,NaN,NaN,false,NaN,E:\2026\99_seasonTiming\04_RUA\top_speed\Race 12.pdf,2026-04-22 16:34:46,251,
RUA,R12,14,Cameron Hill,,12,NaN,NaN,false,NaN,E:\2026\99_seasonTiming\04_RUA\top_speed\Race 12.pdf,2026-04-22 16:34:46,251,
RUA,R12,14,Cameron Hill,,13,NaN,NaN,false,NaN,E:\2026\99_seasonTiming\04_RUA\top_speed\Race 12.pdf,2026-04-22 16:34:46,191,
RUA,R12,14,Cameron Hill,,14,NaN,NaN,false,NaN,E:\2026\99_seasonTiming\04_RUA\top_speed\Race 12.pdf,2026-04-22 16:34:46,249,
RUA,R12,14,Cameron Hill,,15,NaN,NaN,false,NaN,E:\2026\99_seasonTiming\04_RUA\top_speed\Race 12.pdf,2026-04-22 16:34:46,249,
RUA,R12,14,Cameron Hill,,16,NaN,NaN,false,NaN,E:\2026\99_seasonTiming\04_RUA\top_speed\Race 12.pdf,2026-04-22 16:34:46,249,
RUA,R12,14,Cameron Hill,,17,NaN,NaN,false,NaN,E:\2026\99_seasonTiming\04_RUA\top_speed\Race 12.pdf,2026-04-22 16:34:46,250,
RUA,R12,14,Cameron Hill,,18,NaN,NaN,false,NaN,E:\2026\99_seasonTiming\04_RUA\top_speed\Race 12.pdf,2026-04-22 16:34:46,250,
RUA,R12,14,Cameron Hill,,19,NaN,NaN,false,NaN,E:\2026\99_seasonTiming\04_RUA\top_speed\Race 12.pdf,2026-04-22 16:34:46,250,
RUA,R12,14,Cameron Hill,,20,NaN,NaN,false,NaN,E:\2026\99_seasonTiming\04_RUA\top_speed\Race 12.pdf,2026-04-22 16:34:46,250,
RUA,R12,14,Cameron Hill,,21,NaN,NaN,false,NaN,E:\2026\99_seasonTiming\04_RUA\top_speed\Race 12.pdf,2026-04-22 16:34:46,250,
RUA,R12,14,Cameron Hill,,22,NaN,NaN,false,NaN,E:\2026\99_seasonTiming\04_RUA\top_speed\Race 12.pdf,2026-04-22 16:34:46,251,
RUA,R12,14,Cameron Hill,,23,NaN,NaN,false,NaN,E:\2026\99_seasonTiming\04_RUA\top_speed\Race 12.pdf,2026-04-22 16:34:46,251,
RUA,R12,14,Cameron Hill,,24,NaN,NaN,false,NaN,E:\2026\99_seasonTiming\04_RUA\top_speed\Race 12.pdf,2026-04-22 16:34:46,251,
RUA,R12,14,Cameron Hill,,25,NaN,NaN,false,NaN,E:\2026\99_seasonTiming\04_RUA\top_speed\Race 12.pdf,2026-04-22 16:34:46,251,
RUA,R12,14,Cameron Hill,,26,NaN,NaN,false,NaN,E:\2026\99_seasonTiming\04_RUA\top_speed\Race 12.pdf,2026-04-22 16:34:46,250,
RUA,R12,14,Cameron Hill,,27,NaN,NaN,false,NaN,E:\2026\99_seasonTiming\04_RUA\top_speed\Race 12.pdf,2026-04-22 16:34:46,248,
RUA,R12,14,Cameron Hill,,28,NaN,NaN,false,NaN,E:\2026\99_seasonTiming\04_RUA\top_speed\Race 12.pdf,2026-04-22 16:34:46,250,
RUA,R12,14,Cameron Hill,,29,NaN,NaN,false,NaN,E:\2026\99_seasonTiming\04_RUA\top_speed\Race 12.pdf,2026-04-22 16:34:46,250,
RUA,R12,14,Cameron Hill,,30,NaN,NaN,false,NaN,E:\2026\99_seasonTiming\04_RUA\top_speed\Race 12.pdf,2026-04-22 16:34:46,251,
RUA,R12,14,Cameron Hill,,31,NaN,NaN,false,NaN,E:\2026\99_seasonTiming\04_RUA\top_speed\Race 12.pdf,2026-04-22 16:34:46,250,
RUA,R12,14,Cameron Hill,,32,NaN,NaN,false,NaN,E:\2026\99_seasonTiming\04_RUA\top_speed\Race 12.pdf,2026-04-22 16:34:46,247,
RUA,R12,14,Cameron Hill,,33,NaN,NaN,false,NaN,E:\2026\99_seasonTiming\04_RUA\top_speed\Race 12.pdf,2026-04-22 16:34:46,226,
RUA,R12,14,Cameron Hill,,34,NaN,NaN,false,NaN,E:\2026\99_seasonTiming\04_RUA\top_speed\Race 12.pdf,2026-04-22 16:34:46,248,
RUA,R12,14,Cameron Hill,,35,NaN,NaN,false,NaN,E:\2026\99_seasonTiming\04_RUA\top_speed\Race 12.pdf,2026-04-22 16:34:46,248,
RUA,R12,14,Cameron Hill,,36,NaN,NaN,false,NaN,E:\2026\99_seasonTiming\04_RUA\top_speed\Race 12.pdf,2026-04-22 16:34:46,248,
RUA,R12,14,Cameron Hill,,37,NaN,NaN,false,NaN,E:\2026\99_seasonTiming\04_RUA\top_speed\Race 12.pdf,2026-04-22 16:34:46,246,
RUA,R12,17,Brodie Kostecki,,1,NaN,NaN,false,NaN,E:\2026\99_seasonTiming\04_RUA\top_speed\Race 12.pdf,2026-04-22 16:34:46,203,
RUA,R12,17,Brodie Kostecki,,2,NaN,NaN,false,NaN,E:\2026\99_seasonTiming\04_RUA\top_speed\Race 12.pdf,2026-04-22 16:34:46,250,
RUA,R12,17,Brodie Kostecki,,3,NaN,NaN,false,NaN,E:\2026\99_seasonTiming\04_RUA\top_speed\Race 12.pdf,2026-04-22 16:34:46,249,
RUA,R12,17,Brodie Kostecki,,4,NaN,NaN,false,NaN,E:\2026\99_seasonTiming\04_RUA\top_speed\Race 12.pdf,2026-04-22 16:34:46,250,
RUA,R12,17,Brodie Kostecki,,5,NaN,NaN,false,NaN,E:\2026\99_seasonTiming\04_RUA\top_speed\Race 12.pdf,2026-04-22 16:34:46,250,
RUA,R12,17,Brodie Kostecki,,6,NaN,NaN,false,NaN,E:\2026\99_seasonTiming\04_RUA\top_speed\Race 12.pdf,2026-04-22 16:34:46,251,
RUA,R12,17,Brodie Kostecki,,7,NaN,NaN,false,NaN,E:\2026\99_seasonTiming\04_RUA\top_speed\Race 12.pdf,2026-04-22 16:34:46,251,
RUA,R12,17,Brodie Kostecki,,8,NaN,NaN,false,NaN,E:\2026\99_seasonTiming\04_RUA\top_speed\Race 12.pdf,2026-04-22 16:34:46,250,
RUA,R12,17,Brodie Kostecki,,9,NaN,NaN,false,NaN,E:\2026\99_seasonTiming\04_RUA\top_speed\Race 12.pdf,2026-04-22 16:34:46,250,
RUA,R12,17,Brodie Kostecki,,10,NaN,NaN,false,NaN,E:\2026\99_seasonTiming\04_RUA\top_speed\Race 12.pdf,2026-04-22 16:34:46,250,
RUA,R12,17,Brodie Kostecki,,11,NaN,NaN,false,NaN,E:\2026\99_seasonTiming\04_RUA\top_speed\Race 12.pdf,2026-04-22 16:34:46,250,
RUA,R12,17,Brodie Kostecki,,12,NaN,NaN,false,NaN,E:\2026\99_seasonTiming\04_RUA\top_speed\Race 12.pdf,2026-04-22 16:34:46,249,
RUA,R12,17,Brodie Kostecki,,13,NaN,NaN,false,NaN,E:\2026\99_seasonTiming\04_RUA\top_speed\Race 12.pdf,2026-04-22 16:34:46,251,
RUA,R12,17,Brodie Kostecki,,14,NaN,NaN,false,NaN,E:\2026\99_seasonTiming\04_RUA\top_speed\Race 12.pdf,2026-04-22 16:34:46,194,
RUA,R12,17,Brodie Kostecki,,15,NaN,NaN,false,NaN,E:\2026\99_seasonTiming\04_RUA\top_speed\Race 12.pdf,2026-04-22 16:34:46,251,
RUA,R12,17,Brodie Kostecki,,16,NaN,NaN,false,NaN,E:\2026\99_seasonTiming\04_RUA\top_speed\Race 12.pdf,2026-04-22 16:34:46,250,
RUA,R12,17,Brodie Kostecki,,17,NaN,NaN,false,NaN,E:\2026\99_seasonTiming\04_RUA\top_speed\Race 12.pdf,2026-04-22 16:34:46,251,
RUA,R12,17,Brodie Kostecki,,18,NaN,NaN,false,NaN,E:\2026\99_seasonTiming\04_RUA\top_speed\Race 12.pdf,2026-04-22 16:34:46,252,
RUA,R12,17,Brodie Kostecki,,19,NaN,NaN,false,NaN,E:\2026\99_seasonTiming\04_RUA\top_speed\Race 12.pdf,2026-04-22 16:34:46,252,
RUA,R12,17,Brodie Kostecki,,20,NaN,NaN,false,NaN,E:\2026\99_seasonTiming\04_RUA\top_speed\Race 12.pdf,2026-04-22 16:34:46,253,
RUA,R12,17,Brodie Kostecki,,21,NaN,NaN,false,NaN,E:\2026\99_seasonTiming\04_RUA\top_speed\Race 12.pdf,2026-04-22 16:34:46,252,
RUA,R12,17,Brodie Kostecki,,22,NaN,NaN,false,NaN,E:\2026\99_seasonTiming\04_RUA\top_speed\Race 12.pdf,2026-04-22 16:34:46,251,
RUA,R12,17,Brodie Kostecki,,23,NaN,NaN,false,NaN,E:\2026\99_seasonTiming\04_RUA\top_speed\Race 12.pdf,2026-04-22 16:34:46,252,
RUA,R12,17,Brodie Kostecki,,24,NaN,NaN,false,NaN,E:\2026\99_seasonTiming\04_RUA\top_speed\Race 12.pdf,2026-04-22 16:34:46,253,
RUA,R12,17,Brodie Kostecki,,25,NaN,NaN,false,NaN,E:\2026\99_seasonTiming\04_RUA\top_speed\Race 12.pdf,2026-04-22 16:34:46,253,
RUA,R12,17,Brodie Kostecki,,26,NaN,NaN,false,NaN,E:\2026\99_seasonTiming\04_RUA\top_speed\Race 12.pdf,2026-04-22 16:34:46,230,
RUA,R12,17,Brodie Kostecki,,27,NaN,NaN,false,NaN,E:\2026\99_seasonTiming\04_RUA\top_speed\Race 12.pdf,2026-04-22 16:34:46,250,
RUA,R12,17,Brodie Kostecki,,28,NaN,NaN,false,NaN,E:\2026\99_seasonTiming\04_RUA\top_speed\Race 12.pdf,2026-04-22 16:34:46,248,
RUA,R12,17,Brodie Kostecki,,29,NaN,NaN,false,NaN,E:\2026\99_seasonTiming\04_RUA\top_speed\Race 12.pdf,2026-04-22 16:34:46,249,
RUA,R12,17,Brodie Kostecki,,30,NaN,NaN,false,NaN,E:\2026\99_seasonTiming\04_RUA\top_speed\Race 12.pdf,2026-04-22 16:34:46,250,
RUA,R12,17,Brodie Kostecki,,31,NaN,NaN,false,NaN,E:\2026\99_seasonTiming\04_RUA\top_speed\Race 12.pdf,2026-04-22 16:34:46,250,
RUA,R12,17,Brodie Kostecki,,32,NaN,NaN,false,NaN,E:\2026\99_seasonTiming\04_RUA\top_speed\Race 12.pdf,2026-04-22 16:34:46,249,
RUA,R12,17,Brodie Kostecki,,33,NaN,NaN,false,NaN,E:\2026\99_seasonTiming\04_RUA\top_speed\Race 12.pdf,2026-04-22 16:34:46,249,
RUA,R12,17,Brodie Kostecki,,34,NaN,NaN,false,NaN,E:\2026\99_seasonTiming\04_RUA\top_speed\Race 12.pdf,2026-04-22 16:34:46,248,
RUA,R12,17,Brodie Kostecki,,35,NaN,NaN,false,NaN,E:\2026\99_seasonTiming\04_RUA\top_speed\Race 12.pdf,2026-04-22 16:34:46,247,
RUA,R12,17,Brodie Kostecki,,36,NaN,NaN,false,NaN,E:\2026\99_seasonTiming\04_RUA\top_speed\Race 12.pdf,2026-04-22 16:34:46,247,
RUA,R12,17,Brodie Kostecki,,37,NaN,NaN,false,NaN,E:\2026\99_seasonTiming\04_RUA\top_speed\Race 12.pdf,2026-04-22 16:34:46,242,
RUA,R12,18,Anton De Pasquale,,1,NaN,NaN,false,NaN,E:\2026\99_seasonTiming\04_RUA\top_speed\Race 12.pdf,2026-04-22 16:34:46,198,
RUA,R12,18,Anton De Pasquale,,2,NaN,NaN,false,NaN,E:\2026\99_seasonTiming\04_RUA\top_speed\Race 12.pdf,2026-04-22 16:34:46,251,
RUA,R12,18,Anton De Pasquale,,3,NaN,NaN,false,NaN,E:\2026\99_seasonTiming\04_RUA\top_speed\Race 12.pdf,2026-04-22 16:34:46,251,
RUA,R12,18,Anton De Pasquale,,4,NaN,NaN,false,NaN,E:\2026\99_seasonTiming\04_RUA\top_speed\Race 12.pdf,2026-04-22 16:34:46,250,
RUA,R12,18,Anton De Pasquale,,5,NaN,NaN,false,NaN,E:\2026\99_seasonTiming\04_RUA\top_speed\Race 12.pdf,2026-04-22 16:34:46,251,
RUA,R12,18,Anton De Pasquale,,6,NaN,NaN,false,NaN,E:\2026\99_seasonTiming\04_RUA\top_speed\Race 12.pdf,2026-04-22 16:34:46,251,
RUA,R12,18,Anton De Pasquale,,7,NaN,NaN,false,NaN,E:\2026\99_seasonTiming\04_RUA\top_speed\Race 12.pdf,2026-04-22 16:34:46,251,
RUA,R12,18,Anton De Pasquale,,8,NaN,NaN,false,NaN,E:\2026\99_seasonTiming\04_RUA\top_speed\Race 12.pdf,2026-04-22 16:34:46,249,
RUA,R12,18,Anton De Pasquale,,9,NaN,NaN,false,NaN,E:\2026\99_seasonTiming\04_RUA\top_speed\Race 12.pdf,2026-04-22 16:34:46,251,
RUA,R12,18,Anton De Pasquale,,10,NaN,NaN,false,NaN,E:\2026\99_seasonTiming\04_RUA\top_speed\Race 12.pdf,2026-04-22 16:34:46,251,
RUA,R12,18,Anton De Pasquale,,11,NaN,NaN,false,NaN,E:\2026\99_seasonTiming\04_RUA\top_speed\Race 12.pdf,2026-04-22 16:34:46,251,
RUA,R12,18,Anton De Pasquale,,12,NaN,NaN,false,NaN,E:\2026\99_seasonTiming\04_RUA\top_speed\Race 12.pdf,2026-04-22 16:34:46,250,
RUA,R12,18,Anton De Pasquale,,13,NaN,NaN,false,NaN,E:\2026\99_seasonTiming\04_RUA\top_speed\Race 12.pdf,2026-04-22 16:34:46,193,
RUA,R12,18,Anton De Pasquale,,14,NaN,NaN,false,NaN,E:\2026\99_seasonTiming\04_RUA\top_speed\Race 12.pdf,2026-04-22 16:34:46,250,
RUA,R12,18,Anton De Pasquale,,15,NaN,NaN,false,NaN,E:\2026\99_seasonTiming\04_RUA\top_speed\Race 12.pdf,2026-04-22 16:34:46,251,
RUA,R12,18,Anton De Pasquale,,16,NaN,NaN,false,NaN,E:\2026\99_seasonTiming\04_RUA\top_speed\Race 12.pdf,2026-04-22 16:34:46,251,
RUA,R12,18,Anton De Pasquale,,17,NaN,NaN,false,NaN,E:\2026\99_seasonTiming\04_RUA\top_speed\Race 12.pdf,2026-04-22 16:34:46,251,
RUA,R12,18,Anton De Pasquale,,18,NaN,NaN,false,NaN,E:\2026\99_seasonTiming\04_RUA\top_speed\Race 12.pdf,2026-04-22 16:34:46,252,
RUA,R12,18,Anton De Pasquale,,19,NaN,NaN,false,NaN,E:\2026\99_seasonTiming\04_RUA\top_speed\Race 12.pdf,2026-04-22 16:34:46,252,
RUA,R12,18,Anton De Pasquale,,20,NaN,NaN,false,NaN,E:\2026\99_seasonTiming\04_RUA\top_speed\Race 12.pdf,2026-04-22 16:34:46,252,
RUA,R12,18,Anton De Pasquale,,21,NaN,NaN,false,NaN,E:\2026\99_seasonTiming\04_RUA\top_speed\Race 12.pdf,2026-04-22 16:34:46,251,
RUA,R12,18,Anton De Pasquale,,22,NaN,NaN,false,NaN,E:\2026\99_seasonTiming\04_RUA\top_speed\Race 12.pdf,2026-04-22 16:34:46,251,
RUA,R12,18,Anton De Pasquale,,23,NaN,NaN,false,NaN,E:\2026\99_seasonTiming\04_RUA\top_speed\Race 12.pdf,2026-04-22 16:34:46,251,
RUA,R12,18,Anton De Pasquale,,24,NaN,NaN,false,NaN,E:\2026\99_seasonTiming\04_RUA\top_speed\Race 12.pdf,2026-04-22 16:34:46,251,
RUA,R12,18,Anton De Pasquale,,25,NaN,NaN,false,NaN,E:\2026\99_seasonTiming\04_RUA\top_speed\Race 12.pdf,2026-04-22 16:34:46,251,
RUA,R12,18,Anton De Pasquale,,26,NaN,NaN,false,NaN,E:\2026\99_seasonTiming\04_RUA\top_speed\Race 12.pdf,2026-04-22 16:34:46,252,
RUA,R12,18,Anton De Pasquale,,27,NaN,NaN,false,NaN,E:\2026\99_seasonTiming\04_RUA\top_speed\Race 12.pdf,2026-04-22 16:34:46,253,
RUA,R12,18,Anton De Pasquale,,28,NaN,NaN,false,NaN,E:\2026\99_seasonTiming\04_RUA\top_speed\Race 12.pdf,2026-04-22 16:34:46,250,
RUA,R12,18,Anton De Pasquale,,29,NaN,NaN,false,NaN,E:\2026\99_seasonTiming\04_RUA\top_speed\Race 12.pdf,2026-04-22 16:34:46,251,
RUA,R12,18,Anton De Pasquale,,30,NaN,NaN,false,NaN,E:\2026\99_seasonTiming\04_RUA\top_speed\Race 12.pdf,2026-04-22 16:34:46,252,
RUA,R12,18,Anton De Pasquale,,31,NaN,NaN,false,NaN,E:\2026\99_seasonTiming\04_RUA\top_speed\Race 12.pdf,2026-04-22 16:34:46,254,
RUA,R12,18,Anton De Pasquale,,32,NaN,NaN,false,NaN,E:\2026\99_seasonTiming\04_RUA\top_speed\Race 12.pdf,2026-04-22 16:34:46,250,
RUA,R12,18,Anton De Pasquale,,33,NaN,NaN,false,NaN,E:\2026\99_seasonTiming\04_RUA\top_speed\Race 12.pdf,2026-04-22 16:34:46,250,
RUA,R12,18,Anton De Pasquale,,34,NaN,NaN,false,NaN,E:\2026\99_seasonTiming\04_RUA\top_speed\Race 12.pdf,2026-04-22 16:34:46,248,
RUA,R12,18,Anton De Pasquale,,35,NaN,NaN,false,NaN,E:\2026\99_seasonTiming\04_RUA\top_speed\Race 12.pdf,2026-04-22 16:34:46,250,
RUA,R12,18,Anton De Pasquale,,36,NaN,NaN,false,NaN,E:\2026\99_seasonTiming\04_RUA\top_speed\Race 12.pdf,2026-04-22 16:34:46,249,
RUA,R12,18,Anton De Pasquale,,37,NaN,NaN,false,NaN,E:\2026\99_seasonTiming\04_RUA\top_speed\Race 12.pdf,2026-04-22 16:34:46,251,
RUA,R12,19,Matthew Payne,,1,NaN,NaN,false,NaN,E:\2026\99_seasonTiming\04_RUA\top_speed\Race 12.pdf,2026-04-22 16:34:46,199,
RUA,R12,19,Matthew Payne,,2,NaN,NaN,false,NaN,E:\2026\99_seasonTiming\04_RUA\top_speed\Race 12.pdf,2026-04-22 16:34:46,247,
RUA,R12,19,Matthew Payne,,3,NaN,NaN,false,NaN,E:\2026\99_seasonTiming\04_RUA\top_speed\Race 12.pdf,2026-04-22 16:34:46,246,
RUA,R12,19,Matthew Payne,,4,NaN,NaN,false,NaN,E:\2026\99_seasonTiming\04_RUA\top_speed\Race 12.pdf,2026-04-22 16:34:46,246,
RUA,R12,19,Matthew Payne,,5,NaN,NaN,false,NaN,E:\2026\99_seasonTiming\04_RUA\top_speed\Race 12.pdf,2026-04-22 16:34:46,246,
RUA,R12,19,Matthew Payne,,6,NaN,NaN,false,NaN,E:\2026\99_seasonTiming\04_RUA\top_speed\Race 12.pdf,2026-04-22 16:34:46,247,
RUA,R12,19,Matthew Payne,,7,NaN,NaN,false,NaN,E:\2026\99_seasonTiming\04_RUA\top_speed\Race 12.pdf,2026-04-22 16:34:46,246,
RUA,R12,19,Matthew Payne,,8,NaN,NaN,false,NaN,E:\2026\99_seasonTiming\04_RUA\top_speed\Race 12.pdf,2026-04-22 16:34:46,246,
RUA,R12,19,Matthew Payne,,9,NaN,NaN,false,NaN,E:\2026\99_seasonTiming\04_RUA\top_speed\Race 12.pdf,2026-04-22 16:34:46,246,
RUA,R12,19,Matthew Payne,,10,NaN,NaN,false,NaN,E:\2026\99_seasonTiming\04_RUA\top_speed\Race 12.pdf,2026-04-22 16:34:46,248,
RUA,R12,19,Matthew Payne,,11,NaN,NaN,false,NaN,E:\2026\99_seasonTiming\04_RUA\top_speed\Race 12.pdf,2026-04-22 16:34:46,247,
RUA,R12,19,Matthew Payne,,12,NaN,NaN,false,NaN,E:\2026\99_seasonTiming\04_RUA\top_speed\Race 12.pdf,2026-04-22 16:34:46,247,
RUA,R12,19,Matthew Payne,,13,NaN,NaN,false,NaN,E:\2026\99_seasonTiming\04_RUA\top_speed\Race 12.pdf,2026-04-22 16:34:46,247,
RUA,R12,19,Matthew Payne,,14,NaN,NaN,false,NaN,E:\2026\99_seasonTiming\04_RUA\top_speed\Race 12.pdf,2026-04-22 16:34:46,248,
RUA,R12,19,Matthew Payne,,15,NaN,NaN,false,NaN,E:\2026\99_seasonTiming\04_RUA\top_speed\Race 12.pdf,2026-04-22 16:34:46,248,
RUA,R12,19,Matthew Payne,,16,NaN,NaN,false,NaN,E:\2026\99_seasonTiming\04_RUA\top_speed\Race 12.pdf,2026-04-22 16:34:46,248,
RUA,R12,19,Matthew Payne,,17,NaN,NaN,false,NaN,E:\2026\99_seasonTiming\04_RUA\top_speed\Race 12.pdf,2026-04-22 16:34:46,249,
RUA,R12,19,Matthew Payne,,18,NaN,NaN,false,NaN,E:\2026\99_seasonTiming\04_RUA\top_speed\Race 12.pdf,2026-04-22 16:34:46,250,
RUA,R12,19,Matthew Payne,,19,NaN,NaN,false,NaN,E:\2026\99_seasonTiming\04_RUA\top_speed\Race 12.pdf,2026-04-22 16:34:46,250,
RUA,R12,19,Matthew Payne,,20,NaN,NaN,false,NaN,E:\2026\99_seasonTiming\04_RUA\top_speed\Race 12.pdf,2026-04-22 16:34:46,251,
RUA,R12,19,Matthew Payne,,21,NaN,NaN,false,NaN,E:\2026\99_seasonTiming\04_RUA\top_speed\Race 12.pdf,2026-04-22 16:34:46,191,
RUA,R12,19,Matthew Payne,,22,NaN,NaN,false,NaN,E:\2026\99_seasonTiming\04_RUA\top_speed\Race 12.pdf,2026-04-22 16:34:46,248,
RUA,R12,19,Matthew Payne,,23,NaN,NaN,false,NaN,E:\2026\99_seasonTiming\04_RUA\top_speed\Race 12.pdf,2026-04-22 16:34:46,248,
RUA,R12,19,Matthew Payne,,24,NaN,NaN,false,NaN,E:\2026\99_seasonTiming\04_RUA\top_speed\Race 12.pdf,2026-04-22 16:34:46,233,
RUA,R12,19,Matthew Payne,,25,NaN,NaN,false,NaN,E:\2026\99_seasonTiming\04_RUA\top_speed\Race 12.pdf,2026-04-22 16:34:46,243,
RUA,R12,19,Matthew Payne,,26,NaN,NaN,false,NaN,E:\2026\99_seasonTiming\04_RUA\top_speed\Race 12.pdf,2026-04-22 16:34:46,248,
RUA,R12,19,Matthew Payne,,27,NaN,NaN,false,NaN,E:\2026\99_seasonTiming\04_RUA\top_speed\Race 12.pdf,2026-04-22 16:34:46,247,
RUA,R12,19,Matthew Payne,,28,NaN,NaN,false,NaN,E:\2026\99_seasonTiming\04_RUA\top_speed\Race 12.pdf,2026-04-22 16:34:46,242,
RUA,R12,19,Matthew Payne,,29,NaN,NaN,false,NaN,E:\2026\99_seasonTiming\04_RUA\top_speed\Race 12.pdf,2026-04-22 16:34:46,242,
RUA,R12,19,Matthew Payne,,30,NaN,NaN,false,NaN,E:\2026\99_seasonTiming\04_RUA\top_speed\Race 12.pdf,2026-04-22 16:34:46,245,
RUA,R12,19,Matthew Payne,,31,NaN,NaN,false,NaN,E:\2026\99_seasonTiming\04_RUA\top_speed\Race 12.pdf,2026-04-22 16:34:46,244,
RUA,R12,19,Matthew Payne,,32,NaN,NaN,false,NaN,E:\2026\99_seasonTiming\04_RUA\top_speed\Race 12.pdf,2026-04-22 16:34:46,236,
RUA,R12,19,Matthew Payne,,33,NaN,NaN,false,NaN,E:\2026\99_seasonTiming\04_RUA\top_speed\Race 12.pdf,2026-04-22 16:34:46,245,
RUA,R12,19,Matthew Payne,,34,NaN,NaN,false,NaN,E:\2026\99_seasonTiming\04_RUA\top_speed\Race 12.pdf,2026-04-22 16:34:46,244,
RUA,R12,19,Matthew Payne,,35,NaN,NaN,false,NaN,E:\2026\99_seasonTiming\04_RUA\top_speed\Race 12.pdf,2026-04-22 16:34:46,242,
RUA,R12,19,Matthew Payne,,36,NaN,NaN,false,NaN,E:\2026\99_seasonTiming\04_RUA\top_speed\Race 12.pdf,2026-04-22 16:34:46,240,
RUA,R12,19,Matthew Payne,,37,NaN,NaN,false,NaN,E:\2026\99_seasonTiming\04_RUA\top_speed\Race 12.pdf,2026-04-22 16:34:46,246,
RUA,R12,20,David Reynolds,,1,NaN,NaN,false,NaN,E:\2026\99_seasonTiming\04_RUA\top_speed\Race 12.pdf,2026-04-22 16:34:46,188,
RUA,R12,20,David Reynolds,,2,NaN,NaN,false,NaN,E:\2026\99_seasonTiming\04_RUA\top_speed\Race 12.pdf,2026-04-22 16:34:46,240,
RUA,R12,20,David Reynolds,,3,NaN,NaN,false,NaN,E:\2026\99_seasonTiming\04_RUA\top_speed\Race 12.pdf,2026-04-22 16:34:46,251,
RUA,R12,20,David Reynolds,,4,NaN,NaN,false,NaN,E:\2026\99_seasonTiming\04_RUA\top_speed\Race 12.pdf,2026-04-22 16:34:46,250,
RUA,R12,20,David Reynolds,,5,NaN,NaN,false,NaN,E:\2026\99_seasonTiming\04_RUA\top_speed\Race 12.pdf,2026-04-22 16:34:46,244,
RUA,R12,20,David Reynolds,,6,NaN,NaN,false,NaN,E:\2026\99_seasonTiming\04_RUA\top_speed\Race 12.pdf,2026-04-22 16:34:46,254,
RUA,R12,20,David Reynolds,,7,NaN,NaN,false,NaN,E:\2026\99_seasonTiming\04_RUA\top_speed\Race 12.pdf,2026-04-22 16:34:46,249,
RUA,R12,20,David Reynolds,,8,NaN,NaN,false,NaN,E:\2026\99_seasonTiming\04_RUA\top_speed\Race 12.pdf,2026-04-22 16:34:46,248,
RUA,R12,20,David Reynolds,,9,NaN,NaN,false,NaN,E:\2026\99_seasonTiming\04_RUA\top_speed\Race 12.pdf,2026-04-22 16:34:46,248,
RUA,R12,20,David Reynolds,,10,NaN,NaN,false,NaN,E:\2026\99_seasonTiming\04_RUA\top_speed\Race 12.pdf,2026-04-22 16:34:46,249,
RUA,R12,20,David Reynolds,,11,NaN,NaN,false,NaN,E:\2026\99_seasonTiming\04_RUA\top_speed\Race 12.pdf,2026-04-22 16:34:46,248,
RUA,R12,20,David Reynolds,,12,NaN,NaN,false,NaN,E:\2026\99_seasonTiming\04_RUA\top_speed\Race 12.pdf,2026-04-22 16:34:46,249,
RUA,R12,20,David Reynolds,,13,NaN,NaN,false,NaN,E:\2026\99_seasonTiming\04_RUA\top_speed\Race 12.pdf,2026-04-22 16:34:46,248,
RUA,R12,20,David Reynolds,,14,NaN,NaN,false,NaN,E:\2026\99_seasonTiming\04_RUA\top_speed\Race 12.pdf,2026-04-22 16:34:46,249,
RUA,R12,20,David Reynolds,,15,NaN,NaN,false,NaN,E:\2026\99_seasonTiming\04_RUA\top_speed\Race 12.pdf,2026-04-22 16:34:46,190,
RUA,R12,20,David Reynolds,,16,NaN,NaN,false,NaN,E:\2026\99_seasonTiming\04_RUA\top_speed\Race 12.pdf,2026-04-22 16:34:46,248,
RUA,R12,20,David Reynolds,,17,NaN,NaN,false,NaN,E:\2026\99_seasonTiming\04_RUA\top_speed\Race 12.pdf,2026-04-22 16:34:46,248,
RUA,R12,20,David Reynolds,,18,NaN,NaN,false,NaN,E:\2026\99_seasonTiming\04_RUA\top_speed\Race 12.pdf,2026-04-22 16:34:46,248,
RUA,R12,20,David Reynolds,,19,NaN,NaN,false,NaN,E:\2026\99_seasonTiming\04_RUA\top_speed\Race 12.pdf,2026-04-22 16:34:46,248,
RUA,R12,20,David Reynolds,,20,NaN,NaN,false,NaN,E:\2026\99_seasonTiming\04_RUA\top_speed\Race 12.pdf,2026-04-22 16:34:46,248,
RUA,R12,20,David Reynolds,,21,NaN,NaN,false,NaN,E:\2026\99_seasonTiming\04_RUA\top_speed\Race 12.pdf,2026-04-22 16:34:46,222,
RUA,R12,20,David Reynolds,,22,NaN,NaN,false,NaN,E:\2026\99_seasonTiming\04_RUA\top_speed\Race 12.pdf,2026-04-22 16:34:46,227,
RUA,R12,20,David Reynolds,,23,NaN,NaN,false,NaN,E:\2026\99_seasonTiming\04_RUA\top_speed\Race 12.pdf,2026-04-22 16:34:46,242,
RUA,R12,20,David Reynolds,,24,NaN,NaN,false,NaN,E:\2026\99_seasonTiming\04_RUA\top_speed\Race 12.pdf,2026-04-22 16:34:46,251,
RUA,R12,20,David Reynolds,,25,NaN,NaN,false,NaN,E:\2026\99_seasonTiming\04_RUA\top_speed\Race 12.pdf,2026-04-22 16:34:46,249,
RUA,R12,20,David Reynolds,,26,NaN,NaN,false,NaN,E:\2026\99_seasonTiming\04_RUA\top_speed\Race 12.pdf,2026-04-22 16:34:46,249,
RUA,R12,20,David Reynolds,,27,NaN,NaN,false,NaN,E:\2026\99_seasonTiming\04_RUA\top_speed\Race 12.pdf,2026-04-22 16:34:46,248,
RUA,R12,20,David Reynolds,,28,NaN,NaN,false,NaN,E:\2026\99_seasonTiming\04_RUA\top_speed\Race 12.pdf,2026-04-22 16:34:46,250,
RUA,R12,20,David Reynolds,,29,NaN,NaN,false,NaN,E:\2026\99_seasonTiming\04_RUA\top_speed\Race 12.pdf,2026-04-22 16:34:46,248,
RUA,R12,20,David Reynolds,,30,NaN,NaN,false,NaN,E:\2026\99_seasonTiming\04_RUA\top_speed\Race 12.pdf,2026-04-22 16:34:46,249,
RUA,R12,20,David Reynolds,,31,NaN,NaN,false,NaN,E:\2026\99_seasonTiming\04_RUA\top_speed\Race 12.pdf,2026-04-22 16:34:46,248,
RUA,R12,20,David Reynolds,,32,NaN,NaN,false,NaN,E:\2026\99_seasonTiming\04_RUA\top_speed\Race 12.pdf,2026-04-22 16:34:46,237,
RUA,R12,20,David Reynolds,,33,NaN,NaN,false,NaN,E:\2026\99_seasonTiming\04_RUA\top_speed\Race 12.pdf,2026-04-22 16:34:46,249,
RUA,R12,20,David Reynolds,,34,NaN,NaN,false,NaN,E:\2026\99_seasonTiming\04_RUA\top_speed\Race 12.pdf,2026-04-22 16:34:46,248,
RUA,R12,20,David Reynolds,,35,NaN,NaN,false,NaN,E:\2026\99_seasonTiming\04_RUA\top_speed\Race 12.pdf,2026-04-22 16:34:46,249,
RUA,R12,20,David Reynolds,,36,NaN,NaN,false,NaN,E:\2026\99_seasonTiming\04_RUA\top_speed\Race 12.pdf,2026-04-22 16:34:46,249,
RUA,R12,20,David Reynolds,,37,NaN,NaN,false,NaN,E:\2026\99_seasonTiming\04_RUA\top_speed\Race 12.pdf,2026-04-22 16:34:46,249,
RUA,R12,26,Kai Allen,,1,NaN,NaN,false,NaN,E:\2026\99_seasonTiming\04_RUA\top_speed\Race 12.pdf,2026-04-22 16:34:46,199,
RUA,R12,26,Kai Allen,,2,NaN,NaN,false,NaN,E:\2026\99_seasonTiming\04_RUA\top_speed\Race 12.pdf,2026-04-22 16:34:46,246,
RUA,R12,26,Kai Allen,,3,NaN,NaN,false,NaN,E:\2026\99_seasonTiming\04_RUA\top_speed\Race 12.pdf,2026-04-22 16:34:46,250,
RUA,R12,26,Kai Allen,,4,NaN,NaN,false,NaN,E:\2026\99_seasonTiming\04_RUA\top_speed\Race 12.pdf,2026-04-22 16:34:46,251,
RUA,R12,26,Kai Allen,,5,NaN,NaN,false,NaN,E:\2026\99_seasonTiming\04_RUA\top_speed\Race 12.pdf,2026-04-22 16:34:46,248,
RUA,R12,26,Kai Allen,,6,NaN,NaN,false,NaN,E:\2026\99_seasonTiming\04_RUA\top_speed\Race 12.pdf,2026-04-22 16:34:46,249,
RUA,R12,26,Kai Allen,,7,NaN,NaN,false,NaN,E:\2026\99_seasonTiming\04_RUA\top_speed\Race 12.pdf,2026-04-22 16:34:46,250,
RUA,R12,26,Kai Allen,,8,NaN,NaN,false,NaN,E:\2026\99_seasonTiming\04_RUA\top_speed\Race 12.pdf,2026-04-22 16:34:46,249,
RUA,R12,26,Kai Allen,,9,NaN,NaN,false,NaN,E:\2026\99_seasonTiming\04_RUA\top_speed\Race 12.pdf,2026-04-22 16:34:46,250,
RUA,R12,26,Kai Allen,,10,NaN,NaN,false,NaN,E:\2026\99_seasonTiming\04_RUA\top_speed\Race 12.pdf,2026-04-22 16:34:46,251,
RUA,R12,26,Kai Allen,,11,NaN,NaN,false,NaN,E:\2026\99_seasonTiming\04_RUA\top_speed\Race 12.pdf,2026-04-22 16:34:46,250,
RUA,R12,26,Kai Allen,,12,NaN,NaN,false,NaN,E:\2026\99_seasonTiming\04_RUA\top_speed\Race 12.pdf,2026-04-22 16:34:46,252,
RUA,R12,26,Kai Allen,,13,NaN,NaN,false,NaN,E:\2026\99_seasonTiming\04_RUA\top_speed\Race 12.pdf,2026-04-22 16:34:46,252,
RUA,R12,26,Kai Allen,,14,NaN,NaN,false,NaN,E:\2026\99_seasonTiming\04_RUA\top_speed\Race 12.pdf,2026-04-22 16:34:46,189,
RUA,R12,26,Kai Allen,,15,NaN,NaN,false,NaN,E:\2026\99_seasonTiming\04_RUA\top_speed\Race 12.pdf,2026-04-22 16:34:46,248,
RUA,R12,26,Kai Allen,,16,NaN,NaN,false,NaN,E:\2026\99_seasonTiming\04_RUA\top_speed\Race 12.pdf,2026-04-22 16:34:46,249,
RUA,R12,26,Kai Allen,,17,NaN,NaN,false,NaN,E:\2026\99_seasonTiming\04_RUA\top_speed\Race 12.pdf,2026-04-22 16:34:46,249,
RUA,R12,26,Kai Allen,,18,NaN,NaN,false,NaN,E:\2026\99_seasonTiming\04_RUA\top_speed\Race 12.pdf,2026-04-22 16:34:46,249,
RUA,R12,26,Kai Allen,,19,NaN,NaN,false,NaN,E:\2026\99_seasonTiming\04_RUA\top_speed\Race 12.pdf,2026-04-22 16:34:46,250,
RUA,R12,26,Kai Allen,,20,NaN,NaN,false,NaN,E:\2026\99_seasonTiming\04_RUA\top_speed\Race 12.pdf,2026-04-22 16:34:46,252,
RUA,R12,26,Kai Allen,,21,NaN,NaN,false,NaN,E:\2026\99_seasonTiming\04_RUA\top_speed\Race 12.pdf,2026-04-22 16:34:46,249,
RUA,R12,26,Kai Allen,,22,NaN,NaN,false,NaN,E:\2026\99_seasonTiming\04_RUA\top_speed\Race 12.pdf,2026-04-22 16:34:46,250,
RUA,R12,26,Kai Allen,,23,NaN,NaN,false,NaN,E:\2026\99_seasonTiming\04_RUA\top_speed\Race 12.pdf,2026-04-22 16:34:46,250,
RUA,R12,26,Kai Allen,,24,NaN,NaN,false,NaN,E:\2026\99_seasonTiming\04_RUA\top_speed\Race 12.pdf,2026-04-22 16:34:46,250,
RUA,R12,26,Kai Allen,,25,NaN,NaN,false,NaN,E:\2026\99_seasonTiming\04_RUA\top_speed\Race 12.pdf,2026-04-22 16:34:46,250,
RUA,R12,26,Kai Allen,,26,NaN,NaN,false,NaN,E:\2026\99_seasonTiming\04_RUA\top_speed\Race 12.pdf,2026-04-22 16:34:46,249,
RUA,R12,26,Kai Allen,,27,NaN,NaN,false,NaN,E:\2026\99_seasonTiming\04_RUA\top_speed\Race 12.pdf,2026-04-22 16:34:46,249,
RUA,R12,26,Kai Allen,,28,NaN,NaN,false,NaN,E:\2026\99_seasonTiming\04_RUA\top_speed\Race 12.pdf,2026-04-22 16:34:46,249,
RUA,R12,26,Kai Allen,,29,NaN,NaN,false,NaN,E:\2026\99_seasonTiming\04_RUA\top_speed\Race 12.pdf,2026-04-22 16:34:46,250,
RUA,R12,26,Kai Allen,,30,NaN,NaN,false,NaN,E:\2026\99_seasonTiming\04_RUA\top_speed\Race 12.pdf,2026-04-22 16:34:46,252,
RUA,R12,26,Kai Allen,,31,NaN,NaN,false,NaN,E:\2026\99_seasonTiming\04_RUA\top_speed\Race 12.pdf,2026-04-22 16:34:46,254,
RUA,R12,26,Kai Allen,,32,NaN,NaN,false,NaN,E:\2026\99_seasonTiming\04_RUA\top_speed\Race 12.pdf,2026-04-22 16:34:46,250,
RUA,R12,26,Kai Allen,,33,NaN,NaN,false,NaN,E:\2026\99_seasonTiming\04_RUA\top_speed\Race 12.pdf,2026-04-22 16:34:46,251,
RUA,R12,26,Kai Allen,,34,NaN,NaN,false,NaN,E:\2026\99_seasonTiming\04_RUA\top_speed\Race 12.pdf,2026-04-22 16:34:46,250,
RUA,R12,26,Kai Allen,,35,NaN,NaN,false,NaN,E:\2026\99_seasonTiming\04_RUA\top_speed\Race 12.pdf,2026-04-22 16:34:46,250,
RUA,R12,26,Kai Allen,,36,NaN,NaN,false,NaN,E:\2026\99_seasonTiming\04_RUA\top_speed\Race 12.pdf,2026-04-22 16:34:46,250,
RUA,R12,26,Kai Allen,,37,NaN,NaN,false,NaN,E:\2026\99_seasonTiming\04_RUA\top_speed\Race 12.pdf,2026-04-22 16:34:46,251,
RUA,R12,31,Jayden Ojeda,,1,NaN,NaN,false,NaN,E:\2026\99_seasonTiming\04_RUA\top_speed\Race 12.pdf,2026-04-22 16:34:46,208,
RUA,R12,31,Jayden Ojeda,,2,NaN,NaN,false,NaN,E:\2026\99_seasonTiming\04_RUA\top_speed\Race 12.pdf,2026-04-22 16:34:46,249,
RUA,R12,31,Jayden Ojeda,,3,NaN,NaN,false,NaN,E:\2026\99_seasonTiming\04_RUA\top_speed\Race 12.pdf,2026-04-22 16:34:46,245,
RUA,R12,31,Jayden Ojeda,,4,NaN,NaN,false,NaN,E:\2026\99_seasonTiming\04_RUA\top_speed\Race 12.pdf,2026-04-22 16:34:46,246,
RUA,R12,31,Jayden Ojeda,,5,NaN,NaN,false,NaN,E:\2026\99_seasonTiming\04_RUA\top_speed\Race 12.pdf,2026-04-22 16:34:46,251,
RUA,R12,31,Jayden Ojeda,,6,NaN,NaN,false,NaN,E:\2026\99_seasonTiming\04_RUA\top_speed\Race 12.pdf,2026-04-22 16:34:46,250,
RUA,R12,31,Jayden Ojeda,,7,NaN,NaN,false,NaN,E:\2026\99_seasonTiming\04_RUA\top_speed\Race 12.pdf,2026-04-22 16:34:46,252,
RUA,R12,31,Jayden Ojeda,,8,NaN,NaN,false,NaN,E:\2026\99_seasonTiming\04_RUA\top_speed\Race 12.pdf,2026-04-22 16:34:46,248,
RUA,R12,31,Jayden Ojeda,,9,NaN,NaN,false,NaN,E:\2026\99_seasonTiming\04_RUA\top_speed\Race 12.pdf,2026-04-22 16:34:46,249,
RUA,R12,31,Jayden Ojeda,,10,NaN,NaN,false,NaN,E:\2026\99_seasonTiming\04_RUA\top_speed\Race 12.pdf,2026-04-22 16:34:46,251,
RUA,R12,31,Jayden Ojeda,,11,NaN,NaN,false,NaN,E:\2026\99_seasonTiming\04_RUA\top_speed\Race 12.pdf,2026-04-22 16:34:46,251,
RUA,R12,31,Jayden Ojeda,,12,NaN,NaN,false,NaN,E:\2026\99_seasonTiming\04_RUA\top_speed\Race 12.pdf,2026-04-22 16:34:46,249,
RUA,R12,31,Jayden Ojeda,,13,NaN,NaN,false,NaN,E:\2026\99_seasonTiming\04_RUA\top_speed\Race 12.pdf,2026-04-22 16:34:46,250,
RUA,R12,31,Jayden Ojeda,,14,NaN,NaN,false,NaN,E:\2026\99_seasonTiming\04_RUA\top_speed\Race 12.pdf,2026-04-22 16:34:46,251,
RUA,R12,31,Jayden Ojeda,,15,NaN,NaN,false,NaN,E:\2026\99_seasonTiming\04_RUA\top_speed\Race 12.pdf,2026-04-22 16:34:46,250,
RUA,R12,31,Jayden Ojeda,,16,NaN,NaN,false,NaN,E:\2026\99_seasonTiming\04_RUA\top_speed\Race 12.pdf,2026-04-22 16:34:46,252,
RUA,R12,31,Jayden Ojeda,,17,NaN,NaN,false,NaN,E:\2026\99_seasonTiming\04_RUA\top_speed\Race 12.pdf,2026-04-22 16:34:46,252,
RUA,R12,31,Jayden Ojeda,,18,NaN,NaN,false,NaN,E:\2026\99_seasonTiming\04_RUA\top_speed\Race 12.pdf,2026-04-22 16:34:46,253,
RUA,R12,31,Jayden Ojeda,,19,NaN,NaN,false,NaN,E:\2026\99_seasonTiming\04_RUA\top_speed\Race 12.pdf,2026-04-22 16:34:46,252,
RUA,R12,31,Jayden Ojeda,,20,NaN,NaN,false,NaN,E:\2026\99_seasonTiming\04_RUA\top_speed\Race 12.pdf,2026-04-22 16:34:46,192,
RUA,R12,31,Jayden Ojeda,,21,NaN,NaN,false,NaN,E:\2026\99_seasonTiming\04_RUA\top_speed\Race 12.pdf,2026-04-22 16:34:46,249,
RUA,R12,31,Jayden Ojeda,,22,NaN,NaN,false,NaN,E:\2026\99_seasonTiming\04_RUA\top_speed\Race 12.pdf,2026-04-22 16:34:46,250,
RUA,R12,31,Jayden Ojeda,,23,NaN,NaN,false,NaN,E:\2026\99_seasonTiming\04_RUA\top_speed\Race 12.pdf,2026-04-22 16:34:46,250,
RUA,R12,31,Jayden Ojeda,,24,NaN,NaN,false,NaN,E:\2026\99_seasonTiming\04_RUA\top_speed\Race 12.pdf,2026-04-22 16:34:46,250,
RUA,R12,31,Jayden Ojeda,,25,NaN,NaN,false,NaN,E:\2026\99_seasonTiming\04_RUA\top_speed\Race 12.pdf,2026-04-22 16:34:46,249,
RUA,R12,31,Jayden Ojeda,,26,NaN,NaN,false,NaN,E:\2026\99_seasonTiming\04_RUA\top_speed\Race 12.pdf,2026-04-22 16:34:46,248,
RUA,R12,31,Jayden Ojeda,,27,NaN,NaN,false,NaN,E:\2026\99_seasonTiming\04_RUA\top_speed\Race 12.pdf,2026-04-22 16:34:46,250,
RUA,R12,31,Jayden Ojeda,,28,NaN,NaN,false,NaN,E:\2026\99_seasonTiming\04_RUA\top_speed\Race 12.pdf,2026-04-22 16:34:46,248,
RUA,R12,31,Jayden Ojeda,,29,NaN,NaN,false,NaN,E:\2026\99_seasonTiming\04_RUA\top_speed\Race 12.pdf,2026-04-22 16:34:46,242,
RUA,R12,31,Jayden Ojeda,,30,NaN,NaN,false,NaN,E:\2026\99_seasonTiming\04_RUA\top_speed\Race 12.pdf,2026-04-22 16:34:46,250,
RUA,R12,31,Jayden Ojeda,,31,NaN,NaN,false,NaN,E:\2026\99_seasonTiming\04_RUA\top_speed\Race 12.pdf,2026-04-22 16:34:46,251,
RUA,R12,31,Jayden Ojeda,,32,NaN,NaN,false,NaN,E:\2026\99_seasonTiming\04_RUA\top_speed\Race 12.pdf,2026-04-22 16:34:46,245,
RUA,R12,31,Jayden Ojeda,,33,NaN,NaN,false,NaN,E:\2026\99_seasonTiming\04_RUA\top_speed\Race 12.pdf,2026-04-22 16:34:46,249,
RUA,R12,31,Jayden Ojeda,,34,NaN,NaN,false,NaN,E:\2026\99_seasonTiming\04_RUA\top_speed\Race 12.pdf,2026-04-22 16:34:46,247,
RUA,R12,31,Jayden Ojeda,,35,NaN,NaN,false,NaN,E:\2026\99_seasonTiming\04_RUA\top_speed\Race 12.pdf,2026-04-22 16:34:46,249,
RUA,R12,31,Jayden Ojeda,,36,NaN,NaN,false,NaN,E:\2026\99_seasonTiming\04_RUA\top_speed\Race 12.pdf,2026-04-22 16:34:46,252,
RUA,R12,31,Jayden Ojeda,,37,NaN,NaN,false,NaN,E:\2026\99_seasonTiming\04_RUA\top_speed\Race 12.pdf,2026-04-22 16:34:46,245,
RUA,R12,38,Rylan Gray,,1,NaN,NaN,false,NaN,E:\2026\99_seasonTiming\04_RUA\top_speed\Race 12.pdf,2026-04-22 16:34:46,199,
RUA,R12,38,Rylan Gray,,2,NaN,NaN,false,NaN,E:\2026\99_seasonTiming\04_RUA\top_speed\Race 12.pdf,2026-04-22 16:34:46,248,
RUA,R12,38,Rylan Gray,,3,NaN,NaN,false,NaN,E:\2026\99_seasonTiming\04_RUA\top_speed\Race 12.pdf,2026-04-22 16:34:46,251,
RUA,R12,38,Rylan Gray,,4,NaN,NaN,false,NaN,E:\2026\99_seasonTiming\04_RUA\top_speed\Race 12.pdf,2026-04-22 16:34:46,250,
RUA,R12,38,Rylan Gray,,5,NaN,NaN,false,NaN,E:\2026\99_seasonTiming\04_RUA\top_speed\Race 12.pdf,2026-04-22 16:34:46,250,
RUA,R12,38,Rylan Gray,,6,NaN,NaN,false,NaN,E:\2026\99_seasonTiming\04_RUA\top_speed\Race 12.pdf,2026-04-22 16:34:46,250,
RUA,R12,38,Rylan Gray,,7,NaN,NaN,false,NaN,E:\2026\99_seasonTiming\04_RUA\top_speed\Race 12.pdf,2026-04-22 16:34:46,251,
RUA,R12,38,Rylan Gray,,8,NaN,NaN,false,NaN,E:\2026\99_seasonTiming\04_RUA\top_speed\Race 12.pdf,2026-04-22 16:34:46,250,
RUA,R12,38,Rylan Gray,,9,NaN,NaN,false,NaN,E:\2026\99_seasonTiming\04_RUA\top_speed\Race 12.pdf,2026-04-22 16:34:46,249,
RUA,R12,38,Rylan Gray,,10,NaN,NaN,false,NaN,E:\2026\99_seasonTiming\04_RUA\top_speed\Race 12.pdf,2026-04-22 16:34:46,251,
RUA,R12,38,Rylan Gray,,11,NaN,NaN,false,NaN,E:\2026\99_seasonTiming\04_RUA\top_speed\Race 12.pdf,2026-04-22 16:34:46,250,
RUA,R12,38,Rylan Gray,,12,NaN,NaN,false,NaN,E:\2026\99_seasonTiming\04_RUA\top_speed\Race 12.pdf,2026-04-22 16:34:46,250,
RUA,R12,38,Rylan Gray,,13,NaN,NaN,false,NaN,E:\2026\99_seasonTiming\04_RUA\top_speed\Race 12.pdf,2026-04-22 16:34:46,251,
RUA,R12,38,Rylan Gray,,14,NaN,NaN,false,NaN,E:\2026\99_seasonTiming\04_RUA\top_speed\Race 12.pdf,2026-04-22 16:34:46,251,
RUA,R12,38,Rylan Gray,,15,NaN,NaN,false,NaN,E:\2026\99_seasonTiming\04_RUA\top_speed\Race 12.pdf,2026-04-22 16:34:46,251,
RUA,R12,38,Rylan Gray,,16,NaN,NaN,false,NaN,E:\2026\99_seasonTiming\04_RUA\top_speed\Race 12.pdf,2026-04-22 16:34:46,251,
RUA,R12,38,Rylan Gray,,17,NaN,NaN,false,NaN,E:\2026\99_seasonTiming\04_RUA\top_speed\Race 12.pdf,2026-04-22 16:34:46,251,
RUA,R12,38,Rylan Gray,,18,NaN,NaN,false,NaN,E:\2026\99_seasonTiming\04_RUA\top_speed\Race 12.pdf,2026-04-22 16:34:46,250,
RUA,R12,38,Rylan Gray,,19,NaN,NaN,false,NaN,E:\2026\99_seasonTiming\04_RUA\top_speed\Race 12.pdf,2026-04-22 16:34:46,250,
RUA,R12,38,Rylan Gray,,20,NaN,NaN,false,NaN,E:\2026\99_seasonTiming\04_RUA\top_speed\Race 12.pdf,2026-04-22 16:34:46,250,
RUA,R12,38,Rylan Gray,,21,NaN,NaN,false,NaN,E:\2026\99_seasonTiming\04_RUA\top_speed\Race 12.pdf,2026-04-22 16:34:46,249,
RUA,R12,38,Rylan Gray,,22,NaN,NaN,false,NaN,E:\2026\99_seasonTiming\04_RUA\top_speed\Race 12.pdf,2026-04-22 16:34:46,248,
RUA,R12,38,Rylan Gray,,23,NaN,NaN,false,NaN,E:\2026\99_seasonTiming\04_RUA\top_speed\Race 12.pdf,2026-04-22 16:34:46,190,
RUA,R12,38,Rylan Gray,,24,NaN,NaN,false,NaN,E:\2026\99_seasonTiming\04_RUA\top_speed\Race 12.pdf,2026-04-22 16:34:46,251,
RUA,R12,38,Rylan Gray,,25,NaN,NaN,false,NaN,E:\2026\99_seasonTiming\04_RUA\top_speed\Race 12.pdf,2026-04-22 16:34:46,251,
RUA,R12,38,Rylan Gray,,26,NaN,NaN,false,NaN,E:\2026\99_seasonTiming\04_RUA\top_speed\Race 12.pdf,2026-04-22 16:34:46,250,
RUA,R12,38,Rylan Gray,,27,NaN,NaN,false,NaN,E:\2026\99_seasonTiming\04_RUA\top_speed\Race 12.pdf,2026-04-22 16:34:46,251,
RUA,R12,38,Rylan Gray,,28,NaN,NaN,false,NaN,E:\2026\99_seasonTiming\04_RUA\top_speed\Race 12.pdf,2026-04-22 16:34:46,249,
RUA,R12,38,Rylan Gray,,29,NaN,NaN,false,NaN,E:\2026\99_seasonTiming\04_RUA\top_speed\Race 12.pdf,2026-04-22 16:34:46,249,
RUA,R12,38,Rylan Gray,,30,NaN,NaN,false,NaN,E:\2026\99_seasonTiming\04_RUA\top_speed\Race 12.pdf,2026-04-22 16:34:46,249,
RUA,R12,38,Rylan Gray,,31,NaN,NaN,false,NaN,E:\2026\99_seasonTiming\04_RUA\top_speed\Race 12.pdf,2026-04-22 16:34:46,251,
RUA,R12,38,Rylan Gray,,32,NaN,NaN,false,NaN,E:\2026\99_seasonTiming\04_RUA\top_speed\Race 12.pdf,2026-04-22 16:34:46,240,
RUA,R12,38,Rylan Gray,,33,NaN,NaN,false,NaN,E:\2026\99_seasonTiming\04_RUA\top_speed\Race 12.pdf,2026-04-22 16:34:46,249,
RUA,R12,38,Rylan Gray,,34,NaN,NaN,false,NaN,E:\2026\99_seasonTiming\04_RUA\top_speed\Race 12.pdf,2026-04-22 16:34:46,250,
RUA,R12,38,Rylan Gray,,35,NaN,NaN,false,NaN,E:\2026\99_seasonTiming\04_RUA\top_speed\Race 12.pdf,2026-04-22 16:34:46,248,
RUA,R12,38,Rylan Gray,,36,NaN,NaN,false,NaN,E:\2026\99_seasonTiming\04_RUA\top_speed\Race 12.pdf,2026-04-22 16:34:46,248,
RUA,R12,38,Rylan Gray,,37,NaN,NaN,false,NaN,E:\2026\99_seasonTiming\04_RUA\top_speed\Race 12.pdf,2026-04-22 16:34:46,249,
RUA,R12,55,Thomas Randle,,1,NaN,NaN,false,NaN,E:\2026\99_seasonTiming\04_RUA\top_speed\Race 12.pdf,2026-04-22 16:34:46,204,
RUA,R12,55,Thomas Randle,,2,NaN,NaN,false,NaN,E:\2026\99_seasonTiming\04_RUA\top_speed\Race 12.pdf,2026-04-22 16:34:46,244,
RUA,R12,55,Thomas Randle,,3,NaN,NaN,false,NaN,E:\2026\99_seasonTiming\04_RUA\top_speed\Race 12.pdf,2026-04-22 16:34:46,251,
RUA,R12,55,Thomas Randle,,4,NaN,NaN,false,NaN,E:\2026\99_seasonTiming\04_RUA\top_speed\Race 12.pdf,2026-04-22 16:34:46,250,
RUA,R12,55,Thomas Randle,,5,NaN,NaN,false,NaN,E:\2026\99_seasonTiming\04_RUA\top_speed\Race 12.pdf,2026-04-22 16:34:46,250,
RUA,R12,55,Thomas Randle,,6,NaN,NaN,false,NaN,E:\2026\99_seasonTiming\04_RUA\top_speed\Race 12.pdf,2026-04-22 16:34:46,252,
RUA,R12,55,Thomas Randle,,7,NaN,NaN,false,NaN,E:\2026\99_seasonTiming\04_RUA\top_speed\Race 12.pdf,2026-04-22 16:34:46,249,
RUA,R12,55,Thomas Randle,,8,NaN,NaN,false,NaN,E:\2026\99_seasonTiming\04_RUA\top_speed\Race 12.pdf,2026-04-22 16:34:46,249,
RUA,R12,55,Thomas Randle,,9,NaN,NaN,false,NaN,E:\2026\99_seasonTiming\04_RUA\top_speed\Race 12.pdf,2026-04-22 16:34:46,251,
RUA,R12,55,Thomas Randle,,10,NaN,NaN,false,NaN,E:\2026\99_seasonTiming\04_RUA\top_speed\Race 12.pdf,2026-04-22 16:34:46,253,
RUA,R12,55,Thomas Randle,,11,NaN,NaN,false,NaN,E:\2026\99_seasonTiming\04_RUA\top_speed\Race 12.pdf,2026-04-22 16:34:46,251,
RUA,R12,55,Thomas Randle,,12,NaN,NaN,false,NaN,E:\2026\99_seasonTiming\04_RUA\top_speed\Race 12.pdf,2026-04-22 16:34:46,239,
RUA,R12,55,Thomas Randle,,13,NaN,NaN,false,NaN,E:\2026\99_seasonTiming\04_RUA\top_speed\Race 12.pdf,2026-04-22 16:34:46,250,
RUA,R12,55,Thomas Randle,,14,NaN,NaN,false,NaN,E:\2026\99_seasonTiming\04_RUA\top_speed\Race 12.pdf,2026-04-22 16:34:46,253,
RUA,R12,55,Thomas Randle,,15,NaN,NaN,false,NaN,E:\2026\99_seasonTiming\04_RUA\top_speed\Race 12.pdf,2026-04-22 16:34:46,253,
RUA,R12,55,Thomas Randle,,16,NaN,NaN,false,NaN,E:\2026\99_seasonTiming\04_RUA\top_speed\Race 12.pdf,2026-04-22 16:34:46,240,
RUA,R12,55,Thomas Randle,,17,NaN,NaN,false,NaN,E:\2026\99_seasonTiming\04_RUA\top_speed\Race 12.pdf,2026-04-22 16:34:46,251,
RUA,R12,55,Thomas Randle,,18,NaN,NaN,false,NaN,E:\2026\99_seasonTiming\04_RUA\top_speed\Race 12.pdf,2026-04-22 16:34:46,251,
RUA,R12,55,Thomas Randle,,19,NaN,NaN,false,NaN,E:\2026\99_seasonTiming\04_RUA\top_speed\Race 12.pdf,2026-04-22 16:34:46,250,
RUA,R12,55,Thomas Randle,,20,NaN,NaN,false,NaN,E:\2026\99_seasonTiming\04_RUA\top_speed\Race 12.pdf,2026-04-22 16:34:46,251,
RUA,R12,55,Thomas Randle,,21,NaN,NaN,false,NaN,E:\2026\99_seasonTiming\04_RUA\top_speed\Race 12.pdf,2026-04-22 16:34:46,249,
RUA,R12,55,Thomas Randle,,22,NaN,NaN,false,NaN,E:\2026\99_seasonTiming\04_RUA\top_speed\Race 12.pdf,2026-04-22 16:34:46,191,
RUA,R12,55,Thomas Randle,,23,NaN,NaN,false,NaN,E:\2026\99_seasonTiming\04_RUA\top_speed\Race 12.pdf,2026-04-22 16:34:46,251,
RUA,R12,55,Thomas Randle,,24,NaN,NaN,false,NaN,E:\2026\99_seasonTiming\04_RUA\top_speed\Race 12.pdf,2026-04-22 16:34:46,252,
RUA,R12,55,Thomas Randle,,25,NaN,NaN,false,NaN,E:\2026\99_seasonTiming\04_RUA\top_speed\Race 12.pdf,2026-04-22 16:34:46,252,
RUA,R12,55,Thomas Randle,,26,NaN,NaN,false,NaN,E:\2026\99_seasonTiming\04_RUA\top_speed\Race 12.pdf,2026-04-22 16:34:46,252,
RUA,R12,55,Thomas Randle,,27,NaN,NaN,false,NaN,E:\2026\99_seasonTiming\04_RUA\top_speed\Race 12.pdf,2026-04-22 16:34:46,250,
RUA,R12,55,Thomas Randle,,28,NaN,NaN,false,NaN,E:\2026\99_seasonTiming\04_RUA\top_speed\Race 12.pdf,2026-04-22 16:34:46,238,
RUA,R12,55,Thomas Randle,,29,NaN,NaN,false,NaN,E:\2026\99_seasonTiming\04_RUA\top_speed\Race 12.pdf,2026-04-22 16:34:46,250,
RUA,R12,55,Thomas Randle,,30,NaN,NaN,false,NaN,E:\2026\99_seasonTiming\04_RUA\top_speed\Race 12.pdf,2026-04-22 16:34:46,251,
RUA,R12,55,Thomas Randle,,31,NaN,NaN,false,NaN,E:\2026\99_seasonTiming\04_RUA\top_speed\Race 12.pdf,2026-04-22 16:34:46,249,
RUA,R12,55,Thomas Randle,,32,NaN,NaN,false,NaN,E:\2026\99_seasonTiming\04_RUA\top_speed\Race 12.pdf,2026-04-22 16:34:46,240,
RUA,R12,55,Thomas Randle,,33,NaN,NaN,false,NaN,E:\2026\99_seasonTiming\04_RUA\top_speed\Race 12.pdf,2026-04-22 16:34:46,247,
RUA,R12,55,Thomas Randle,,34,NaN,NaN,false,NaN,E:\2026\99_seasonTiming\04_RUA\top_speed\Race 12.pdf,2026-04-22 16:34:46,246,
RUA,R12,55,Thomas Randle,,35,NaN,NaN,false,NaN,E:\2026\99_seasonTiming\04_RUA\top_speed\Race 12.pdf,2026-04-22 16:34:46,247,
RUA,R12,55,Thomas Randle,,36,NaN,NaN,false,NaN,E:\2026\99_seasonTiming\04_RUA\top_speed\Race 12.pdf,2026-04-22 16:34:46,248,
RUA,R12,55,Thomas Randle,,37,NaN,NaN,false,NaN,E:\2026\99_seasonTiming\04_RUA\top_speed\Race 12.pdf,2026-04-22 16:34:46,246,
RUA,R12,88,Broc Feeney,,1,NaN,NaN,false,NaN,E:\2026\99_seasonTiming\04_RUA\top_speed\Race 12.pdf,2026-04-22 16:34:46,202,
RUA,R12,88,Broc Feeney,,2,NaN,NaN,false,NaN,E:\2026\99_seasonTiming\04_RUA\top_speed\Race 12.pdf,2026-04-22 16:34:46,250,
RUA,R12,88,Broc Feeney,,3,NaN,NaN,false,NaN,E:\2026\99_seasonTiming\04_RUA\top_speed\Race 12.pdf,2026-04-22 16:34:46,250,
RUA,R12,88,Broc Feeney,,4,NaN,NaN,false,NaN,E:\2026\99_seasonTiming\04_RUA\top_speed\Race 12.pdf,2026-04-22 16:34:46,249,
RUA,R12,88,Broc Feeney,,5,NaN,NaN,false,NaN,E:\2026\99_seasonTiming\04_RUA\top_speed\Race 12.pdf,2026-04-22 16:34:46,248,
RUA,R12,88,Broc Feeney,,6,NaN,NaN,false,NaN,E:\2026\99_seasonTiming\04_RUA\top_speed\Race 12.pdf,2026-04-22 16:34:46,249,
RUA,R12,88,Broc Feeney,,7,NaN,NaN,false,NaN,E:\2026\99_seasonTiming\04_RUA\top_speed\Race 12.pdf,2026-04-22 16:34:46,249,
RUA,R12,88,Broc Feeney,,8,NaN,NaN,false,NaN,E:\2026\99_seasonTiming\04_RUA\top_speed\Race 12.pdf,2026-04-22 16:34:46,248,
RUA,R12,88,Broc Feeney,,9,NaN,NaN,false,NaN,E:\2026\99_seasonTiming\04_RUA\top_speed\Race 12.pdf,2026-04-22 16:34:46,248,
RUA,R12,88,Broc Feeney,,10,NaN,NaN,false,NaN,E:\2026\99_seasonTiming\04_RUA\top_speed\Race 12.pdf,2026-04-22 16:34:46,249,
RUA,R12,88,Broc Feeney,,11,NaN,NaN,false,NaN,E:\2026\99_seasonTiming\04_RUA\top_speed\Race 12.pdf,2026-04-22 16:34:46,248,
RUA,R12,88,Broc Feeney,,12,NaN,NaN,false,NaN,E:\2026\99_seasonTiming\04_RUA\top_speed\Race 12.pdf,2026-04-22 16:34:46,248,
RUA,R12,88,Broc Feeney,,13,NaN,NaN,false,NaN,E:\2026\99_seasonTiming\04_RUA\top_speed\Race 12.pdf,2026-04-22 16:34:46,249,
RUA,R12,88,Broc Feeney,,14,NaN,NaN,false,NaN,E:\2026\99_seasonTiming\04_RUA\top_speed\Race 12.pdf,2026-04-22 16:34:46,250,
RUA,R12,88,Broc Feeney,,15,NaN,NaN,false,NaN,E:\2026\99_seasonTiming\04_RUA\top_speed\Race 12.pdf,2026-04-22 16:34:46,250,
RUA,R12,88,Broc Feeney,,16,NaN,NaN,false,NaN,E:\2026\99_seasonTiming\04_RUA\top_speed\Race 12.pdf,2026-04-22 16:34:46,193,
RUA,R12,88,Broc Feeney,,17,NaN,NaN,false,NaN,E:\2026\99_seasonTiming\04_RUA\top_speed\Race 12.pdf,2026-04-22 16:34:46,248,
RUA,R12,88,Broc Feeney,,18,NaN,NaN,false,NaN,E:\2026\99_seasonTiming\04_RUA\top_speed\Race 12.pdf,2026-04-22 16:34:46,251,
RUA,R12,88,Broc Feeney,,19,NaN,NaN,false,NaN,E:\2026\99_seasonTiming\04_RUA\top_speed\Race 12.pdf,2026-04-22 16:34:46,252,
RUA,R12,88,Broc Feeney,,20,NaN,NaN,false,NaN,E:\2026\99_seasonTiming\04_RUA\top_speed\Race 12.pdf,2026-04-22 16:34:46,252,
RUA,R12,88,Broc Feeney,,21,NaN,NaN,false,NaN,E:\2026\99_seasonTiming\04_RUA\top_speed\Race 12.pdf,2026-04-22 16:34:46,252,
RUA,R12,88,Broc Feeney,,22,NaN,NaN,false,NaN,E:\2026\99_seasonTiming\04_RUA\top_speed\Race 12.pdf,2026-04-22 16:34:46,251,
RUA,R12,88,Broc Feeney,,23,NaN,NaN,false,NaN,E:\2026\99_seasonTiming\04_RUA\top_speed\Race 12.pdf,2026-04-22 16:34:46,251,
RUA,R12,88,Broc Feeney,,24,NaN,NaN,false,NaN,E:\2026\99_seasonTiming\04_RUA\top_speed\Race 12.pdf,2026-04-22 16:34:46,252,
RUA,R12,88,Broc Feeney,,25,NaN,NaN,false,NaN,E:\2026\99_seasonTiming\04_RUA\top_speed\Race 12.pdf,2026-04-22 16:34:46,251,
RUA,R12,88,Broc Feeney,,26,NaN,NaN,false,NaN,E:\2026\99_seasonTiming\04_RUA\top_speed\Race 12.pdf,2026-04-22 16:34:46,248,
RUA,R12,88,Broc Feeney,,27,NaN,NaN,false,NaN,E:\2026\99_seasonTiming\04_RUA\top_speed\Race 12.pdf,2026-04-22 16:34:46,247,
RUA,R12,88,Broc Feeney,,28,NaN,NaN,false,NaN,E:\2026\99_seasonTiming\04_RUA\top_speed\Race 12.pdf,2026-04-22 16:34:46,247,
RUA,R12,88,Broc Feeney,,29,NaN,NaN,false,NaN,E:\2026\99_seasonTiming\04_RUA\top_speed\Race 12.pdf,2026-04-22 16:34:46,248,
RUA,R12,88,Broc Feeney,,30,NaN,NaN,false,NaN,E:\2026\99_seasonTiming\04_RUA\top_speed\Race 12.pdf,2026-04-22 16:34:46,248,
RUA,R12,88,Broc Feeney,,31,NaN,NaN,false,NaN,E:\2026\99_seasonTiming\04_RUA\top_speed\Race 12.pdf,2026-04-22 16:34:46,248,
RUA,R12,88,Broc Feeney,,32,NaN,NaN,false,NaN,E:\2026\99_seasonTiming\04_RUA\top_speed\Race 12.pdf,2026-04-22 16:34:46,246,
RUA,R12,88,Broc Feeney,,33,NaN,NaN,false,NaN,E:\2026\99_seasonTiming\04_RUA\top_speed\Race 12.pdf,2026-04-22 16:34:46,247,
RUA,R12,88,Broc Feeney,,34,NaN,NaN,false,NaN,E:\2026\99_seasonTiming\04_RUA\top_speed\Race 12.pdf,2026-04-22 16:34:46,245,
RUA,R12,88,Broc Feeney,,35,NaN,NaN,false,NaN,E:\2026\99_seasonTiming\04_RUA\top_speed\Race 12.pdf,2026-04-22 16:34:46,247,
RUA,R12,88,Broc Feeney,,36,NaN,NaN,false,NaN,E:\2026\99_seasonTiming\04_RUA\top_speed\Race 12.pdf,2026-04-22 16:34:46,246,
RUA,R12,88,Broc Feeney,,37,NaN,NaN,false,NaN,E:\2026\99_seasonTiming\04_RUA\top_speed\Race 12.pdf,2026-04-22 16:34:46,248,
RUA,R12,96,Macauley Jones,,1,NaN,NaN,false,NaN,E:\2026\99_seasonTiming\04_RUA\top_speed\Race 12.pdf,2026-04-22 16:34:46,189,
RUA,R12,96,Macauley Jones,,2,NaN,NaN,false,NaN,E:\2026\99_seasonTiming\04_RUA\top_speed\Race 12.pdf,2026-04-22 16:34:46,239,
RUA,R12,96,Macauley Jones,,3,NaN,NaN,false,NaN,E:\2026\99_seasonTiming\04_RUA\top_speed\Race 12.pdf,2026-04-22 16:34:46,244,
RUA,R12,96,Macauley Jones,,4,NaN,NaN,false,NaN,E:\2026\99_seasonTiming\04_RUA\top_speed\Race 12.pdf,2026-04-22 16:34:46,244,
RUA,R12,96,Macauley Jones,,5,NaN,NaN,false,NaN,E:\2026\99_seasonTiming\04_RUA\top_speed\Race 12.pdf,2026-04-22 16:34:46,247,
RUA,R12,96,Macauley Jones,,6,NaN,NaN,false,NaN,E:\2026\99_seasonTiming\04_RUA\top_speed\Race 12.pdf,2026-04-22 16:34:46,250,
RUA,R12,96,Macauley Jones,,7,NaN,NaN,false,NaN,E:\2026\99_seasonTiming\04_RUA\top_speed\Race 12.pdf,2026-04-22 16:34:46,248,
RUA,R12,96,Macauley Jones,,8,NaN,NaN,false,NaN,E:\2026\99_seasonTiming\04_RUA\top_speed\Race 12.pdf,2026-04-22 16:34:46,247,
RUA,R12,96,Macauley Jones,,9,NaN,NaN,false,NaN,E:\2026\99_seasonTiming\04_RUA\top_speed\Race 12.pdf,2026-04-22 16:34:46,250,
RUA,R12,96,Macauley Jones,,10,NaN,NaN,false,NaN,E:\2026\99_seasonTiming\04_RUA\top_speed\Race 12.pdf,2026-04-22 16:34:46,250,
RUA,R12,96,Macauley Jones,,11,NaN,NaN,false,NaN,E:\2026\99_seasonTiming\04_RUA\top_speed\Race 12.pdf,2026-04-22 16:34:46,247,
RUA,R12,96,Macauley Jones,,12,NaN,NaN,false,NaN,E:\2026\99_seasonTiming\04_RUA\top_speed\Race 12.pdf,2026-04-22 16:34:46,249,
RUA,R12,96,Macauley Jones,,13,NaN,NaN,false,NaN,E:\2026\99_seasonTiming\04_RUA\top_speed\Race 12.pdf,2026-04-22 16:34:46,248,
RUA,R12,96,Macauley Jones,,14,NaN,NaN,false,NaN,E:\2026\99_seasonTiming\04_RUA\top_speed\Race 12.pdf,2026-04-22 16:34:46,250,
RUA,R12,96,Macauley Jones,,15,NaN,NaN,false,NaN,E:\2026\99_seasonTiming\04_RUA\top_speed\Race 12.pdf,2026-04-22 16:34:46,250,
RUA,R12,96,Macauley Jones,,16,NaN,NaN,false,NaN,E:\2026\99_seasonTiming\04_RUA\top_speed\Race 12.pdf,2026-04-22 16:34:46,245,
RUA,R12,96,Macauley Jones,,17,NaN,NaN,false,NaN,E:\2026\99_seasonTiming\04_RUA\top_speed\Race 12.pdf,2026-04-22 16:34:46,251,
RUA,R12,96,Macauley Jones,,18,NaN,NaN,false,NaN,E:\2026\99_seasonTiming\04_RUA\top_speed\Race 12.pdf,2026-04-22 16:34:46,189,
RUA,R12,96,Macauley Jones,,19,NaN,NaN,false,NaN,E:\2026\99_seasonTiming\04_RUA\top_speed\Race 12.pdf,2026-04-22 16:34:46,248,
RUA,R12,96,Macauley Jones,,20,NaN,NaN,false,NaN,E:\2026\99_seasonTiming\04_RUA\top_speed\Race 12.pdf,2026-04-22 16:34:46,247,
RUA,R12,96,Macauley Jones,,21,NaN,NaN,false,NaN,E:\2026\99_seasonTiming\04_RUA\top_speed\Race 12.pdf,2026-04-22 16:34:46,247,
RUA,R12,96,Macauley Jones,,22,NaN,NaN,false,NaN,E:\2026\99_seasonTiming\04_RUA\top_speed\Race 12.pdf,2026-04-22 16:34:46,249,
RUA,R12,96,Macauley Jones,,23,NaN,NaN,false,NaN,E:\2026\99_seasonTiming\04_RUA\top_speed\Race 12.pdf,2026-04-22 16:34:46,251,
RUA,R12,96,Macauley Jones,,24,NaN,NaN,false,NaN,E:\2026\99_seasonTiming\04_RUA\top_speed\Race 12.pdf,2026-04-22 16:34:46,250,
RUA,R12,96,Macauley Jones,,25,NaN,NaN,false,NaN,E:\2026\99_seasonTiming\04_RUA\top_speed\Race 12.pdf,2026-04-22 16:34:46,250,
RUA,R12,96,Macauley Jones,,26,NaN,NaN,false,NaN,E:\2026\99_seasonTiming\04_RUA\top_speed\Race 12.pdf,2026-04-22 16:34:46,250,
RUA,R12,96,Macauley Jones,,27,NaN,NaN,false,NaN,E:\2026\99_seasonTiming\04_RUA\top_speed\Race 12.pdf,2026-04-22 16:34:46,249,
RUA,R12,96,Macauley Jones,,28,NaN,NaN,false,NaN,E:\2026\99_seasonTiming\04_RUA\top_speed\Race 12.pdf,2026-04-22 16:34:46,249,
RUA,R12,96,Macauley Jones,,29,NaN,NaN,false,NaN,E:\2026\99_seasonTiming\04_RUA\top_speed\Race 12.pdf,2026-04-22 16:34:46,249,
RUA,R12,96,Macauley Jones,,30,NaN,NaN,false,NaN,E:\2026\99_seasonTiming\04_RUA\top_speed\Race 12.pdf,2026-04-22 16:34:46,236,
RUA,R12,96,Macauley Jones,,31,NaN,NaN,false,NaN,E:\2026\99_seasonTiming\04_RUA\top_speed\Race 12.pdf,2026-04-22 16:34:46,250,
RUA,R12,96,Macauley Jones,,32,NaN,NaN,false,NaN,E:\2026\99_seasonTiming\04_RUA\top_speed\Race 12.pdf,2026-04-22 16:34:46,249,
RUA,R12,96,Macauley Jones,,33,NaN,NaN,false,NaN,E:\2026\99_seasonTiming\04_RUA\top_speed\Race 12.pdf,2026-04-22 16:34:46,224,
RUA,R12,96,Macauley Jones,,34,NaN,NaN,false,NaN,E:\2026\99_seasonTiming\04_RUA\top_speed\Race 12.pdf,2026-04-22 16:34:46,248,
RUA,R12,96,Macauley Jones,,35,NaN,NaN,false,NaN,E:\2026\99_seasonTiming\04_RUA\top_speed\Race 12.pdf,2026-04-22 16:34:46,249,
RUA,R12,96,Macauley Jones,,36,NaN,NaN,false,NaN,E:\2026\99_seasonTiming\04_RUA\top_speed\Race 12.pdf,2026-04-22 16:34:46,248,
RUA,R12,96,Macauley Jones,,37,NaN,NaN,false,NaN,E:\2026\99_seasonTiming\04_RUA\top_speed\Race 12.pdf,2026-04-22 16:34:46,247,
RUA,R12,99,Cooper Murray,,1,NaN,NaN,false,NaN,E:\2026\99_seasonTiming\04_RUA\top_speed\Race 12.pdf,2026-04-22 16:34:46,213,
RUA,R12,99,Cooper Murray,,2,NaN,NaN,false,NaN,E:\2026\99_seasonTiming\04_RUA\top_speed\Race 12.pdf,2026-04-22 16:34:46,249,
RUA,R12,99,Cooper Murray,,3,NaN,NaN,false,NaN,E:\2026\99_seasonTiming\04_RUA\top_speed\Race 12.pdf,2026-04-22 16:34:46,250,
RUA,R12,99,Cooper Murray,,4,NaN,NaN,false,NaN,E:\2026\99_seasonTiming\04_RUA\top_speed\Race 12.pdf,2026-04-22 16:34:46,251,
RUA,R12,99,Cooper Murray,,5,NaN,NaN,false,NaN,E:\2026\99_seasonTiming\04_RUA\top_speed\Race 12.pdf,2026-04-22 16:34:46,250,
RUA,R12,99,Cooper Murray,,6,NaN,NaN,false,NaN,E:\2026\99_seasonTiming\04_RUA\top_speed\Race 12.pdf,2026-04-22 16:34:46,250,
RUA,R12,99,Cooper Murray,,7,NaN,NaN,false,NaN,E:\2026\99_seasonTiming\04_RUA\top_speed\Race 12.pdf,2026-04-22 16:34:46,249,
RUA,R12,99,Cooper Murray,,8,NaN,NaN,false,NaN,E:\2026\99_seasonTiming\04_RUA\top_speed\Race 12.pdf,2026-04-22 16:34:46,248,
RUA,R12,99,Cooper Murray,,9,NaN,NaN,false,NaN,E:\2026\99_seasonTiming\04_RUA\top_speed\Race 12.pdf,2026-04-22 16:34:46,249,
RUA,R12,99,Cooper Murray,,10,NaN,NaN,false,NaN,E:\2026\99_seasonTiming\04_RUA\top_speed\Race 12.pdf,2026-04-22 16:34:46,250,
RUA,R12,99,Cooper Murray,,11,NaN,NaN,false,NaN,E:\2026\99_seasonTiming\04_RUA\top_speed\Race 12.pdf,2026-04-22 16:34:46,251,
RUA,R12,99,Cooper Murray,,12,NaN,NaN,false,NaN,E:\2026\99_seasonTiming\04_RUA\top_speed\Race 12.pdf,2026-04-22 16:34:46,249,
RUA,R12,99,Cooper Murray,,13,NaN,NaN,false,NaN,E:\2026\99_seasonTiming\04_RUA\top_speed\Race 12.pdf,2026-04-22 16:34:46,250,
RUA,R12,99,Cooper Murray,,14,NaN,NaN,false,NaN,E:\2026\99_seasonTiming\04_RUA\top_speed\Race 12.pdf,2026-04-22 16:34:46,251,
RUA,R12,99,Cooper Murray,,15,NaN,NaN,false,NaN,E:\2026\99_seasonTiming\04_RUA\top_speed\Race 12.pdf,2026-04-22 16:34:46,251,
RUA,R12,99,Cooper Murray,,16,NaN,NaN,false,NaN,E:\2026\99_seasonTiming\04_RUA\top_speed\Race 12.pdf,2026-04-22 16:34:46,252,
RUA,R12,99,Cooper Murray,,17,NaN,NaN,false,NaN,E:\2026\99_seasonTiming\04_RUA\top_speed\Race 12.pdf,2026-04-22 16:34:46,252,
RUA,R12,99,Cooper Murray,,18,NaN,NaN,false,NaN,E:\2026\99_seasonTiming\04_RUA\top_speed\Race 12.pdf,2026-04-22 16:34:46,251,
RUA,R12,99,Cooper Murray,,19,NaN,NaN,false,NaN,E:\2026\99_seasonTiming\04_RUA\top_speed\Race 12.pdf,2026-04-22 16:34:46,251,
RUA,R12,99,Cooper Murray,,20,NaN,NaN,false,NaN,E:\2026\99_seasonTiming\04_RUA\top_speed\Race 12.pdf,2026-04-22 16:34:46,250,
RUA,R12,99,Cooper Murray,,21,NaN,NaN,false,NaN,E:\2026\99_seasonTiming\04_RUA\top_speed\Race 12.pdf,2026-04-22 16:34:46,190,
RUA,R12,99,Cooper Murray,,22,NaN,NaN,false,NaN,E:\2026\99_seasonTiming\04_RUA\top_speed\Race 12.pdf,2026-04-22 16:34:46,249,
RUA,R12,99,Cooper Murray,,23,NaN,NaN,false,NaN,E:\2026\99_seasonTiming\04_RUA\top_speed\Race 12.pdf,2026-04-22 16:34:46,249,
RUA,R12,99,Cooper Murray,,24,NaN,NaN,false,NaN,E:\2026\99_seasonTiming\04_RUA\top_speed\Race 12.pdf,2026-04-22 16:34:46,250,
RUA,R12,99,Cooper Murray,,25,NaN,NaN,false,NaN,E:\2026\99_seasonTiming\04_RUA\top_speed\Race 12.pdf,2026-04-22 16:34:46,250,
RUA,R12,99,Cooper Murray,,26,NaN,NaN,false,NaN,E:\2026\99_seasonTiming\04_RUA\top_speed\Race 12.pdf,2026-04-22 16:34:46,251,
RUA,R12,99,Cooper Murray,,27,NaN,NaN,false,NaN,E:\2026\99_seasonTiming\04_RUA\top_speed\Race 12.pdf,2026-04-22 16:34:46,251,
RUA,R12,99,Cooper Murray,,28,NaN,NaN,false,NaN,E:\2026\99_seasonTiming\04_RUA\top_speed\Race 12.pdf,2026-04-22 16:34:46,252,
RUA,R12,99,Cooper Murray,,29,NaN,NaN,false,NaN,E:\2026\99_seasonTiming\04_RUA\top_speed\Race 12.pdf,2026-04-22 16:34:46,252,
RUA,R12,99,Cooper Murray,,30,NaN,NaN,false,NaN,E:\2026\99_seasonTiming\04_RUA\top_speed\Race 12.pdf,2026-04-22 16:34:46,252,
RUA,R12,99,Cooper Murray,,31,NaN,NaN,false,NaN,E:\2026\99_seasonTiming\04_RUA\top_speed\Race 12.pdf,2026-04-22 16:34:46,251,
RUA,R12,99,Cooper Murray,,32,NaN,NaN,false,NaN,E:\2026\99_seasonTiming\04_RUA\top_speed\Race 12.pdf,2026-04-22 16:34:46,230,
RUA,R12,99,Cooper Murray,,33,NaN,NaN,false,NaN,E:\2026\99_seasonTiming\04_RUA\top_speed\Race 12.pdf,2026-04-22 16:34:46,251,
RUA,R12,99,Cooper Murray,,34,NaN,NaN,false,NaN,E:\2026\99_seasonTiming\04_RUA\top_speed\Race 12.pdf,2026-04-22 16:34:46,251,
RUA,R12,99,Cooper Murray,,35,NaN,NaN,false,NaN,E:\2026\99_seasonTiming\04_RUA\top_speed\Race 12.pdf,2026-04-22 16:34:46,250,
RUA,R12,99,Cooper Murray,,36,NaN,NaN,false,NaN,E:\2026\99_seasonTiming\04_RUA\top_speed\Race 12.pdf,2026-04-22 16:34:46,250,
RUA,R12,99,Cooper Murray,,37,NaN,NaN,false,NaN,E:\2026\99_seasonTiming\04_RUA\top_speed\Race 12.pdf,2026-04-22 16:34:46,249,
RUA,R12,777,Declan Fraser,,1,NaN,NaN,false,NaN,E:\2026\99_seasonTiming\04_RUA\top_speed\Race 12.pdf,2026-04-22 16:34:46,182,
RUA,R12,777,Declan Fraser,,2,NaN,NaN,false,NaN,E:\2026\99_seasonTiming\04_RUA\top_speed\Race 12.pdf,2026-04-22 16:34:46,240,
RUA,R12,777,Declan Fraser,,3,NaN,NaN,false,NaN,E:\2026\99_seasonTiming\04_RUA\top_speed\Race 12.pdf,2026-04-22 16:34:46,251,
RUA,R12,777,Declan Fraser,,4,NaN,NaN,false,NaN,E:\2026\99_seasonTiming\04_RUA\top_speed\Race 12.pdf,2026-04-22 16:34:46,247,
RUA,R12,777,Declan Fraser,,5,NaN,NaN,false,NaN,E:\2026\99_seasonTiming\04_RUA\top_speed\Race 12.pdf,2026-04-22 16:34:46,251,
RUA,R12,777,Declan Fraser,,6,NaN,NaN,false,NaN,E:\2026\99_seasonTiming\04_RUA\top_speed\Race 12.pdf,2026-04-22 16:34:46,251,
RUA,R12,777,Declan Fraser,,7,NaN,NaN,false,NaN,E:\2026\99_seasonTiming\04_RUA\top_speed\Race 12.pdf,2026-04-22 16:34:46,246,
RUA,R12,777,Declan Fraser,,8,NaN,NaN,false,NaN,E:\2026\99_seasonTiming\04_RUA\top_speed\Race 12.pdf,2026-04-22 16:34:46,250,
RUA,R12,777,Declan Fraser,,9,NaN,NaN,false,NaN,E:\2026\99_seasonTiming\04_RUA\top_speed\Race 12.pdf,2026-04-22 16:34:46,252,
RUA,R12,777,Declan Fraser,,10,NaN,NaN,false,NaN,E:\2026\99_seasonTiming\04_RUA\top_speed\Race 12.pdf,2026-04-22 16:34:46,250,
RUA,R12,777,Declan Fraser,,11,NaN,NaN,false,NaN,E:\2026\99_seasonTiming\04_RUA\top_speed\Race 12.pdf,2026-04-22 16:34:46,251,
RUA,R12,777,Declan Fraser,,12,NaN,NaN,false,NaN,E:\2026\99_seasonTiming\04_RUA\top_speed\Race 12.pdf,2026-04-22 16:34:46,251,
RUA,R12,777,Declan Fraser,,13,NaN,NaN,false,NaN,E:\2026\99_seasonTiming\04_RUA\top_speed\Race 12.pdf,2026-04-22 16:34:46,249,
RUA,R12,777,Declan Fraser,,14,NaN,NaN,false,NaN,E:\2026\99_seasonTiming\04_RUA\top_speed\Race 12.pdf,2026-04-22 16:34:46,247,
RUA,R12,777,Declan Fraser,,15,NaN,NaN,false,NaN,E:\2026\99_seasonTiming\04_RUA\top_speed\Race 12.pdf,2026-04-22 16:34:46,245,
RUA,R12,777,Declan Fraser,,16,NaN,NaN,false,NaN,E:\2026\99_seasonTiming\04_RUA\top_speed\Race 12.pdf,2026-04-22 16:34:46,186,
RUA,R12,777,Declan Fraser,,17,NaN,NaN,false,NaN,E:\2026\99_seasonTiming\04_RUA\top_speed\Race 12.pdf,2026-04-22 16:34:46,246,
RUA,R12,777,Declan Fraser,,18,NaN,NaN,false,NaN,E:\2026\99_seasonTiming\04_RUA\top_speed\Race 12.pdf,2026-04-22 16:34:46,248,
RUA,R12,777,Declan Fraser,,19,NaN,NaN,false,NaN,E:\2026\99_seasonTiming\04_RUA\top_speed\Race 12.pdf,2026-04-22 16:34:46,250,
RUA,R12,777,Declan Fraser,,20,NaN,NaN,false,NaN,E:\2026\99_seasonTiming\04_RUA\top_speed\Race 12.pdf,2026-04-22 16:34:46,249,
RUA,R12,777,Declan Fraser,,21,NaN,NaN,false,NaN,E:\2026\99_seasonTiming\04_RUA\top_speed\Race 12.pdf,2026-04-22 16:34:46,248,
RUA,R12,777,Declan Fraser,,22,NaN,NaN,false,NaN,E:\2026\99_seasonTiming\04_RUA\top_speed\Race 12.pdf,2026-04-22 16:34:46,251,
RUA,R12,777,Declan Fraser,,23,NaN,NaN,false,NaN,E:\2026\99_seasonTiming\04_RUA\top_speed\Race 12.pdf,2026-04-22 16:34:46,250,
RUA,R12,777,Declan Fraser,,24,NaN,NaN,false,NaN,E:\2026\99_seasonTiming\04_RUA\top_speed\Race 12.pdf,2026-04-22 16:34:46,252,
RUA,R12,777,Declan Fraser,,25,NaN,NaN,false,NaN,E:\2026\99_seasonTiming\04_RUA\top_speed\Race 12.pdf,2026-04-22 16:34:46,251,
RUA,R12,777,Declan Fraser,,26,NaN,NaN,false,NaN,E:\2026\99_seasonTiming\04_RUA\top_speed\Race 12.pdf,2026-04-22 16:34:46,248,
RUA,R12,777,Declan Fraser,,27,NaN,NaN,false,NaN,E:\2026\99_seasonTiming\04_RUA\top_speed\Race 12.pdf,2026-04-22 16:34:46,235,
RUA,R12,777,Declan Fraser,,28,NaN,NaN,false,NaN,E:\2026\99_seasonTiming\04_RUA\top_speed\Race 12.pdf,2026-04-22 16:34:46,237,
RUA,R12,777,Declan Fraser,,29,NaN,NaN,false,NaN,E:\2026\99_seasonTiming\04_RUA\top_speed\Race 12.pdf,2026-04-22 16:34:46,253,
RUA,R12,777,Declan Fraser,,30,NaN,NaN,false,NaN,E:\2026\99_seasonTiming\04_RUA\top_speed\Race 12.pdf,2026-04-22 16:34:46,244,
RUA,R12,777,Declan Fraser,,31,NaN,NaN,false,NaN,E:\2026\99_seasonTiming\04_RUA\top_speed\Race 12.pdf,2026-04-22 16:34:46,248,
RUA,R12,777,Declan Fraser,,32,NaN,NaN,false,NaN,E:\2026\99_seasonTiming\04_RUA\top_speed\Race 12.pdf,2026-04-22 16:34:46,247,
RUA,R12,777,Declan Fraser,,33,NaN,NaN,false,NaN,E:\2026\99_seasonTiming\04_RUA\top_speed\Race 12.pdf,2026-04-22 16:34:46,247,
RUA,R12,777,Declan Fraser,,34,NaN,NaN,false,NaN,E:\2026\99_seasonTiming\04_RUA\top_speed\Race 12.pdf,2026-04-22 16:34:46,249,
RUA,R12,777,Declan Fraser,,35,NaN,NaN,false,NaN,E:\2026\99_seasonTiming\04_RUA\top_speed\Race 12.pdf,2026-04-22 16:34:46,249,
RUA,R12,777,Declan Fraser,,36,NaN,NaN,false,NaN,E:\2026\99_seasonTiming\04_RUA\top_speed\Race 12.pdf,2026-04-22 16:34:46,249,
RUA,R12,777,Declan Fraser,,37,NaN,NaN,false,NaN,E:\2026\99_seasonTiming\04_RUA\top_speed\Race 12.pdf,2026-04-22 16:34:46,248,
RUA,R12,888,William Brown,,1,NaN,NaN,false,NaN,E:\2026\99_seasonTiming\04_RUA\top_speed\Race 12.pdf,2026-04-22 16:34:46,184,
RUA,R12,888,William Brown,,2,NaN,NaN,false,NaN,E:\2026\99_seasonTiming\04_RUA\top_speed\Race 12.pdf,2026-04-22 16:34:46,244,
RUA,R12,888,William Brown,,3,NaN,NaN,false,NaN,E:\2026\99_seasonTiming\04_RUA\top_speed\Race 12.pdf,2026-04-22 16:34:46,248,
RUA,R12,888,William Brown,,4,NaN,NaN,false,NaN,E:\2026\99_seasonTiming\04_RUA\top_speed\Race 12.pdf,2026-04-22 16:34:46,250,
RUA,R12,888,William Brown,,5,NaN,NaN,false,NaN,E:\2026\99_seasonTiming\04_RUA\top_speed\Race 12.pdf,2026-04-22 16:34:46,250,
RUA,R12,888,William Brown,,6,NaN,NaN,false,NaN,E:\2026\99_seasonTiming\04_RUA\top_speed\Race 12.pdf,2026-04-22 16:34:46,251,
RUA,R12,888,William Brown,,7,NaN,NaN,false,NaN,E:\2026\99_seasonTiming\04_RUA\top_speed\Race 12.pdf,2026-04-22 16:34:46,249,
RUA,R12,888,William Brown,,8,NaN,NaN,false,NaN,E:\2026\99_seasonTiming\04_RUA\top_speed\Race 12.pdf,2026-04-22 16:34:46,249,
RUA,R12,888,William Brown,,9,NaN,NaN,false,NaN,E:\2026\99_seasonTiming\04_RUA\top_speed\Race 12.pdf,2026-04-22 16:34:46,249,
RUA,R12,888,William Brown,,10,NaN,NaN,false,NaN,E:\2026\99_seasonTiming\04_RUA\top_speed\Race 12.pdf,2026-04-22 16:34:46,248,
RUA,R12,888,William Brown,,11,NaN,NaN,false,NaN,E:\2026\99_seasonTiming\04_RUA\top_speed\Race 12.pdf,2026-04-22 16:34:46,250,
RUA,R12,888,William Brown,,12,NaN,NaN,false,NaN,E:\2026\99_seasonTiming\04_RUA\top_speed\Race 12.pdf,2026-04-22 16:34:46,251,
RUA,R12,888,William Brown,,13,NaN,NaN,false,NaN,E:\2026\99_seasonTiming\04_RUA\top_speed\Race 12.pdf,2026-04-22 16:34:46,251,
RUA,R12,888,William Brown,,14,NaN,NaN,false,NaN,E:\2026\99_seasonTiming\04_RUA\top_speed\Race 12.pdf,2026-04-22 16:34:46,251,
RUA,R12,888,William Brown,,15,NaN,NaN,false,NaN,E:\2026\99_seasonTiming\04_RUA\top_speed\Race 12.pdf,2026-04-22 16:34:46,250,
RUA,R12,888,William Brown,,16,NaN,NaN,false,NaN,E:\2026\99_seasonTiming\04_RUA\top_speed\Race 12.pdf,2026-04-22 16:34:46,252,
RUA,R12,888,William Brown,,17,NaN,NaN,false,NaN,E:\2026\99_seasonTiming\04_RUA\top_speed\Race 12.pdf,2026-04-22 16:34:46,252,
RUA,R12,888,William Brown,,18,NaN,NaN,false,NaN,E:\2026\99_seasonTiming\04_RUA\top_speed\Race 12.pdf,2026-04-22 16:34:46,191,
RUA,R12,888,William Brown,,19,NaN,NaN,false,NaN,E:\2026\99_seasonTiming\04_RUA\top_speed\Race 12.pdf,2026-04-22 16:34:46,249,
RUA,R12,888,William Brown,,20,NaN,NaN,false,NaN,E:\2026\99_seasonTiming\04_RUA\top_speed\Race 12.pdf,2026-04-22 16:34:46,250,
RUA,R12,888,William Brown,,21,NaN,NaN,false,NaN,E:\2026\99_seasonTiming\04_RUA\top_speed\Race 12.pdf,2026-04-22 16:34:46,253,
RUA,R12,888,William Brown,,22,NaN,NaN,false,NaN,E:\2026\99_seasonTiming\04_RUA\top_speed\Race 12.pdf,2026-04-22 16:34:46,250,
RUA,R12,888,William Brown,,23,NaN,NaN,false,NaN,E:\2026\99_seasonTiming\04_RUA\top_speed\Race 12.pdf,2026-04-22 16:34:46,252,
RUA,R12,888,William Brown,,24,NaN,NaN,false,NaN,E:\2026\99_seasonTiming\04_RUA\top_speed\Race 12.pdf,2026-04-22 16:34:46,253,
RUA,R12,888,William Brown,,25,NaN,NaN,false,NaN,E:\2026\99_seasonTiming\04_RUA\top_speed\Race 12.pdf,2026-04-22 16:34:46,251,
RUA,R12,888,William Brown,,26,NaN,NaN,false,NaN,E:\2026\99_seasonTiming\04_RUA\top_speed\Race 12.pdf,2026-04-22 16:34:46,252,
RUA,R12,888,William Brown,,27,NaN,NaN,false,NaN,E:\2026\99_seasonTiming\04_RUA\top_speed\Race 12.pdf,2026-04-22 16:34:46,252,
RUA,R12,888,William Brown,,28,NaN,NaN,false,NaN,E:\2026\99_seasonTiming\04_RUA\top_speed\Race 12.pdf,2026-04-22 16:34:46,252,
RUA,R12,888,William Brown,,29,NaN,NaN,false,NaN,E:\2026\99_seasonTiming\04_RUA\top_speed\Race 12.pdf,2026-04-22 16:34:46,251,
RUA,R12,888,William Brown,,30,NaN,NaN,false,NaN,E:\2026\99_seasonTiming\04_RUA\top_speed\Race 12.pdf,2026-04-22 16:34:46,252,
RUA,R12,888,William Brown,,31,NaN,NaN,false,NaN,E:\2026\99_seasonTiming\04_RUA\top_speed\Race 12.pdf,2026-04-22 16:34:46,250,
RUA,R12,888,William Brown,,32,NaN,NaN,false,NaN,E:\2026\99_seasonTiming\04_RUA\top_speed\Race 12.pdf,2026-04-22 16:34:46,244,
RUA,R12,888,William Brown,,33,NaN,NaN,false,NaN,E:\2026\99_seasonTiming\04_RUA\top_speed\Race 12.pdf,2026-04-22 16:34:46,243,
RUA,R12,888,William Brown,,34,NaN,NaN,false,NaN,E:\2026\99_seasonTiming\04_RUA\top_speed\Race 12.pdf,2026-04-22 16:34:46,239,
RUA,R12,888,William Brown,,35,NaN,NaN,false,NaN,E:\2026\99_seasonTiming\04_RUA\top_speed\Race 12.pdf,2026-04-22 16:34:46,248,
RUA,R12,888,William Brown,,36,NaN,NaN,false,NaN,E:\2026\99_seasonTiming\04_RUA\top_speed\Race 12.pdf,2026-04-22 16:34:46,249,
RUA,R12,888,William Brown,,37,NaN,NaN,false,NaN,E:\2026\99_seasonTiming\04_RUA\top_speed\Race 12.pdf,2026-04-22 16:34:46,248,
RUA,PRACTICE,888,William Brown,Ford Mustang GT,10,1,36,false,NaN,E:\2026\99_seasonTiming\04_RUA\pit_speed\Practice.pdf,2026-04-22 16:34:51,,
RUA,PRACTICE,777,Declan Fraser,Chev Camaro ZL1,10,1,38,false,NaN,E:\2026\99_seasonTiming\04_RUA\pit_speed\Practice.pdf,2026-04-22 16:34:51,,
RUA,PRACTICE,11,Jackson Walls,Ford Mustang GT,11,1,39,false,NaN,E:\2026\99_seasonTiming\04_RUA\pit_speed\Practice.pdf,2026-04-22 16:34:51,,
RUA,PRACTICE,4,Jack Le Brocq,Chev Camaro ZL1,11,1,39,false,NaN,E:\2026\99_seasonTiming\04_RUA\pit_speed\Practice.pdf,2026-04-22 16:34:51,,
RUA,PRACTICE,3,Aaron Cameron,Ford Mustang GT,11,1,39,false,NaN,E:\2026\99_seasonTiming\04_RUA\pit_speed\Practice.pdf,2026-04-22 16:34:51,,
RUA,PRACTICE,10,Zach Bates,Chev Camaro ZL1,13,1,36,false,NaN,E:\2026\99_seasonTiming\04_RUA\pit_speed\Practice.pdf,2026-04-22 16:34:51,,
RUA,PRACTICE,26,Kai Allen,Ford Mustang GT,12,1,35,false,NaN,E:\2026\99_seasonTiming\04_RUA\pit_speed\Practice.pdf,2026-04-22 16:34:51,,
RUA,PRACTICE,8,Andre Heimgartner,Toyota GR Supra A90,14,1,38,false,NaN,E:\2026\99_seasonTiming\04_RUA\pit_speed\Practice.pdf,2026-04-22 16:34:51,,
RUA,PRACTICE,2,Ryan Wood,Toyota GR Supra A90,12,1,38,false,NaN,E:\2026\99_seasonTiming\04_RUA\pit_speed\Practice.pdf,2026-04-22 16:34:51,,
RUA,PRACTICE,88,Broc Feeney,Ford Mustang GT,13,1,38,false,NaN,E:\2026\99_seasonTiming\04_RUA\pit_speed\Practice.pdf,2026-04-22 16:34:51,,
RUA,PRACTICE,17,Brodie Kostecki,Ford Mustang GT,11,1,39,false,NaN,E:\2026\99_seasonTiming\04_RUA\pit_speed\Practice.pdf,2026-04-22 16:34:51,,
RUA,PRACTICE,1,Chaz Mostert,Toyota GR Supra A90,13,1,39,false,NaN,E:\2026\99_seasonTiming\04_RUA\pit_speed\Practice.pdf,2026-04-22 16:34:51,,
RUA,PRACTICE,38,Rylan Gray,Ford Mustang GT,13,1,38,false,NaN,E:\2026\99_seasonTiming\04_RUA\pit_speed\Practice.pdf,2026-04-22 16:34:51,,
RUA,PRACTICE,19,Matthew Payne,Ford Mustang GT,13,1,39,false,NaN,E:\2026\99_seasonTiming\04_RUA\pit_speed\Practice.pdf,2026-04-22 16:34:51,,
RUA,PRACTICE,96,Macauley Jones,Toyota GR Supra A90,15,1,39,false,NaN,E:\2026\99_seasonTiming\04_RUA\pit_speed\Practice.pdf,2026-04-22 16:34:51,,
RUA,PRACTICE,99,Cooper Murray,Chev Camaro ZL1,12,1,37,false,NaN,E:\2026\99_seasonTiming\04_RUA\pit_speed\Practice.pdf,2026-04-22 16:34:51,,
RUA,PRACTICE,9,Jobe Stewart,Chev Camaro ZL1,15,1,36,false,NaN,E:\2026\99_seasonTiming\04_RUA\pit_speed\Practice.pdf,2026-04-22 16:34:51,,
RUA,PRACTICE,4,Jack Le Brocq,Chev Camaro ZL1,14,1,39,false,NaN,E:\2026\99_seasonTiming\04_RUA\pit_speed\Practice.pdf,2026-04-22 16:34:51,,
RUA,PRACTICE,31,Jayden Ojeda,Chev Camaro ZL1,14,1,39,false,NaN,E:\2026\99_seasonTiming\04_RUA\pit_speed\Practice.pdf,2026-04-22 16:34:51,,
RUA,PRACTICE,11,Jackson Walls,Ford Mustang GT,14,1,38,false,NaN,E:\2026\99_seasonTiming\04_RUA\pit_speed\Practice.pdf,2026-04-22 16:34:51,,
RUA,PRACTICE,7,James Golding,Ford Mustang GT,14,1,35,false,NaN,E:\2026\99_seasonTiming\04_RUA\pit_speed\Practice.pdf,2026-04-22 16:34:51,,
RUA,PRACTICE,888,William Brown,Ford Mustang GT,13,1,36,false,NaN,E:\2026\99_seasonTiming\04_RUA\pit_speed\Practice.pdf,2026-04-22 16:34:51,,
RUA,PRACTICE,777,Declan Fraser,Chev Camaro ZL1,14,1,36,false,NaN,E:\2026\99_seasonTiming\04_RUA\pit_speed\Practice.pdf,2026-04-22 16:34:51,,
RUA,PRACTICE,18,Anton De Pasquale,Chev Camaro ZL1,13,1,38,false,NaN,E:\2026\99_seasonTiming\04_RUA\pit_speed\Practice.pdf,2026-04-22 16:34:51,,
RUA,PRACTICE,6,Cameron Waters,Ford Mustang GT,17,1,39,false,NaN,E:\2026\99_seasonTiming\04_RUA\pit_speed\Practice.pdf,2026-04-22 16:34:51,,
RUA,PRACTICE,55,Thomas Randle,Ford Mustang GT,17,1,38,false,NaN,E:\2026\99_seasonTiming\04_RUA\pit_speed\Practice.pdf,2026-04-22 16:34:51,,
RUA,PRACTICE,3,Aaron Cameron,Ford Mustang GT,15,1,39,false,NaN,E:\2026\99_seasonTiming\04_RUA\pit_speed\Practice.pdf,2026-04-22 16:34:51,,
RUA,PRACTICE,38,Rylan Gray,Ford Mustang GT,15,1,38,false,NaN,E:\2026\99_seasonTiming\04_RUA\pit_speed\Practice.pdf,2026-04-22 16:34:51,,
RUA,PRACTICE,10,Zach Bates,Chev Camaro ZL1,17,1,37,false,NaN,E:\2026\99_seasonTiming\04_RUA\pit_speed\Practice.pdf,2026-04-22 16:34:51,,
RUA,PRACTICE,1,Chaz Mostert,Toyota GR Supra A90,16,1,39,false,NaN,E:\2026\99_seasonTiming\04_RUA\pit_speed\Practice.pdf,2026-04-22 16:34:51,,
RUA,PRACTICE,26,Kai Allen,Ford Mustang GT,16,1,35,false,NaN,E:\2026\99_seasonTiming\04_RUA\pit_speed\Practice.pdf,2026-04-22 16:34:51,,
RUA,PRACTICE,19,Matthew Payne,Ford Mustang GT,16,1,39,false,NaN,E:\2026\99_seasonTiming\04_RUA\pit_speed\Practice.pdf,2026-04-22 16:34:51,,
RUA,PRACTICE,88,Broc Feeney,Ford Mustang GT,17,1,31,false,NaN,E:\2026\99_seasonTiming\04_RUA\pit_speed\Practice.pdf,2026-04-22 16:34:51,,
RUA,PRACTICE,99,Cooper Murray,Chev Camaro ZL1,15,1,37,false,NaN,E:\2026\99_seasonTiming\04_RUA\pit_speed\Practice.pdf,2026-04-22 16:34:51,,
RUA,PRACTICE,2,Ryan Wood,Toyota GR Supra A90,16,1,38,false,NaN,E:\2026\99_seasonTiming\04_RUA\pit_speed\Practice.pdf,2026-04-22 16:34:51,,
RUA,PRACTICE,19,Matthew Payne,Ford Mustang GT,17,1,36,false,NaN,E:\2026\99_seasonTiming\04_RUA\pit_speed\Practice.pdf,2026-04-22 16:34:51,,
RUA,PRACTICE,31,Jayden Ojeda,Chev Camaro ZL1,16,1,39,false,NaN,E:\2026\99_seasonTiming\04_RUA\pit_speed\Practice.pdf,2026-04-22 16:34:51,,
RUA,PRACTICE,96,Macauley Jones,Toyota GR Supra A90,17,1,36,false,NaN,E:\2026\99_seasonTiming\04_RUA\pit_speed\Practice.pdf,2026-04-22 16:34:51,,
RUA,PRACTICE,8,Andre Heimgartner,Toyota GR Supra A90,20,1,37,false,NaN,E:\2026\99_seasonTiming\04_RUA\pit_speed\Practice.pdf,2026-04-22 16:34:51,,
RUA,PRACTICE,9,Jobe Stewart,Chev Camaro ZL1,18,1,39,false,NaN,E:\2026\99_seasonTiming\04_RUA\pit_speed\Practice.pdf,2026-04-22 16:34:51,,
RUA,PRACTICE,17,Brodie Kostecki,Ford Mustang GT,13,1,38,false,NaN,E:\2026\99_seasonTiming\04_RUA\pit_speed\Practice.pdf,2026-04-22 16:34:51,,
RUA,PRACTICE,888,William Brown,Ford Mustang GT,15,1,38,false,NaN,E:\2026\99_seasonTiming\04_RUA\pit_speed\Practice.pdf,2026-04-22 16:34:51,,
RUA,PRACTICE,777,Declan Fraser,Chev Camaro ZL1,16,1,36,false,NaN,E:\2026\99_seasonTiming\04_RUA\pit_speed\Practice.pdf,2026-04-22 16:34:51,,
RUA,PRACTICE,7,James Golding,Ford Mustang GT,17,1,38,false,NaN,E:\2026\99_seasonTiming\04_RUA\pit_speed\Practice.pdf,2026-04-22 16:34:51,,
RUA,PRACTICE,4,Jack Le Brocq,Chev Camaro ZL1,17,1,39,false,NaN,E:\2026\99_seasonTiming\04_RUA\pit_speed\Practice.pdf,2026-04-22 16:34:51,,
RUA,PRACTICE,55,Thomas Randle,Ford Mustang GT,19,1,38,false,NaN,E:\2026\99_seasonTiming\04_RUA\pit_speed\Practice.pdf,2026-04-22 16:34:51,,
RUA,PRACTICE,38,Rylan Gray,Ford Mustang GT,17,1,37,false,NaN,E:\2026\99_seasonTiming\04_RUA\pit_speed\Practice.pdf,2026-04-22 16:34:51,,
RUA,PRACTICE,2,Ryan Wood,Toyota GR Supra A90,17,1,37,false,NaN,E:\2026\99_seasonTiming\04_RUA\pit_speed\Practice.pdf,2026-04-22 16:34:51,,
RUA,PRACTICE,11,Jackson Walls,Ford Mustang GT,18,1,39,false,NaN,E:\2026\99_seasonTiming\04_RUA\pit_speed\Practice.pdf,2026-04-22 16:34:51,,
RUA,PRACTICE,3,Aaron Cameron,Ford Mustang GT,16,1,39,false,NaN,E:\2026\99_seasonTiming\04_RUA\pit_speed\Practice.pdf,2026-04-22 16:34:51,,
RUA,PRACTICE,6,Cameron Waters,Ford Mustang GT,20,1,38,false,NaN,E:\2026\99_seasonTiming\04_RUA\pit_speed\Practice.pdf,2026-04-22 16:34:51,,
RUA,PRACTICE,18,Anton De Pasquale,Chev Camaro ZL1,14,1,36,false,NaN,E:\2026\99_seasonTiming\04_RUA\pit_speed\Practice.pdf,2026-04-22 16:34:51,,
RUA,PRACTICE,99,Cooper Murray,Chev Camaro ZL1,17,1,36,false,NaN,E:\2026\99_seasonTiming\04_RUA\pit_speed\Practice.pdf,2026-04-22 16:34:51,,
RUA,PRACTICE,10,Zach Bates,Chev Camaro ZL1,20,1,36,false,NaN,E:\2026\99_seasonTiming\04_RUA\pit_speed\Practice.pdf,2026-04-22 16:34:51,,
RUA,PRACTICE,9,Jobe Stewart,Chev Camaro ZL1,21,1,38,false,NaN,E:\2026\99_seasonTiming\04_RUA\pit_speed\Practice.pdf,2026-04-22 16:34:51,,
RUA,PRACTICE,96,Macauley Jones,Toyota GR Supra A90,21,1,38,false,NaN,E:\2026\99_seasonTiming\04_RUA\pit_speed\Practice.pdf,2026-04-22 16:34:51,,
RUA,PRACTICE,26,Kai Allen,Ford Mustang GT,19,1,39,false,NaN,E:\2026\99_seasonTiming\04_RUA\pit_speed\Practice.pdf,2026-04-22 16:34:51,,
RUA,PRACTICE,55,Thomas Randle,Ford Mustang GT,22,1,34,false,NaN,E:\2026\99_seasonTiming\04_RUA\pit_speed\Practice.pdf,2026-04-22 16:34:51,,
RUA,PRACTICE,17,Brodie Kostecki,Ford Mustang GT,17,1,38,false,NaN,E:\2026\99_seasonTiming\04_RUA\pit_speed\Practice.pdf,2026-04-22 16:34:51,,
RUA,PRACTICE,7,James Golding,Ford Mustang GT,20,1,39,false,NaN,E:\2026\99_seasonTiming\04_RUA\pit_speed\Practice.pdf,2026-04-22 16:34:51,,
RUA,PRACTICE,4,Jack Le Brocq,Chev Camaro ZL1,20,1,39,false,NaN,E:\2026\99_seasonTiming\04_RUA\pit_speed\Practice.pdf,2026-04-22 16:34:51,,
RUA,PRACTICE,3,Aaron Cameron,Ford Mustang GT,19,1,37,false,NaN,E:\2026\99_seasonTiming\04_RUA\pit_speed\Practice.pdf,2026-04-22 16:34:51,,
RUA,PRACTICE,1,Chaz Mostert,Toyota GR Supra A90,22,1,37,false,NaN,E:\2026\99_seasonTiming\04_RUA\pit_speed\Practice.pdf,2026-04-22 16:34:51,,
RUA,PRACTICE,8,Andre Heimgartner,Toyota GR Supra A90,24,1,37,false,NaN,E:\2026\99_seasonTiming\04_RUA\pit_speed\Practice.pdf,2026-04-22 16:34:51,,
RUA,PRACTICE,10,Zach Bates,Chev Camaro ZL1,22,1,38,false,NaN,E:\2026\99_seasonTiming\04_RUA\pit_speed\Practice.pdf,2026-04-22 16:34:51,,
RUA,PRACTICE,777,Declan Fraser,Chev Camaro ZL1,20,1,32,false,NaN,E:\2026\99_seasonTiming\04_RUA\pit_speed\Practice.pdf,2026-04-22 16:34:51,,
RUA,PRACTICE,19,Matthew Payne,Ford Mustang GT,21,1,38,false,NaN,E:\2026\99_seasonTiming\04_RUA\pit_speed\Practice.pdf,2026-04-22 16:34:51,,
RUA,PRACTICE,38,Rylan Gray,Ford Mustang GT,21,1,37,false,NaN,E:\2026\99_seasonTiming\04_RUA\pit_speed\Practice.pdf,2026-04-22 16:34:51,,
RUA,PRACTICE,6,Cameron Waters,Ford Mustang GT,24,1,39,false,NaN,E:\2026\99_seasonTiming\04_RUA\pit_speed\Practice.pdf,2026-04-22 16:34:51,,
RUA,PRACTICE,18,Anton De Pasquale,Chev Camaro ZL1,18,1,39,false,NaN,E:\2026\99_seasonTiming\04_RUA\pit_speed\Practice.pdf,2026-04-22 16:34:51,,
RUA,PRACTICE,888,William Brown,Ford Mustang GT,19,1,37,false,NaN,E:\2026\99_seasonTiming\04_RUA\pit_speed\Practice.pdf,2026-04-22 16:34:51,,
RUA,PRACTICE,31,Jayden Ojeda,Chev Camaro ZL1,20,1,37,false,NaN,E:\2026\99_seasonTiming\04_RUA\pit_speed\Practice.pdf,2026-04-22 16:34:51,,
RUA,PRACTICE,2,Ryan Wood,Toyota GR Supra A90,21,1,36,false,NaN,E:\2026\99_seasonTiming\04_RUA\pit_speed\Practice.pdf,2026-04-22 16:34:51,,
RUA,PRACTICE,11,Jackson Walls,Ford Mustang GT,21,1,37,false,NaN,E:\2026\99_seasonTiming\04_RUA\pit_speed\Practice.pdf,2026-04-22 16:34:51,,
RUA,PRACTICE,99,Cooper Murray,Chev Camaro ZL1,21,1,35,false,NaN,E:\2026\99_seasonTiming\04_RUA\pit_speed\Practice.pdf,2026-04-22 16:34:51,,
RUA,PRACTICE,88,Broc Feeney,Ford Mustang GT,23,1,34,false,NaN,E:\2026\99_seasonTiming\04_RUA\pit_speed\Practice.pdf,2026-04-22 16:34:51,,
RUA,QR10,888,William Brown,Ford Mustang GT,2,1,39,false,NaN,E:\2026\99_seasonTiming\04_RUA\pit_speed\Qualifying Race 10.pdf,2026-04-22 16:34:52,,
RUA,QR10,88,Broc Feeney,Ford Mustang GT,2,1,34,false,NaN,E:\2026\99_seasonTiming\04_RUA\pit_speed\Qualifying Race 10.pdf,2026-04-22 16:34:52,,
RUA,QR10,2,Ryan Wood,Toyota GR Supra A90,2,1,38,false,NaN,E:\2026\99_seasonTiming\04_RUA\pit_speed\Qualifying Race 10.pdf,2026-04-22 16:34:52,,
RUA,QR10,38,Rylan Gray,Ford Mustang GT,2,1,39,false,NaN,E:\2026\99_seasonTiming\04_RUA\pit_speed\Qualifying Race 10.pdf,2026-04-22 16:34:52,,
RUA,QR10,6,Cameron Waters,Ford Mustang GT,2,1,39,false,NaN,E:\2026\99_seasonTiming\04_RUA\pit_speed\Qualifying Race 10.pdf,2026-04-22 16:34:52,,
RUA,QR10,11,Jackson Walls,Ford Mustang GT,2,1,38,false,NaN,E:\2026\99_seasonTiming\04_RUA\pit_speed\Qualifying Race 10.pdf,2026-04-22 16:34:52,,
RUA,QR10,14,Cameron Hill,Toyota GR Supra A90,2,1,38,false,NaN,E:\2026\99_seasonTiming\04_RUA\pit_speed\Qualifying Race 10.pdf,2026-04-22 16:34:52,,
RUA,QR10,96,Macauley Jones,Toyota GR Supra A90,2,1,34,false,NaN,E:\2026\99_seasonTiming\04_RUA\pit_speed\Qualifying Race 10.pdf,2026-04-22 16:34:52,,
RUA,QR10,9,Jobe Stewart,Chev Camaro ZL1,2,1,38,false,NaN,E:\2026\99_seasonTiming\04_RUA\pit_speed\Qualifying Race 10.pdf,2026-04-22 16:34:52,,
RUA,QR10,777,Declan Fraser,Chev Camaro ZL1,2,1,34,false,NaN,E:\2026\99_seasonTiming\04_RUA\pit_speed\Qualifying Race 10.pdf,2026-04-22 16:34:52,,
RUA,QR10,1,Chaz Mostert,Toyota GR Supra A90,3,1,39,false,NaN,E:\2026\99_seasonTiming\04_RUA\pit_speed\Qualifying Race 10.pdf,2026-04-22 16:34:52,,
RUA,QR10,19,Matthew Payne,Ford Mustang GT,3,1,39,false,NaN,E:\2026\99_seasonTiming\04_RUA\pit_speed\Qualifying Race 10.pdf,2026-04-22 16:34:52,,
RUA,QR10,26,Kai Allen,Ford Mustang GT,3,1,37,false,NaN,E:\2026\99_seasonTiming\04_RUA\pit_speed\Qualifying Race 10.pdf,2026-04-22 16:34:52,,
RUA,QR10,55,Thomas Randle,Ford Mustang GT,3,1,38,false,NaN,E:\2026\99_seasonTiming\04_RUA\pit_speed\Qualifying Race 10.pdf,2026-04-22 16:34:52,,
RUA,QR10,17,Brodie Kostecki,Ford Mustang GT,3,1,38,false,NaN,E:\2026\99_seasonTiming\04_RUA\pit_speed\Qualifying Race 10.pdf,2026-04-22 16:34:52,,
RUA,QR10,18,Anton De Pasquale,Chev Camaro ZL1,3,1,39,false,NaN,E:\2026\99_seasonTiming\04_RUA\pit_speed\Qualifying Race 10.pdf,2026-04-22 16:34:52,,
RUA,QR10,3,Aaron Cameron,Ford Mustang GT,3,1,38,false,NaN,E:\2026\99_seasonTiming\04_RUA\pit_speed\Qualifying Race 10.pdf,2026-04-22 16:34:52,,
RUA,QR10,7,James Golding,Ford Mustang GT,3,1,39,false,NaN,E:\2026\99_seasonTiming\04_RUA\pit_speed\Qualifying Race 10.pdf,2026-04-22 16:34:52,,
RUA,QR10,4,Jack Le Brocq,Chev Camaro ZL1,3,1,39,false,NaN,E:\2026\99_seasonTiming\04_RUA\pit_speed\Qualifying Race 10.pdf,2026-04-22 16:34:52,,
RUA,QR10,10,Zach Bates,Chev Camaro ZL1,3,1,38,false,NaN,E:\2026\99_seasonTiming\04_RUA\pit_speed\Qualifying Race 10.pdf,2026-04-22 16:34:52,,
RUA,QR10,8,Andre Heimgartner,Toyota GR Supra A90,3,1,36,false,NaN,E:\2026\99_seasonTiming\04_RUA\pit_speed\Qualifying Race 10.pdf,2026-04-22 16:34:52,,
RUA,QR10,31,Jayden Ojeda,Chev Camaro ZL1,3,1,39,false,NaN,E:\2026\99_seasonTiming\04_RUA\pit_speed\Qualifying Race 10.pdf,2026-04-22 16:34:52,,
RUA,QR10,99,Cooper Murray,Chev Camaro ZL1,3,1,37,false,NaN,E:\2026\99_seasonTiming\04_RUA\pit_speed\Qualifying Race 10.pdf,2026-04-22 16:34:52,,
RUA,QR10,31,Jayden Ojeda,Chev Camaro ZL1,5,1,33,false,NaN,E:\2026\99_seasonTiming\04_RUA\pit_speed\Qualifying Race 10.pdf,2026-04-22 16:34:52,,
RUA,QR10,88,Broc Feeney,Ford Mustang GT,5,1,32,false,NaN,E:\2026\99_seasonTiming\04_RUA\pit_speed\Qualifying Race 10.pdf,2026-04-22 16:34:52,,
RUA,QR10,888,William Brown,Ford Mustang GT,5,1,38,false,NaN,E:\2026\99_seasonTiming\04_RUA\pit_speed\Qualifying Race 10.pdf,2026-04-22 16:34:52,,
RUA,QR10,6,Cameron Waters,Ford Mustang GT,5,1,39,false,NaN,E:\2026\99_seasonTiming\04_RUA\pit_speed\Qualifying Race 10.pdf,2026-04-22 16:34:52,,
RUA,QR10,17,Brodie Kostecki,Ford Mustang GT,6,1,36,false,NaN,E:\2026\99_seasonTiming\04_RUA\pit_speed\Qualifying Race 10.pdf,2026-04-22 16:34:52,,
RUA,QR10,38,Rylan Gray,Ford Mustang GT,5,1,38,false,NaN,E:\2026\99_seasonTiming\04_RUA\pit_speed\Qualifying Race 10.pdf,2026-04-22 16:34:52,,
RUA,QR10,9,Jobe Stewart,Chev Camaro ZL1,5,1,38,false,NaN,E:\2026\99_seasonTiming\04_RUA\pit_speed\Qualifying Race 10.pdf,2026-04-22 16:34:52,,
RUA,QR10,96,Macauley Jones,Toyota GR Supra A90,5,1,38,false,NaN,E:\2026\99_seasonTiming\04_RUA\pit_speed\Qualifying Race 10.pdf,2026-04-22 16:34:52,,
RUA,QR10,14,Cameron Hill,Toyota GR Supra A90,5,1,37,false,NaN,E:\2026\99_seasonTiming\04_RUA\pit_speed\Qualifying Race 10.pdf,2026-04-22 16:34:52,,
RUA,QR10,11,Jackson Walls,Ford Mustang GT,5,1,39,false,NaN,E:\2026\99_seasonTiming\04_RUA\pit_speed\Qualifying Race 10.pdf,2026-04-22 16:34:52,,
RUA,QR10,777,Declan Fraser,Chev Camaro ZL1,5,1,31,false,NaN,E:\2026\99_seasonTiming\04_RUA\pit_speed\Qualifying Race 10.pdf,2026-04-22 16:34:52,,
RUA,QR10,8,Andre Heimgartner,Toyota GR Supra A90,6,1,34,false,NaN,E:\2026\99_seasonTiming\04_RUA\pit_speed\Qualifying Race 10.pdf,2026-04-22 16:34:52,,
RUA,QR10,1,Chaz Mostert,Toyota GR Supra A90,6,1,36,false,NaN,E:\2026\99_seasonTiming\04_RUA\pit_speed\Qualifying Race 10.pdf,2026-04-22 16:34:52,,
RUA,QR10,55,Thomas Randle,Ford Mustang GT,6,1,38,false,NaN,E:\2026\99_seasonTiming\04_RUA\pit_speed\Qualifying Race 10.pdf,2026-04-22 16:34:52,,
RUA,QR10,2,Ryan Wood,Toyota GR Supra A90,5,1,35,false,NaN,E:\2026\99_seasonTiming\04_RUA\pit_speed\Qualifying Race 10.pdf,2026-04-22 16:34:52,,
RUA,QR10,18,Anton De Pasquale,Chev Camaro ZL1,6,1,37,false,NaN,E:\2026\99_seasonTiming\04_RUA\pit_speed\Qualifying Race 10.pdf,2026-04-22 16:34:52,,
RUA,QR10,3,Aaron Cameron,Ford Mustang GT,6,1,38,false,NaN,E:\2026\99_seasonTiming\04_RUA\pit_speed\Qualifying Race 10.pdf,2026-04-22 16:34:52,,
RUA,QR10,19,Matthew Payne,Ford Mustang GT,6,1,38,false,NaN,E:\2026\99_seasonTiming\04_RUA\pit_speed\Qualifying Race 10.pdf,2026-04-22 16:34:52,,
RUA,QR10,7,James Golding,Ford Mustang GT,6,1,38,false,NaN,E:\2026\99_seasonTiming\04_RUA\pit_speed\Qualifying Race 10.pdf,2026-04-22 16:34:52,,
RUA,QR10,4,Jack Le Brocq,Chev Camaro ZL1,6,1,34,false,NaN,E:\2026\99_seasonTiming\04_RUA\pit_speed\Qualifying Race 10.pdf,2026-04-22 16:34:52,,
RUA,QR10,99,Cooper Murray,Chev Camaro ZL1,6,1,37,false,NaN,E:\2026\99_seasonTiming\04_RUA\pit_speed\Qualifying Race 10.pdf,2026-04-22 16:34:52,,
RUA,QR10,10,Zach Bates,Chev Camaro ZL1,6,1,37,false,NaN,E:\2026\99_seasonTiming\04_RUA\pit_speed\Qualifying Race 10.pdf,2026-04-22 16:34:52,,
RUA,QR10,26,Kai Allen,Ford Mustang GT,7,1,33,false,NaN,E:\2026\99_seasonTiming\04_RUA\pit_speed\Qualifying Race 10.pdf,2026-04-22 16:34:52,,
RUA,QR10,19,Matthew Payne,Ford Mustang GT,7,1,35,false,NaN,E:\2026\99_seasonTiming\04_RUA\pit_speed\Qualifying Race 10.pdf,2026-04-22 16:34:52,,
RUA,QR10,10,Zach Bates,Chev Camaro ZL1,8,1,37,false,NaN,E:\2026\99_seasonTiming\04_RUA\pit_speed\Qualifying Race 10.pdf,2026-04-22 16:34:52,,
RUA,QR10,88,Broc Feeney,Ford Mustang GT,8,1,37,false,NaN,E:\2026\99_seasonTiming\04_RUA\pit_speed\Qualifying Race 10.pdf,2026-04-22 16:34:52,,
RUA,QR10,888,William Brown,Ford Mustang GT,8,1,39,false,NaN,E:\2026\99_seasonTiming\04_RUA\pit_speed\Qualifying Race 10.pdf,2026-04-22 16:34:52,,
RUA,QR10,1,Chaz Mostert,Toyota GR Supra A90,8,1,38,false,NaN,E:\2026\99_seasonTiming\04_RUA\pit_speed\Qualifying Race 10.pdf,2026-04-22 16:34:52,,
RUA,QR10,2,Ryan Wood,Toyota GR Supra A90,7,1,38,false,NaN,E:\2026\99_seasonTiming\04_RUA\pit_speed\Qualifying Race 10.pdf,2026-04-22 16:34:52,,
RUA,QR10,7,James Golding,Ford Mustang GT,8,1,39,false,NaN,E:\2026\99_seasonTiming\04_RUA\pit_speed\Qualifying Race 10.pdf,2026-04-22 16:34:52,,
RUA,QR10,17,Brodie Kostecki,Ford Mustang GT,8,1,35,false,NaN,E:\2026\99_seasonTiming\04_RUA\pit_speed\Qualifying Race 10.pdf,2026-04-22 16:34:52,,
RUA,QR10,18,Anton De Pasquale,Chev Camaro ZL1,8,1,38,false,NaN,E:\2026\99_seasonTiming\04_RUA\pit_speed\Qualifying Race 10.pdf,2026-04-22 16:34:52,,
RUA,QR10,10,Zach Bates,Chev Camaro ZL1,10,1,38,false,NaN,E:\2026\99_seasonTiming\04_RUA\pit_speed\Qualifying Race 10.pdf,2026-04-22 16:34:52,,
RUA,QR10,19,Matthew Payne,Ford Mustang GT,9,1,39,false,NaN,E:\2026\99_seasonTiming\04_RUA\pit_speed\Qualifying Race 10.pdf,2026-04-22 16:34:52,,
RUA,QR11,88,Broc Feeney,Ford Mustang GT,2,1,33,false,NaN,E:\2026\99_seasonTiming\04_RUA\pit_speed\Qualifying Race 11.pdf,2026-04-22 16:34:52,,
RUA,QR11,888,William Brown,Ford Mustang GT,2,1,39,false,NaN,E:\2026\99_seasonTiming\04_RUA\pit_speed\Qualifying Race 11.pdf,2026-04-22 16:34:52,,
RUA,QR11,1,Chaz Mostert,Toyota GR Supra A90,2,1,38,false,NaN,E:\2026\99_seasonTiming\04_RUA\pit_speed\Qualifying Race 11.pdf,2026-04-22 16:34:52,,
RUA,QR11,2,Ryan Wood,Toyota GR Supra A90,2,1,38,false,NaN,E:\2026\99_seasonTiming\04_RUA\pit_speed\Qualifying Race 11.pdf,2026-04-22 16:34:52,,
RUA,QR11,19,Matthew Payne,Ford Mustang GT,2,1,39,false,NaN,E:\2026\99_seasonTiming\04_RUA\pit_speed\Qualifying Race 11.pdf,2026-04-22 16:34:52,,
RUA,QR11,26,Kai Allen,Ford Mustang GT,2,1,36,false,NaN,E:\2026\99_seasonTiming\04_RUA\pit_speed\Qualifying Race 11.pdf,2026-04-22 16:34:52,,
RUA,QR11,6,Cameron Waters,Ford Mustang GT,2,1,39,false,NaN,E:\2026\99_seasonTiming\04_RUA\pit_speed\Qualifying Race 11.pdf,2026-04-22 16:34:52,,
RUA,QR11,17,Brodie Kostecki,Ford Mustang GT,2,1,37,false,NaN,E:\2026\99_seasonTiming\04_RUA\pit_speed\Qualifying Race 11.pdf,2026-04-22 16:34:52,,
RUA,QR11,20,David Reynolds,Chev Camaro ZL1,2,1,35,false,NaN,E:\2026\99_seasonTiming\04_RUA\pit_speed\Qualifying Race 11.pdf,2026-04-22 16:34:52,,
RUA,QR11,18,Anton De Pasquale,Chev Camaro ZL1,2,1,39,false,NaN,E:\2026\99_seasonTiming\04_RUA\pit_speed\Qualifying Race 11.pdf,2026-04-22 16:34:52,,
RUA,QR11,10,Zach Bates,Chev Camaro ZL1,2,1,38,false,NaN,E:\2026\99_seasonTiming\04_RUA\pit_speed\Qualifying Race 11.pdf,2026-04-22 16:34:52,,
RUA,QR11,14,Cameron Hill,Toyota GR Supra A90,2,1,39,false,NaN,E:\2026\99_seasonTiming\04_RUA\pit_speed\Qualifying Race 11.pdf,2026-04-22 16:34:52,,
RUA,QR11,99,Cooper Murray,Chev Camaro ZL1,2,1,38,false,NaN,E:\2026\99_seasonTiming\04_RUA\pit_speed\Qualifying Race 11.pdf,2026-04-22 16:34:52,,
RUA,QR11,96,Macauley Jones,Toyota GR Supra A90,2,1,32,false,NaN,E:\2026\99_seasonTiming\04_RUA\pit_speed\Qualifying Race 11.pdf,2026-04-22 16:34:52,,
RUA,QR11,9,Jobe Stewart,Chev Camaro ZL1,2,1,39,false,NaN,E:\2026\99_seasonTiming\04_RUA\pit_speed\Qualifying Race 11.pdf,2026-04-22 16:34:52,,
RUA,QR11,777,Declan Fraser,Chev Camaro ZL1,2,1,31,false,NaN,E:\2026\99_seasonTiming\04_RUA\pit_speed\Qualifying Race 11.pdf,2026-04-22 16:34:52,,
RUA,QR11,31,Jayden Ojeda,Chev Camaro ZL1,2,1,37,false,NaN,E:\2026\99_seasonTiming\04_RUA\pit_speed\Qualifying Race 11.pdf,2026-04-22 16:34:52,,
RUA,QR11,55,Thomas Randle,Ford Mustang GT,3,1,38,false,NaN,E:\2026\99_seasonTiming\04_RUA\pit_speed\Qualifying Race 11.pdf,2026-04-22 16:34:52,,
RUA,QR11,38,Rylan Gray,Ford Mustang GT,3,1,39,false,NaN,E:\2026\99_seasonTiming\04_RUA\pit_speed\Qualifying Race 11.pdf,2026-04-22 16:34:52,,
RUA,QR11,7,James Golding,Ford Mustang GT,3,1,38,false,NaN,E:\2026\99_seasonTiming\04_RUA\pit_speed\Qualifying Race 11.pdf,2026-04-22 16:34:52,,
RUA,QR11,11,Jackson Walls,Ford Mustang GT,3,1,39,false,NaN,E:\2026\99_seasonTiming\04_RUA\pit_speed\Qualifying Race 11.pdf,2026-04-22 16:34:52,,
RUA,QR11,4,Jack Le Brocq,Chev Camaro ZL1,3,1,36,false,NaN,E:\2026\99_seasonTiming\04_RUA\pit_speed\Qualifying Race 11.pdf,2026-04-22 16:34:52,,
RUA,QR11,3,Aaron Cameron,Ford Mustang GT,3,1,38,false,NaN,E:\2026\99_seasonTiming\04_RUA\pit_speed\Qualifying Race 11.pdf,2026-04-22 16:34:52,,
RUA,QR11,888,William Brown,Ford Mustang GT,5,1,39,false,NaN,E:\2026\99_seasonTiming\04_RUA\pit_speed\Qualifying Race 11.pdf,2026-04-22 16:34:52,,
RUA,QR11,8,Andre Heimgartner,Toyota GR Supra A90,5,1,33,false,NaN,E:\2026\99_seasonTiming\04_RUA\pit_speed\Qualifying Race 11.pdf,2026-04-22 16:34:52,,
RUA,QR11,19,Matthew Payne,Ford Mustang GT,5,1,37,false,NaN,E:\2026\99_seasonTiming\04_RUA\pit_speed\Qualifying Race 11.pdf,2026-04-22 16:34:52,,
RUA,QR11,6,Cameron Waters,Ford Mustang GT,5,1,38,false,NaN,E:\2026\99_seasonTiming\04_RUA\pit_speed\Qualifying Race 11.pdf,2026-04-22 16:34:52,,
RUA,QR11,17,Brodie Kostecki,Ford Mustang GT,5,1,37,false,NaN,E:\2026\99_seasonTiming\04_RUA\pit_speed\Qualifying Race 11.pdf,2026-04-22 16:34:52,,
RUA,QR11,10,Zach Bates,Chev Camaro ZL1,5,1,38,false,NaN,E:\2026\99_seasonTiming\04_RUA\pit_speed\Qualifying Race 11.pdf,2026-04-22 16:34:52,,
RUA,QR11,99,Cooper Murray,Chev Camaro ZL1,5,1,37,false,NaN,E:\2026\99_seasonTiming\04_RUA\pit_speed\Qualifying Race 11.pdf,2026-04-22 16:34:52,,
RUA,QR11,14,Cameron Hill,Toyota GR Supra A90,5,1,37,false,NaN,E:\2026\99_seasonTiming\04_RUA\pit_speed\Qualifying Race 11.pdf,2026-04-22 16:34:52,,
RUA,QR11,777,Declan Fraser,Chev Camaro ZL1,5,1,34,false,NaN,E:\2026\99_seasonTiming\04_RUA\pit_speed\Qualifying Race 11.pdf,2026-04-22 16:34:52,,
RUA,QR11,20,David Reynolds,Chev Camaro ZL1,5,1,36,false,NaN,E:\2026\99_seasonTiming\04_RUA\pit_speed\Qualifying Race 11.pdf,2026-04-22 16:34:52,,
RUA,QR11,1,Chaz Mostert,Toyota GR Supra A90,5,1,38,false,NaN,E:\2026\99_seasonTiming\04_RUA\pit_speed\Qualifying Race 11.pdf,2026-04-22 16:34:52,,
RUA,QR11,2,Ryan Wood,Toyota GR Supra A90,5,1,35,false,NaN,E:\2026\99_seasonTiming\04_RUA\pit_speed\Qualifying Race 11.pdf,2026-04-22 16:34:52,,
RUA,QR11,96,Macauley Jones,Toyota GR Supra A90,5,1,35,false,NaN,E:\2026\99_seasonTiming\04_RUA\pit_speed\Qualifying Race 11.pdf,2026-04-22 16:34:52,,
RUA,QR11,9,Jobe Stewart,Chev Camaro ZL1,5,1,35,false,NaN,E:\2026\99_seasonTiming\04_RUA\pit_speed\Qualifying Race 11.pdf,2026-04-22 16:34:52,,
RUA,QR11,55,Thomas Randle,Ford Mustang GT,6,1,36,false,NaN,E:\2026\99_seasonTiming\04_RUA\pit_speed\Qualifying Race 11.pdf,2026-04-22 16:34:52,,
RUA,QR11,31,Jayden Ojeda,Chev Camaro ZL1,5,1,37,false,NaN,E:\2026\99_seasonTiming\04_RUA\pit_speed\Qualifying Race 11.pdf,2026-04-22 16:34:52,,
RUA,QR11,7,James Golding,Ford Mustang GT,6,1,35,false,NaN,E:\2026\99_seasonTiming\04_RUA\pit_speed\Qualifying Race 11.pdf,2026-04-22 16:34:52,,
RUA,QR11,3,Aaron Cameron,Ford Mustang GT,6,1,32,false,NaN,E:\2026\99_seasonTiming\04_RUA\pit_speed\Qualifying Race 11.pdf,2026-04-22 16:34:52,,
RUA,QR11,11,Jackson Walls,Ford Mustang GT,6,1,36,false,NaN,E:\2026\99_seasonTiming\04_RUA\pit_speed\Qualifying Race 11.pdf,2026-04-22 16:34:52,,
RUA,QR11,88,Broc Feeney,Ford Mustang GT,6,1,34,false,NaN,E:\2026\99_seasonTiming\04_RUA\pit_speed\Qualifying Race 11.pdf,2026-04-22 16:34:52,,
RUA,QR11,26,Kai Allen,Ford Mustang GT,6,1,36,false,NaN,E:\2026\99_seasonTiming\04_RUA\pit_speed\Qualifying Race 11.pdf,2026-04-22 16:34:52,,
RUA,QR11,18,Anton De Pasquale,Chev Camaro ZL1,6,1,39,false,NaN,E:\2026\99_seasonTiming\04_RUA\pit_speed\Qualifying Race 11.pdf,2026-04-22 16:34:52,,
RUA,QR11,38,Rylan Gray,Ford Mustang GT,7,1,38,false,NaN,E:\2026\99_seasonTiming\04_RUA\pit_speed\Qualifying Race 11.pdf,2026-04-22 16:34:52,,
RUA,QR11,4,Jack Le Brocq,Chev Camaro ZL1,7,1,35,false,NaN,E:\2026\99_seasonTiming\04_RUA\pit_speed\Qualifying Race 11.pdf,2026-04-22 16:34:52,,
RUA,QR11,19,Matthew Payne,Ford Mustang GT,8,1,39,false,NaN,E:\2026\99_seasonTiming\04_RUA\pit_speed\Qualifying Race 11.pdf,2026-04-22 16:34:52,,
RUA,QR11,26,Kai Allen,Ford Mustang GT,9,1,38,false,NaN,E:\2026\99_seasonTiming\04_RUA\pit_speed\Qualifying Race 11.pdf,2026-04-22 16:34:52,,
RUA,QR11,88,Broc Feeney,Ford Mustang GT,9,1,34,false,NaN,E:\2026\99_seasonTiming\04_RUA\pit_speed\Qualifying Race 11.pdf,2026-04-22 16:34:52,,
RUA,QR11,31,Jayden Ojeda,Chev Camaro ZL1,7,1,38,false,NaN,E:\2026\99_seasonTiming\04_RUA\pit_speed\Qualifying Race 11.pdf,2026-04-22 16:34:52,,
RUA,QR11,2,Ryan Wood,Toyota GR Supra A90,8,1,38,false,NaN,E:\2026\99_seasonTiming\04_RUA\pit_speed\Qualifying Race 11.pdf,2026-04-22 16:34:52,,
RUA,QR11,8,Andre Heimgartner,Toyota GR Supra A90,8,1,32,false,NaN,E:\2026\99_seasonTiming\04_RUA\pit_speed\Qualifying Race 11.pdf,2026-04-22 16:34:52,,
RUA,QR11,88,Broc Feeney,Ford Mustang GT,11,1,33,false,NaN,E:\2026\99_seasonTiming\04_RUA\pit_speed\Qualifying Race 11.pdf,2026-04-22 16:34:52,,
RUA,QR11,888,William Brown,Ford Mustang GT,7,1,39,false,NaN,E:\2026\99_seasonTiming\04_RUA\pit_speed\Qualifying Race 11.pdf,2026-04-22 16:34:52,,
RUA,QR11,17,Brodie Kostecki,Ford Mustang GT,7,1,33,false,NaN,E:\2026\99_seasonTiming\04_RUA\pit_speed\Qualifying Race 11.pdf,2026-04-22 16:34:52,,
RUA,QR11,7,James Golding,Ford Mustang GT,8,1,38,false,NaN,E:\2026\99_seasonTiming\04_RUA\pit_speed\Qualifying Race 11.pdf,2026-04-22 16:34:52,,
RUA,QR11,3,Aaron Cameron,Ford Mustang GT,8,1,38,false,NaN,E:\2026\99_seasonTiming\04_RUA\pit_speed\Qualifying Race 11.pdf,2026-04-22 16:34:52,,
RUA,QR12,2,Ryan Wood,Toyota GR Supra A90,2,1,36,false,NaN,E:\2026\99_seasonTiming\04_RUA\pit_speed\Qualifying Race 12.pdf,2026-04-22 16:34:53,,
RUA,QR12,19,Matthew Payne,Ford Mustang GT,2,1,39,false,NaN,E:\2026\99_seasonTiming\04_RUA\pit_speed\Qualifying Race 12.pdf,2026-04-22 16:34:53,,
RUA,QR12,55,Thomas Randle,Ford Mustang GT,2,1,31,false,NaN,E:\2026\99_seasonTiming\04_RUA\pit_speed\Qualifying Race 12.pdf,2026-04-22 16:34:53,,
RUA,QR12,17,Brodie Kostecki,Ford Mustang GT,2,1,35,false,NaN,E:\2026\99_seasonTiming\04_RUA\pit_speed\Qualifying Race 12.pdf,2026-04-22 16:34:53,,
RUA,QR12,20,David Reynolds,Chev Camaro ZL1,2,1,38,false,NaN,E:\2026\99_seasonTiming\04_RUA\pit_speed\Qualifying Race 12.pdf,2026-04-22 16:34:53,,
RUA,QR12,8,Andre Heimgartner,Toyota GR Supra A90,2,1,32,false,NaN,E:\2026\99_seasonTiming\04_RUA\pit_speed\Qualifying Race 12.pdf,2026-04-22 16:34:53,,
RUA,QR12,18,Anton De Pasquale,Chev Camaro ZL1,2,1,35,false,NaN,E:\2026\99_seasonTiming\04_RUA\pit_speed\Qualifying Race 12.pdf,2026-04-22 16:34:53,,
RUA,QR12,7,James Golding,Ford Mustang GT,2,1,37,false,NaN,E:\2026\99_seasonTiming\04_RUA\pit_speed\Qualifying Race 12.pdf,2026-04-22 16:34:53,,
RUA,QR12,4,Jack Le Brocq,Chev Camaro ZL1,2,1,39,false,NaN,E:\2026\99_seasonTiming\04_RUA\pit_speed\Qualifying Race 12.pdf,2026-04-22 16:34:53,,
RUA,QR12,10,Zach Bates,Chev Camaro ZL1,2,1,39,false,NaN,E:\2026\99_seasonTiming\04_RUA\pit_speed\Qualifying Race 12.pdf,2026-04-22 16:34:53,,
RUA,QR12,99,Cooper Murray,Chev Camaro ZL1,2,1,38,false,NaN,E:\2026\99_seasonTiming\04_RUA\pit_speed\Qualifying Race 12.pdf,2026-04-22 16:34:53,,
RUA,QR12,14,Cameron Hill,Toyota GR Supra A90,2,1,38,false,NaN,E:\2026\99_seasonTiming\04_RUA\pit_speed\Qualifying Race 12.pdf,2026-04-22 16:34:53,,
RUA,QR12,96,Macauley Jones,Toyota GR Supra A90,2,1,35,false,NaN,E:\2026\99_seasonTiming\04_RUA\pit_speed\Qualifying Race 12.pdf,2026-04-22 16:34:53,,
RUA,QR12,3,Aaron Cameron,Ford Mustang GT,2,1,37,false,NaN,E:\2026\99_seasonTiming\04_RUA\pit_speed\Qualifying Race 12.pdf,2026-04-22 16:34:53,,
RUA,QR12,777,Declan Fraser,Chev Camaro ZL1,2,1,34,false,NaN,E:\2026\99_seasonTiming\04_RUA\pit_speed\Qualifying Race 12.pdf,2026-04-22 16:34:53,,
RUA,QR12,31,Jayden Ojeda,Chev Camaro ZL1,2,1,36,false,NaN,E:\2026\99_seasonTiming\04_RUA\pit_speed\Qualifying Race 12.pdf,2026-04-22 16:34:53,,
RUA,QR12,9,Jobe Stewart,Chev Camaro ZL1,2,1,38,false,NaN,E:\2026\99_seasonTiming\04_RUA\pit_speed\Qualifying Race 12.pdf,2026-04-22 16:34:53,,
RUA,QR12,88,Broc Feeney,Ford Mustang GT,3,1,34,false,NaN,E:\2026\99_seasonTiming\04_RUA\pit_speed\Qualifying Race 12.pdf,2026-04-22 16:34:53,,
RUA,QR12,888,William Brown,Ford Mustang GT,3,1,39,false,NaN,E:\2026\99_seasonTiming\04_RUA\pit_speed\Qualifying Race 12.pdf,2026-04-22 16:34:53,,
RUA,QR12,1,Chaz Mostert,Toyota GR Supra A90,3,1,38,false,NaN,E:\2026\99_seasonTiming\04_RUA\pit_speed\Qualifying Race 12.pdf,2026-04-22 16:34:53,,
RUA,QR12,26,Kai Allen,Ford Mustang GT,3,1,36,false,NaN,E:\2026\99_seasonTiming\04_RUA\pit_speed\Qualifying Race 12.pdf,2026-04-22 16:34:53,,
RUA,QR12,6,Cameron Waters,Ford Mustang GT,3,1,39,false,NaN,E:\2026\99_seasonTiming\04_RUA\pit_speed\Qualifying Race 12.pdf,2026-04-22 16:34:53,,
RUA,QR12,38,Rylan Gray,Ford Mustang GT,3,1,38,false,NaN,E:\2026\99_seasonTiming\04_RUA\pit_speed\Qualifying Race 12.pdf,2026-04-22 16:34:53,,
RUA,QR12,11,Jackson Walls,Ford Mustang GT,3,1,38,false,NaN,E:\2026\99_seasonTiming\04_RUA\pit_speed\Qualifying Race 12.pdf,2026-04-22 16:34:53,,
RUA,QR12,18,Anton De Pasquale,Chev Camaro ZL1,4,1,38,false,NaN,E:\2026\99_seasonTiming\04_RUA\pit_speed\Qualifying Race 12.pdf,2026-04-22 16:34:53,,
RUA,QR12,9,Jobe Stewart,Chev Camaro ZL1,5,1,38,false,NaN,E:\2026\99_seasonTiming\04_RUA\pit_speed\Qualifying Race 12.pdf,2026-04-22 16:34:53,,
RUA,QR12,10,Zach Bates,Chev Camaro ZL1,5,1,39,false,NaN,E:\2026\99_seasonTiming\04_RUA\pit_speed\Qualifying Race 12.pdf,2026-04-22 16:34:53,,
RUA,QR12,99,Cooper Murray,Chev Camaro ZL1,5,1,38,false,NaN,E:\2026\99_seasonTiming\04_RUA\pit_speed\Qualifying Race 12.pdf,2026-04-22 16:34:53,,
RUA,QR12,31,Jayden Ojeda,Chev Camaro ZL1,5,1,38,false,NaN,E:\2026\99_seasonTiming\04_RUA\pit_speed\Qualifying Race 12.pdf,2026-04-22 16:34:53,,
RUA,QR12,19,Matthew Payne,Ford Mustang GT,5,1,38,false,NaN,E:\2026\99_seasonTiming\04_RUA\pit_speed\Qualifying Race 12.pdf,2026-04-22 16:34:53,,
RUA,QR12,4,Jack Le Brocq,Chev Camaro ZL1,5,1,36,false,NaN,E:\2026\99_seasonTiming\04_RUA\pit_speed\Qualifying Race 12.pdf,2026-04-22 16:34:53,,
RUA,QR12,88,Broc Feeney,Ford Mustang GT,6,1,34,false,NaN,E:\2026\99_seasonTiming\04_RUA\pit_speed\Qualifying Race 12.pdf,2026-04-22 16:34:53,,
RUA,QR12,6,Cameron Waters,Ford Mustang GT,6,1,39,false,NaN,E:\2026\99_seasonTiming\04_RUA\pit_speed\Qualifying Race 12.pdf,2026-04-22 16:34:53,,
RUA,QR12,17,Brodie Kostecki,Ford Mustang GT,5,1,37,false,NaN,E:\2026\99_seasonTiming\04_RUA\pit_speed\Qualifying Race 12.pdf,2026-04-22 16:34:53,,
RUA,QR12,20,David Reynolds,Chev Camaro ZL1,5,1,37,false,NaN,E:\2026\99_seasonTiming\04_RUA\pit_speed\Qualifying Race 12.pdf,2026-04-22 16:34:53,,
RUA,QR12,1,Chaz Mostert,Toyota GR Supra A90,6,1,36,false,NaN,E:\2026\99_seasonTiming\04_RUA\pit_speed\Qualifying Race 12.pdf,2026-04-22 16:34:53,,
RUA,QR12,96,Macauley Jones,Toyota GR Supra A90,5,1,35,false,NaN,E:\2026\99_seasonTiming\04_RUA\pit_speed\Qualifying Race 12.pdf,2026-04-22 16:34:53,,
RUA,QR12,7,James Golding,Ford Mustang GT,5,1,37,false,NaN,E:\2026\99_seasonTiming\04_RUA\pit_speed\Qualifying Race 12.pdf,2026-04-22 16:34:53,,
RUA,QR12,3,Aaron Cameron,Ford Mustang GT,5,1,34,false,NaN,E:\2026\99_seasonTiming\04_RUA\pit_speed\Qualifying Race 12.pdf,2026-04-22 16:34:53,,
RUA,QR12,11,Jackson Walls,Ford Mustang GT,6,1,37,false,NaN,E:\2026\99_seasonTiming\04_RUA\pit_speed\Qualifying Race 12.pdf,2026-04-22 16:34:53,,
RUA,QR12,26,Kai Allen,Ford Mustang GT,6,1,38,false,NaN,E:\2026\99_seasonTiming\04_RUA\pit_speed\Qualifying Race 12.pdf,2026-04-22 16:34:53,,
RUA,QR12,14,Cameron Hill,Toyota GR Supra A90,6,1,37,false,NaN,E:\2026\99_seasonTiming\04_RUA\pit_speed\Qualifying Race 12.pdf,2026-04-22 16:34:53,,
RUA,QR12,777,Declan Fraser,Chev Camaro ZL1,6,1,34,false,NaN,E:\2026\99_seasonTiming\04_RUA\pit_speed\Qualifying Race 12.pdf,2026-04-22 16:34:53,,
RUA,QR12,888,William Brown,Ford Mustang GT,7,1,39,false,NaN,E:\2026\99_seasonTiming\04_RUA\pit_speed\Qualifying Race 12.pdf,2026-04-22 16:34:53,,
RUA,QR12,55,Thomas Randle,Ford Mustang GT,6,1,33,false,NaN,E:\2026\99_seasonTiming\04_RUA\pit_speed\Qualifying Race 12.pdf,2026-04-22 16:34:53,,
RUA,QR12,38,Rylan Gray,Ford Mustang GT,7,1,38,false,NaN,E:\2026\99_seasonTiming\04_RUA\pit_speed\Qualifying Race 12.pdf,2026-04-22 16:34:53,,
RUA,QR12,88,Broc Feeney,Ford Mustang GT,9,1,32,false,NaN,E:\2026\99_seasonTiming\04_RUA\pit_speed\Qualifying Race 12.pdf,2026-04-22 16:34:53,,
RUA,QR12,2,Ryan Wood,Toyota GR Supra A90,5,1,38,false,NaN,E:\2026\99_seasonTiming\04_RUA\pit_speed\Qualifying Race 12.pdf,2026-04-22 16:34:53,,
RUA,QR12,19,Matthew Payne,Ford Mustang GT,8,1,37,false,NaN,E:\2026\99_seasonTiming\04_RUA\pit_speed\Qualifying Race 12.pdf,2026-04-22 16:34:53,,
RUA,QR12,26,Kai Allen,Ford Mustang GT,9,1,37,false,NaN,E:\2026\99_seasonTiming\04_RUA\pit_speed\Qualifying Race 12.pdf,2026-04-22 16:34:53,,
RUA,QR12,18,Anton De Pasquale,Chev Camaro ZL1,7,1,39,false,NaN,E:\2026\99_seasonTiming\04_RUA\pit_speed\Qualifying Race 12.pdf,2026-04-22 16:34:53,,
RUA,QR12,88,Broc Feeney,Ford Mustang GT,11,1,33,false,NaN,E:\2026\99_seasonTiming\04_RUA\pit_speed\Qualifying Race 12.pdf,2026-04-22 16:34:53,,
RUA,QR12,17,Brodie Kostecki,Ford Mustang GT,7,1,35,false,NaN,E:\2026\99_seasonTiming\04_RUA\pit_speed\Qualifying Race 12.pdf,2026-04-22 16:34:53,,
RUA,QR12,2,Ryan Wood,Toyota GR Supra A90,7,1,38,false,NaN,E:\2026\99_seasonTiming\04_RUA\pit_speed\Qualifying Race 12.pdf,2026-04-22 16:34:53,,
RUA,QR12,4,Jack Le Brocq,Chev Camaro ZL1,7,1,38,false,NaN,E:\2026\99_seasonTiming\04_RUA\pit_speed\Qualifying Race 12.pdf,2026-04-22 16:34:53,,
RUA,QR12,26,Kai Allen,Ford Mustang GT,11,1,34,false,NaN,E:\2026\99_seasonTiming\04_RUA\pit_speed\Qualifying Race 12.pdf,2026-04-22 16:34:53,,
RUA,QR12,7,James Golding,Ford Mustang GT,7,1,39,false,NaN,E:\2026\99_seasonTiming\04_RUA\pit_speed\Qualifying Race 12.pdf,2026-04-22 16:34:53,,
RUA,QR12,19,Matthew Payne,Ford Mustang GT,10,1,35,false,NaN,E:\2026\99_seasonTiming\04_RUA\pit_speed\Qualifying Race 12.pdf,2026-04-22 16:34:53,,
RUA,R10,14,Cameron Hill,Toyota GR Supra A90,0,1,37,false,NaN,E:\2026\99_seasonTiming\04_RUA\pit_speed\Race 10.pdf,2026-04-22 16:34:53,,
RUA,R10,96,Macauley Jones,Toyota GR Supra A90,0,1,38,false,NaN,E:\2026\99_seasonTiming\04_RUA\pit_speed\Race 10.pdf,2026-04-22 16:34:53,,
RUA,R10,3,Aaron Cameron,Ford Mustang GT,11,1,39,false,NaN,E:\2026\99_seasonTiming\04_RUA\pit_speed\Race 10.pdf,2026-04-22 16:34:53,,
RUA,R10,7,James Golding,Ford Mustang GT,13,1,34,false,NaN,E:\2026\99_seasonTiming\04_RUA\pit_speed\Race 10.pdf,2026-04-22 16:34:53,,
RUA,R10,4,Jack Le Brocq,Chev Camaro ZL1,13,1,39,false,NaN,E:\2026\99_seasonTiming\04_RUA\pit_speed\Race 10.pdf,2026-04-22 16:34:53,,
RUA,R10,99,Cooper Murray,Chev Camaro ZL1,13,1,37,false,NaN,E:\2026\99_seasonTiming\04_RUA\pit_speed\Race 10.pdf,2026-04-22 16:34:53,,
RUA,R10,26,Kai Allen,Ford Mustang GT,15,1,39,false,NaN,E:\2026\99_seasonTiming\04_RUA\pit_speed\Race 10.pdf,2026-04-22 16:34:53,,
RUA,R10,10,Zach Bates,Chev Camaro ZL1,15,1,36,false,NaN,E:\2026\99_seasonTiming\04_RUA\pit_speed\Race 10.pdf,2026-04-22 16:34:53,,
RUA,R10,38,Rylan Gray,Ford Mustang GT,17,1,37,false,NaN,E:\2026\99_seasonTiming\04_RUA\pit_speed\Race 10.pdf,2026-04-22 16:34:53,,
RUA,R10,6,Cameron Waters,Ford Mustang GT,18,1,37,false,NaN,E:\2026\99_seasonTiming\04_RUA\pit_speed\Race 10.pdf,2026-04-22 16:34:53,,
RUA,R10,1,Chaz Mostert,Toyota GR Supra A90,18,1,38,false,NaN,E:\2026\99_seasonTiming\04_RUA\pit_speed\Race 10.pdf,2026-04-22 16:34:53,,
RUA,R10,9,Jobe Stewart,Chev Camaro ZL1,18,1,38,false,NaN,E:\2026\99_seasonTiming\04_RUA\pit_speed\Race 10.pdf,2026-04-22 16:34:53,,
RUA,R10,11,Jackson Walls,Ford Mustang GT,18,1,39,false,NaN,E:\2026\99_seasonTiming\04_RUA\pit_speed\Race 10.pdf,2026-04-22 16:34:53,,
RUA,R10,2,Ryan Wood,Toyota GR Supra A90,19,1,37,false,NaN,E:\2026\99_seasonTiming\04_RUA\pit_speed\Race 10.pdf,2026-04-22 16:34:53,,
RUA,R10,19,Matthew Payne,Ford Mustang GT,19,1,31,false,NaN,E:\2026\99_seasonTiming\04_RUA\pit_speed\Race 10.pdf,2026-04-22 16:34:53,,
RUA,R10,888,William Brown,Ford Mustang GT,19,1,37,false,NaN,E:\2026\99_seasonTiming\04_RUA\pit_speed\Race 10.pdf,2026-04-22 16:34:53,,
RUA,R10,17,Brodie Kostecki,Ford Mustang GT,20,1,38,false,NaN,E:\2026\99_seasonTiming\04_RUA\pit_speed\Race 10.pdf,2026-04-22 16:34:53,,
RUA,R10,18,Anton De Pasquale,Chev Camaro ZL1,20,1,36,false,NaN,E:\2026\99_seasonTiming\04_RUA\pit_speed\Race 10.pdf,2026-04-22 16:34:53,,
RUA,R10,55,Thomas Randle,Ford Mustang GT,20,1,36,false,NaN,E:\2026\99_seasonTiming\04_RUA\pit_speed\Race 10.pdf,2026-04-22 16:34:53,,
RUA,R10,88,Broc Feeney,Ford Mustang GT,20,1,37,false,NaN,E:\2026\99_seasonTiming\04_RUA\pit_speed\Race 10.pdf,2026-04-22 16:34:53,,
RUA,R10,31,Jayden Ojeda,Chev Camaro ZL1,21,1,36,false,NaN,E:\2026\99_seasonTiming\04_RUA\pit_speed\Race 10.pdf,2026-04-22 16:34:53,,
RUA,R10,8,Andre Heimgartner,Toyota GR Supra A90,22,1,35,false,NaN,E:\2026\99_seasonTiming\04_RUA\pit_speed\Race 10.pdf,2026-04-22 16:34:53,,
RUA,R10,777,Declan Fraser,Chev Camaro ZL1,24,1,36,false,NaN,E:\2026\99_seasonTiming\04_RUA\pit_speed\Race 10.pdf,2026-04-22 16:34:53,,
RUA,R10,96,Macauley Jones,Toyota GR Supra A90,24,1,38,false,NaN,E:\2026\99_seasonTiming\04_RUA\pit_speed\Race 10.pdf,2026-04-22 16:34:53,,
RUA,R10,14,Cameron Hill,Toyota GR Supra A90,1,1,38,false,NaN,E:\2026\99_seasonTiming\04_RUA\pit_speed\Race 10.pdf,2026-04-22 16:34:53,,
RUA,R10,14,Cameron Hill,Toyota GR Supra A90,5,1,37,false,NaN,E:\2026\99_seasonTiming\04_RUA\pit_speed\Race 10.pdf,2026-04-22 16:34:53,,
RUA,R11,14,Cameron Hill,Toyota GR Supra A90,3,1,38,false,NaN,E:\2026\99_seasonTiming\04_RUA\pit_speed\Race 11.pdf,2026-04-22 16:34:54,,
RUA,R11,8,Andre Heimgartner,Toyota GR Supra A90,3,1,35,false,NaN,E:\2026\99_seasonTiming\04_RUA\pit_speed\Race 11.pdf,2026-04-22 16:34:54,,
RUA,R11,4,Jack Le Brocq,Chev Camaro ZL1,9,1,39,false,NaN,E:\2026\99_seasonTiming\04_RUA\pit_speed\Race 11.pdf,2026-04-22 16:34:54,,
RUA,R11,31,Jayden Ojeda,Chev Camaro ZL1,10,1,36,false,NaN,E:\2026\99_seasonTiming\04_RUA\pit_speed\Race 11.pdf,2026-04-22 16:34:54,,
RUA,R11,20,David Reynolds,Chev Camaro ZL1,10,1,39,false,NaN,E:\2026\99_seasonTiming\04_RUA\pit_speed\Race 11.pdf,2026-04-22 16:34:54,,
RUA,R11,10,Zach Bates,Chev Camaro ZL1,11,1,37,false,NaN,E:\2026\99_seasonTiming\04_RUA\pit_speed\Race 11.pdf,2026-04-22 16:34:54,,
RUA,R11,9,Jobe Stewart,Chev Camaro ZL1,12,1,38,false,NaN,E:\2026\99_seasonTiming\04_RUA\pit_speed\Race 11.pdf,2026-04-22 16:34:54,,
RUA,R11,17,Brodie Kostecki,Ford Mustang GT,15,1,37,false,NaN,E:\2026\99_seasonTiming\04_RUA\pit_speed\Race 11.pdf,2026-04-22 16:34:54,,
RUA,R11,26,Kai Allen,Ford Mustang GT,15,1,35,false,NaN,E:\2026\99_seasonTiming\04_RUA\pit_speed\Race 11.pdf,2026-04-22 16:34:54,,
RUA,R11,1,Chaz Mostert,Toyota GR Supra A90,15,1,37,false,NaN,E:\2026\99_seasonTiming\04_RUA\pit_speed\Race 11.pdf,2026-04-22 16:34:54,,
RUA,R11,2,Ryan Wood,Toyota GR Supra A90,16,1,38,false,NaN,E:\2026\99_seasonTiming\04_RUA\pit_speed\Race 11.pdf,2026-04-22 16:34:54,,
RUA,R11,888,William Brown,Ford Mustang GT,17,1,38,false,NaN,E:\2026\99_seasonTiming\04_RUA\pit_speed\Race 11.pdf,2026-04-22 16:34:54,,
RUA,R11,96,Macauley Jones,Toyota GR Supra A90,18,1,38,false,NaN,E:\2026\99_seasonTiming\04_RUA\pit_speed\Race 11.pdf,2026-04-22 16:34:54,,
RUA,R11,7,James Golding,Ford Mustang GT,18,1,38,false,NaN,E:\2026\99_seasonTiming\04_RUA\pit_speed\Race 11.pdf,2026-04-22 16:34:54,,
RUA,R11,88,Broc Feeney,Ford Mustang GT,19,1,38,false,NaN,E:\2026\99_seasonTiming\04_RUA\pit_speed\Race 11.pdf,2026-04-22 16:34:54,,
RUA,R11,6,Cameron Waters,Ford Mustang GT,19,1,38,false,NaN,E:\2026\99_seasonTiming\04_RUA\pit_speed\Race 11.pdf,2026-04-22 16:34:54,,
RUA,R11,3,Aaron Cameron,Ford Mustang GT,19,1,37,false,NaN,E:\2026\99_seasonTiming\04_RUA\pit_speed\Race 11.pdf,2026-04-22 16:34:54,,
RUA,R11,99,Cooper Murray,Chev Camaro ZL1,19,1,36,false,NaN,E:\2026\99_seasonTiming\04_RUA\pit_speed\Race 11.pdf,2026-04-22 16:34:54,,
RUA,R11,11,Jackson Walls,Ford Mustang GT,19,1,38,false,NaN,E:\2026\99_seasonTiming\04_RUA\pit_speed\Race 11.pdf,2026-04-22 16:34:54,,
RUA,R11,8,Andre Heimgartner,Toyota GR Supra A90,14,1,38,false,NaN,E:\2026\99_seasonTiming\04_RUA\pit_speed\Race 11.pdf,2026-04-22 16:34:54,,
RUA,R11,38,Rylan Gray,Ford Mustang GT,21,1,39,false,NaN,E:\2026\99_seasonTiming\04_RUA\pit_speed\Race 11.pdf,2026-04-22 16:34:54,,
RUA,R11,777,Declan Fraser,Chev Camaro ZL1,22,1,36,false,NaN,E:\2026\99_seasonTiming\04_RUA\pit_speed\Race 11.pdf,2026-04-22 16:34:54,,
RUA,R11,55,Thomas Randle,Ford Mustang GT,23,1,39,false,NaN,E:\2026\99_seasonTiming\04_RUA\pit_speed\Race 11.pdf,2026-04-22 16:34:54,,
RUA,R11,19,Matthew Payne,Ford Mustang GT,24,1,39,false,NaN,E:\2026\99_seasonTiming\04_RUA\pit_speed\Race 11.pdf,2026-04-22 16:34:54,,
RUA,R11,14,Cameron Hill,Toyota GR Supra A90,18,1,39,false,NaN,E:\2026\99_seasonTiming\04_RUA\pit_speed\Race 11.pdf,2026-04-22 16:34:54,,
RUA,R11,19,Matthew Payne,Ford Mustang GT,25,1,38,false,NaN,E:\2026\99_seasonTiming\04_RUA\pit_speed\Race 11.pdf,2026-04-22 16:34:54,,
RUA,R12,18,Anton De Pasquale,Chev Camaro ZL1,11,1,35,false,NaN,E:\2026\99_seasonTiming\04_RUA\pit_speed\Race 12.pdf,2026-04-22 16:34:54,,pit_speed
RUA,R12,14,Cameron Hill,Toyota GR Supra A90,11,1,39,false,NaN,E:\2026\99_seasonTiming\04_RUA\pit_speed\Race 12.pdf,2026-04-22 16:34:54,,pit_speed
RUA,R12,17,Brodie Kostecki,Ford Mustang GT,12,1,38,false,NaN,E:\2026\99_seasonTiming\04_RUA\pit_speed\Race 12.pdf,2026-04-22 16:34:54,,pit_speed
RUA,R12,26,Kai Allen,Ford Mustang GT,12,1,35,false,NaN,E:\2026\99_seasonTiming\04_RUA\pit_speed\Race 12.pdf,2026-04-22 16:34:54,,pit_speed
RUA,R12,20,David Reynolds,Chev Camaro ZL1,13,1,39,false,NaN,E:\2026\99_seasonTiming\04_RUA\pit_speed\Race 12.pdf,2026-04-22 16:34:54,,pit_speed
RUA,R12,88,Broc Feeney,Ford Mustang GT,14,1,37,false,NaN,E:\2026\99_seasonTiming\04_RUA\pit_speed\Race 12.pdf,2026-04-22 16:34:54,,pit_speed
RUA,R12,777,Declan Fraser,Chev Camaro ZL1,14,1,35,false,NaN,E:\2026\99_seasonTiming\04_RUA\pit_speed\Race 12.pdf,2026-04-22 16:34:54,,pit_speed
RUA,R12,2,Ryan Wood,Toyota GR Supra A90,15,1,35,false,NaN,E:\2026\99_seasonTiming\04_RUA\pit_speed\Race 12.pdf,2026-04-22 16:34:54,,pit_speed
RUA,R12,11,Jackson Walls,Ford Mustang GT,15,1,35,false,NaN,E:\2026\99_seasonTiming\04_RUA\pit_speed\Race 12.pdf,2026-04-22 16:34:54,,pit_speed
RUA,R12,888,William Brown,Ford Mustang GT,16,1,39,false,NaN,E:\2026\99_seasonTiming\04_RUA\pit_speed\Race 12.pdf,2026-04-22 16:34:54,,pit_speed
RUA,R12,9,Jobe Stewart,Chev Camaro ZL1,16,1,39,false,NaN,E:\2026\99_seasonTiming\04_RUA\pit_speed\Race 12.pdf,2026-04-22 16:34:54,,pit_speed
RUA,R12,96,Macauley Jones,Toyota GR Supra A90,16,1,38,false,NaN,E:\2026\99_seasonTiming\04_RUA\pit_speed\Race 12.pdf,2026-04-22 16:34:54,,pit_speed
RUA,R12,7,James Golding,Ford Mustang GT,17,1,36,false,NaN,E:\2026\99_seasonTiming\04_RUA\pit_speed\Race 12.pdf,2026-04-22 16:34:54,,pit_speed
RUA,R12,1,Chaz Mostert,Toyota GR Supra A90,17,1,35,false,NaN,E:\2026\99_seasonTiming\04_RUA\pit_speed\Race 12.pdf,2026-04-22 16:34:54,,pit_speed
RUA,R12,4,Jack Le Brocq,Chev Camaro ZL1,18,1,37,false,NaN,E:\2026\99_seasonTiming\04_RUA\pit_speed\Race 12.pdf,2026-04-22 16:34:54,,pit_speed
RUA,R12,6,Cameron Waters,Ford Mustang GT,18,1,38,false,NaN,E:\2026\99_seasonTiming\04_RUA\pit_speed\Race 12.pdf,2026-04-22 16:34:54,,pit_speed
RUA,R12,31,Jayden Ojeda,Chev Camaro ZL1,18,1,36,false,NaN,E:\2026\99_seasonTiming\04_RUA\pit_speed\Race 12.pdf,2026-04-22 16:34:54,,pit_speed
RUA,R12,19,Matthew Payne,Ford Mustang GT,19,1,36,false,NaN,E:\2026\99_seasonTiming\04_RUA\pit_speed\Race 12.pdf,2026-04-22 16:34:54,,pit_speed
RUA,R12,10,Zach Bates,Chev Camaro ZL1,19,1,36,false,NaN,E:\2026\99_seasonTiming\04_RUA\pit_speed\Race 12.pdf,2026-04-22 16:34:54,,pit_speed
RUA,R12,99,Cooper Murray,Chev Camaro ZL1,19,1,37,false,NaN,E:\2026\99_seasonTiming\04_RUA\pit_speed\Race 12.pdf,2026-04-22 16:34:54,,pit_speed
RUA,R12,3,Aaron Cameron,Ford Mustang GT,20,1,39,false,NaN,E:\2026\99_seasonTiming\04_RUA\pit_speed\Race 12.pdf,2026-04-22 16:34:54,,pit_speed
RUA,R12,55,Thomas Randle,Ford Mustang GT,20,1,38,false,NaN,E:\2026\99_seasonTiming\04_RUA\pit_speed\Race 12.pdf,2026-04-22 16:34:54,,pit_speed
RUA,R12,38,Rylan Gray,Ford Mustang GT,21,1,39,false,NaN,E:\2026\99_seasonTiming\04_RUA\pit_speed\Race 12.pdf,2026-04-22 16:34:54,,pit_speed
RUA,R12,8,Andre Heimgartner,Toyota GR Supra A90,21,1,36,false,NaN,E:\2026\99_seasonTiming\04_RUA\pit_speed\Race 12.pdf,2026-04-22 16:34:54,,pit_speed
