event,session,car,driver,lap,kph,parse_error,report_type,round,source_file,extracted_at
RUA,P02,1,Chaz Mostert,1,88,false,top_speed,NaN,E:\2026\99_seasonTiming\04_RUA\top_speed\Practice.pdf,2026-04-22 16:49:35
RUA,P02,1,Chaz Mostert,2,169,false,top_speed,NaN,E:\2026\99_seasonTiming\04_RUA\top_speed\Practice.pdf,2026-04-22 16:49:35
RUA,P02,1,Chaz Mostert,3,244,false,top_speed,NaN,E:\2026\99_seasonTiming\04_RUA\top_speed\Practice.pdf,2026-04-22 16:49:35
RUA,P02,1,Chaz Mostert,4,113,false,top_speed,NaN,E:\2026\99_seasonTiming\04_RUA\top_speed\Practice.pdf,2026-04-22 16:49:35
RUA,P02,1,Chaz Mostert,5,176,false,top_speed,NaN,E:\2026\99_seasonTiming\04_RUA\top_speed\Practice.pdf,2026-04-22 16:49:35
RUA,P02,1,Chaz Mostert,6,181,false,top_speed,NaN,E:\2026\99_seasonTiming\04_RUA\top_speed\Practice.pdf,2026-04-22 16:49:35
RUA,P02,1,Chaz Mostert,7,251,false,top_speed,NaN,E:\2026\99_seasonTiming\04_RUA\top_speed\Practice.pdf,2026-04-22 16:49:35
RUA,P02,1,Chaz Mostert,8,252,false,top_speed,NaN,E:\2026\99_seasonTiming\04_RUA\top_speed\Practice.pdf,2026-04-22 16:49:35
RUA,P02,1,Chaz Mostert,9,253,false,top_speed,NaN,E:\2026\99_seasonTiming\04_RUA\top_speed\Practice.pdf,2026-04-22 16:49:35
RUA,P02,1,Chaz Mostert,10,147,false,top_speed,NaN,E:\2026\99_seasonTiming\04_RUA\top_speed\Practice.pdf,2026-04-22 16:49:35
RUA,P02,1,Chaz Mostert,11,251,false,top_speed,NaN,E:\2026\99_seasonTiming\04_RUA\top_speed\Practice.pdf,2026-04-22 16:49:35
RUA,P02,1,Chaz Mostert,12,252,false,top_speed,NaN,E:\2026\99_seasonTiming\04_RUA\top_speed\Practice.pdf,2026-04-22 16:49:35
RUA,P02,1,Chaz Mostert,13,254,false,top_speed,NaN,E:\2026\99_seasonTiming\04_RUA\top_speed\Practice.pdf,2026-04-22 16:49:35
RUA,P02,1,Chaz Mostert,14,253,false,top_speed,NaN,E:\2026\99_seasonTiming\04_RUA\top_speed\Practice.pdf,2026-04-22 16:49:35
RUA,P02,1,Chaz Mostert,15,169,false,top_speed,NaN,E:\2026\99_seasonTiming\04_RUA\top_speed\Practice.pdf,2026-04-22 16:49:35
RUA,P02,1,Chaz Mostert,16,252,false,top_speed,NaN,E:\2026\99_seasonTiming\04_RUA\top_speed\Practice.pdf,2026-04-22 16:49:35
RUA,P02,1,Chaz Mostert,17,212,false,top_speed,NaN,E:\2026\99_seasonTiming\04_RUA\top_speed\Practice.pdf,2026-04-22 16:49:35
RUA,P02,1,Chaz Mostert,18,108,false,top_speed,NaN,E:\2026\99_seasonTiming\04_RUA\top_speed\Practice.pdf,2026-04-22 16:49:35
RUA,P02,1,Chaz Mostert,19,211,false,top_speed,NaN,E:\2026\99_seasonTiming\04_RUA\top_speed\Practice.pdf,2026-04-22 16:49:35
RUA,P02,1,Chaz Mostert,20,228,false,top_speed,NaN,E:\2026\99_seasonTiming\04_RUA\top_speed\Practice.pdf,2026-04-22 16:49:35
RUA,P02,1,Chaz Mostert,21,254,false,top_speed,NaN,E:\2026\99_seasonTiming\04_RUA\top_speed\Practice.pdf,2026-04-22 16:49:35
RUA,P02,1,Chaz Mostert,22,254,false,top_speed,NaN,E:\2026\99_seasonTiming\04_RUA\top_speed\Practice.pdf,2026-04-22 16:49:35
RUA,P02,2,Ryan Wood,1,71,false,top_speed,NaN,E:\2026\99_seasonTiming\04_RUA\top_speed\Practice.pdf,2026-04-22 16:49:35
RUA,P02,2,Ryan Wood,2,198,false,top_speed,NaN,E:\2026\99_seasonTiming\04_RUA\top_speed\Practice.pdf,2026-04-22 16:49:35
RUA,P02,2,Ryan Wood,3,196,false,top_speed,NaN,E:\2026\99_seasonTiming\04_RUA\top_speed\Practice.pdf,2026-04-22 16:49:35
RUA,P02,2,Ryan Wood,4,149,false,top_speed,NaN,E:\2026\99_seasonTiming\04_RUA\top_speed\Practice.pdf,2026-04-22 16:49:35
RUA,P02,2,Ryan Wood,5,245,false,top_speed,NaN,E:\2026\99_seasonTiming\04_RUA\top_speed\Practice.pdf,2026-04-22 16:49:35
RUA,P02,2,Ryan Wood,6,181,false,top_speed,NaN,E:\2026\99_seasonTiming\04_RUA\top_speed\Practice.pdf,2026-04-22 16:49:35
RUA,P02,2,Ryan Wood,7,253,false,top_speed,NaN,E:\2026\99_seasonTiming\04_RUA\top_speed\Practice.pdf,2026-04-22 16:49:35
RUA,P02,2,Ryan Wood,8,251,false,top_speed,NaN,E:\2026\99_seasonTiming\04_RUA\top_speed\Practice.pdf,2026-04-22 16:49:35
RUA,P02,2,Ryan Wood,9,252,false,top_speed,NaN,E:\2026\99_seasonTiming\04_RUA\top_speed\Practice.pdf,2026-04-22 16:49:35
RUA,P02,2,Ryan Wood,10,171,false,top_speed,NaN,E:\2026\99_seasonTiming\04_RUA\top_speed\Practice.pdf,2026-04-22 16:49:35
RUA,P02,2,Ryan Wood,11,252,false,top_speed,NaN,E:\2026\99_seasonTiming\04_RUA\top_speed\Practice.pdf,2026-04-22 16:49:35
RUA,P02,2,Ryan Wood,12,253,false,top_speed,NaN,E:\2026\99_seasonTiming\04_RUA\top_speed\Practice.pdf,2026-04-22 16:49:35
RUA,P02,2,Ryan Wood,13,253,false,top_speed,NaN,E:\2026\99_seasonTiming\04_RUA\top_speed\Practice.pdf,2026-04-22 16:49:35
RUA,P02,2,Ryan Wood,14,112,false,top_speed,NaN,E:\2026\99_seasonTiming\04_RUA\top_speed\Practice.pdf,2026-04-22 16:49:35
RUA,P02,2,Ryan Wood,15,252,false,top_speed,NaN,E:\2026\99_seasonTiming\04_RUA\top_speed\Practice.pdf,2026-04-22 16:49:35
RUA,P02,2,Ryan Wood,16,253,false,top_speed,NaN,E:\2026\99_seasonTiming\04_RUA\top_speed\Practice.pdf,2026-04-22 16:49:35
RUA,P02,2,Ryan Wood,17,219,false,top_speed,NaN,E:\2026\99_seasonTiming\04_RUA\top_speed\Practice.pdf,2026-04-22 16:49:35
RUA,P02,2,Ryan Wood,18,196,false,top_speed,NaN,E:\2026\99_seasonTiming\04_RUA\top_speed\Practice.pdf,2026-04-22 16:49:35
RUA,P02,2,Ryan Wood,19,104,false,top_speed,NaN,E:\2026\99_seasonTiming\04_RUA\top_speed\Practice.pdf,2026-04-22 16:49:35
RUA,P02,2,Ryan Wood,20,256,false,top_speed,NaN,E:\2026\99_seasonTiming\04_RUA\top_speed\Practice.pdf,2026-04-22 16:49:35
RUA,P02,2,Ryan Wood,21,254,false,top_speed,NaN,E:\2026\99_seasonTiming\04_RUA\top_speed\Practice.pdf,2026-04-22 16:49:35
RUA,P02,3,Aaron Cameron,1,87,false,top_speed,NaN,E:\2026\99_seasonTiming\04_RUA\top_speed\Practice.pdf,2026-04-22 16:49:35
RUA,P02,3,Aaron Cameron,2,232,false,top_speed,NaN,E:\2026\99_seasonTiming\04_RUA\top_speed\Practice.pdf,2026-04-22 16:49:35
RUA,P02,3,Aaron Cameron,3,253,false,top_speed,NaN,E:\2026\99_seasonTiming\04_RUA\top_speed\Practice.pdf,2026-04-22 16:49:35
RUA,P02,3,Aaron Cameron,4,154,false,top_speed,NaN,E:\2026\99_seasonTiming\04_RUA\top_speed\Practice.pdf,2026-04-22 16:49:35
RUA,P02,3,Aaron Cameron,5,256,false,top_speed,NaN,E:\2026\99_seasonTiming\04_RUA\top_speed\Practice.pdf,2026-04-22 16:49:35
RUA,P02,3,Aaron Cameron,6,256,false,top_speed,NaN,E:\2026\99_seasonTiming\04_RUA\top_speed\Practice.pdf,2026-04-22 16:49:35
RUA,P02,3,Aaron Cameron,7,255,false,top_speed,NaN,E:\2026\99_seasonTiming\04_RUA\top_speed\Practice.pdf,2026-04-22 16:49:35
RUA,P02,3,Aaron Cameron,8,255,false,top_speed,NaN,E:\2026\99_seasonTiming\04_RUA\top_speed\Practice.pdf,2026-04-22 16:49:35
RUA,P02,3,Aaron Cameron,9,187,false,top_speed,NaN,E:\2026\99_seasonTiming\04_RUA\top_speed\Practice.pdf,2026-04-22 16:49:35
RUA,P02,3,Aaron Cameron,10,253,false,top_speed,NaN,E:\2026\99_seasonTiming\04_RUA\top_speed\Practice.pdf,2026-04-22 16:49:35
RUA,P02,3,Aaron Cameron,11,255,false,top_speed,NaN,E:\2026\99_seasonTiming\04_RUA\top_speed\Practice.pdf,2026-04-22 16:49:35
RUA,P02,3,Aaron Cameron,12,255,false,top_speed,NaN,E:\2026\99_seasonTiming\04_RUA\top_speed\Practice.pdf,2026-04-22 16:49:35
RUA,P02,3,Aaron Cameron,13,198,false,top_speed,NaN,E:\2026\99_seasonTiming\04_RUA\top_speed\Practice.pdf,2026-04-22 16:49:35
RUA,P02,3,Aaron Cameron,14,254,false,top_speed,NaN,E:\2026\99_seasonTiming\04_RUA\top_speed\Practice.pdf,2026-04-22 16:49:35
RUA,P02,3,Aaron Cameron,15,254,false,top_speed,NaN,E:\2026\99_seasonTiming\04_RUA\top_speed\Practice.pdf,2026-04-22 16:49:35
RUA,P02,3,Aaron Cameron,16,255,false,top_speed,NaN,E:\2026\99_seasonTiming\04_RUA\top_speed\Practice.pdf,2026-04-22 16:49:35
RUA,P02,3,Aaron Cameron,17,198,false,top_speed,NaN,E:\2026\99_seasonTiming\04_RUA\top_speed\Practice.pdf,2026-04-22 16:49:35
RUA,P02,3,Aaron Cameron,18,134,false,top_speed,NaN,E:\2026\99_seasonTiming\04_RUA\top_speed\Practice.pdf,2026-04-22 16:49:35
RUA,P02,3,Aaron Cameron,19,255,false,top_speed,NaN,E:\2026\99_seasonTiming\04_RUA\top_speed\Practice.pdf,2026-04-22 16:49:35
RUA,P02,4,Jack Le Brocq,1,87,false,top_speed,NaN,E:\2026\99_seasonTiming\04_RUA\top_speed\Practice.pdf,2026-04-22 16:49:35
RUA,P02,4,Jack Le Brocq,2,228,false,top_speed,NaN,E:\2026\99_seasonTiming\04_RUA\top_speed\Practice.pdf,2026-04-22 16:49:35
RUA,P02,4,Jack Le Brocq,3,250,false,top_speed,NaN,E:\2026\99_seasonTiming\04_RUA\top_speed\Practice.pdf,2026-04-22 16:49:35
RUA,P02,4,Jack Le Brocq,4,133,false,top_speed,NaN,E:\2026\99_seasonTiming\04_RUA\top_speed\Practice.pdf,2026-04-22 16:49:35
RUA,P02,4,Jack Le Brocq,5,249,false,top_speed,NaN,E:\2026\99_seasonTiming\04_RUA\top_speed\Practice.pdf,2026-04-22 16:49:35
RUA,P02,4,Jack Le Brocq,6,252,false,top_speed,NaN,E:\2026\99_seasonTiming\04_RUA\top_speed\Practice.pdf,2026-04-22 16:49:35
RUA,P02,4,Jack Le Brocq,7,251,false,top_speed,NaN,E:\2026\99_seasonTiming\04_RUA\top_speed\Practice.pdf,2026-04-22 16:49:35
RUA,P02,4,Jack Le Brocq,8,253,false,top_speed,NaN,E:\2026\99_seasonTiming\04_RUA\top_speed\Practice.pdf,2026-04-22 16:49:35
RUA,P02,4,Jack Le Brocq,9,251,false,top_speed,NaN,E:\2026\99_seasonTiming\04_RUA\top_speed\Practice.pdf,2026-04-22 16:49:35
RUA,P02,4,Jack Le Brocq,10,196,false,top_speed,NaN,E:\2026\99_seasonTiming\04_RUA\top_speed\Practice.pdf,2026-04-22 16:49:35
RUA,P02,4,Jack Le Brocq,11,252,false,top_speed,NaN,E:\2026\99_seasonTiming\04_RUA\top_speed\Practice.pdf,2026-04-22 16:49:35
RUA,P02,4,Jack Le Brocq,12,253,false,top_speed,NaN,E:\2026\99_seasonTiming\04_RUA\top_speed\Practice.pdf,2026-04-22 16:49:35
RUA,P02,4,Jack Le Brocq,13,191,false,top_speed,NaN,E:\2026\99_seasonTiming\04_RUA\top_speed\Practice.pdf,2026-04-22 16:49:35
RUA,P02,4,Jack Le Brocq,14,251,false,top_speed,NaN,E:\2026\99_seasonTiming\04_RUA\top_speed\Practice.pdf,2026-04-22 16:49:35
RUA,P02,4,Jack Le Brocq,15,252,false,top_speed,NaN,E:\2026\99_seasonTiming\04_RUA\top_speed\Practice.pdf,2026-04-22 16:49:35
RUA,P02,4,Jack Le Brocq,16,124,false,top_speed,NaN,E:\2026\99_seasonTiming\04_RUA\top_speed\Practice.pdf,2026-04-22 16:49:35
RUA,P02,4,Jack Le Brocq,17,252,false,top_speed,NaN,E:\2026\99_seasonTiming\04_RUA\top_speed\Practice.pdf,2026-04-22 16:49:35
RUA,P02,4,Jack Le Brocq,18,253,false,top_speed,NaN,E:\2026\99_seasonTiming\04_RUA\top_speed\Practice.pdf,2026-04-22 16:49:35
RUA,P02,4,Jack Le Brocq,19,168,false,top_speed,NaN,E:\2026\99_seasonTiming\04_RUA\top_speed\Practice.pdf,2026-04-22 16:49:35
RUA,P02,4,Jack Le Brocq,20,253,false,top_speed,NaN,E:\2026\99_seasonTiming\04_RUA\top_speed\Practice.pdf,2026-04-22 16:49:35
RUA,P02,6,Cameron Waters,1,80,false,top_speed,NaN,E:\2026\99_seasonTiming\04_RUA\top_speed\Practice.pdf,2026-04-22 16:49:35
RUA,P02,6,Cameron Waters,2,222,false,top_speed,NaN,E:\2026\99_seasonTiming\04_RUA\top_speed\Practice.pdf,2026-04-22 16:49:35
RUA,P02,6,Cameron Waters,3,243,false,top_speed,NaN,E:\2026\99_seasonTiming\04_RUA\top_speed\Practice.pdf,2026-04-22 16:49:35
RUA,P02,6,Cameron Waters,4,183,false,top_speed,NaN,E:\2026\99_seasonTiming\04_RUA\top_speed\Practice.pdf,2026-04-22 16:49:35
RUA,P02,6,Cameron Waters,5,252,false,top_speed,NaN,E:\2026\99_seasonTiming\04_RUA\top_speed\Practice.pdf,2026-04-22 16:49:35
RUA,P02,6,Cameron Waters,6,252,false,top_speed,NaN,E:\2026\99_seasonTiming\04_RUA\top_speed\Practice.pdf,2026-04-22 16:49:35
RUA,P02,6,Cameron Waters,7,251,false,top_speed,NaN,E:\2026\99_seasonTiming\04_RUA\top_speed\Practice.pdf,2026-04-22 16:49:35
RUA,P02,6,Cameron Waters,8,251,false,top_speed,NaN,E:\2026\99_seasonTiming\04_RUA\top_speed\Practice.pdf,2026-04-22 16:49:35
RUA,P02,6,Cameron Waters,9,253,false,top_speed,NaN,E:\2026\99_seasonTiming\04_RUA\top_speed\Practice.pdf,2026-04-22 16:49:35
RUA,P02,6,Cameron Waters,10,252,false,top_speed,NaN,E:\2026\99_seasonTiming\04_RUA\top_speed\Practice.pdf,2026-04-22 16:49:35
RUA,P02,6,Cameron Waters,11,252,false,top_speed,NaN,E:\2026\99_seasonTiming\04_RUA\top_speed\Practice.pdf,2026-04-22 16:49:35
RUA,P02,6,Cameron Waters,12,252,false,top_speed,NaN,E:\2026\99_seasonTiming\04_RUA\top_speed\Practice.pdf,2026-04-22 16:49:35
RUA,P02,6,Cameron Waters,13,252,false,top_speed,NaN,E:\2026\99_seasonTiming\04_RUA\top_speed\Practice.pdf,2026-04-22 16:49:35
RUA,P02,6,Cameron Waters,14,211,false,top_speed,NaN,E:\2026\99_seasonTiming\04_RUA\top_speed\Practice.pdf,2026-04-22 16:49:35
RUA,P02,6,Cameron Waters,15,194,false,top_speed,NaN,E:\2026\99_seasonTiming\04_RUA\top_speed\Practice.pdf,2026-04-22 16:49:35
RUA,P02,6,Cameron Waters,16,253,false,top_speed,NaN,E:\2026\99_seasonTiming\04_RUA\top_speed\Practice.pdf,2026-04-22 16:49:35
RUA,P02,6,Cameron Waters,17,253,false,top_speed,NaN,E:\2026\99_seasonTiming\04_RUA\top_speed\Practice.pdf,2026-04-22 16:49:35
RUA,P02,6,Cameron Waters,18,220,false,top_speed,NaN,E:\2026\99_seasonTiming\04_RUA\top_speed\Practice.pdf,2026-04-22 16:49:35
RUA,P02,6,Cameron Waters,19,141,false,top_speed,NaN,E:\2026\99_seasonTiming\04_RUA\top_speed\Practice.pdf,2026-04-22 16:49:35
RUA,P02,6,Cameron Waters,20,254,false,top_speed,NaN,E:\2026\99_seasonTiming\04_RUA\top_speed\Practice.pdf,2026-04-22 16:49:35
RUA,P02,6,Cameron Waters,21,251,false,top_speed,NaN,E:\2026\99_seasonTiming\04_RUA\top_speed\Practice.pdf,2026-04-22 16:49:35
RUA,P02,6,Cameron Waters,22,131,false,top_speed,NaN,E:\2026\99_seasonTiming\04_RUA\top_speed\Practice.pdf,2026-04-22 16:49:35
RUA,P02,6,Cameron Waters,23,254,false,top_speed,NaN,E:\2026\99_seasonTiming\04_RUA\top_speed\Practice.pdf,2026-04-22 16:49:35
RUA,P02,6,Cameron Waters,24,253,false,top_speed,NaN,E:\2026\99_seasonTiming\04_RUA\top_speed\Practice.pdf,2026-04-22 16:49:35
RUA,P02,7,James Golding,1,81,false,top_speed,NaN,E:\2026\99_seasonTiming\04_RUA\top_speed\Practice.pdf,2026-04-22 16:49:35
RUA,P02,7,James Golding,2,215,false,top_speed,NaN,E:\2026\99_seasonTiming\04_RUA\top_speed\Practice.pdf,2026-04-22 16:49:35
RUA,P02,7,James Golding,3,242,false,top_speed,NaN,E:\2026\99_seasonTiming\04_RUA\top_speed\Practice.pdf,2026-04-22 16:49:35
RUA,P02,7,James Golding,4,142,false,top_speed,NaN,E:\2026\99_seasonTiming\04_RUA\top_speed\Practice.pdf,2026-04-22 16:49:35
RUA,P02,7,James Golding,5,243,false,top_speed,NaN,E:\2026\99_seasonTiming\04_RUA\top_speed\Practice.pdf,2026-04-22 16:49:35
RUA,P02,7,James Golding,6,252,false,top_speed,NaN,E:\2026\99_seasonTiming\04_RUA\top_speed\Practice.pdf,2026-04-22 16:49:35
RUA,P02,7,James Golding,7,255,false,top_speed,NaN,E:\2026\99_seasonTiming\04_RUA\top_speed\Practice.pdf,2026-04-22 16:49:35
RUA,P02,7,James Golding,8,250,false,top_speed,NaN,E:\2026\99_seasonTiming\04_RUA\top_speed\Practice.pdf,2026-04-22 16:49:35
RUA,P02,7,James Golding,9,196,false,top_speed,NaN,E:\2026\99_seasonTiming\04_RUA\top_speed\Practice.pdf,2026-04-22 16:49:35
RUA,P02,7,James Golding,10,254,false,top_speed,NaN,E:\2026\99_seasonTiming\04_RUA\top_speed\Practice.pdf,2026-04-22 16:49:35
RUA,P02,7,James Golding,11,253,false,top_speed,NaN,E:\2026\99_seasonTiming\04_RUA\top_speed\Practice.pdf,2026-04-22 16:49:35
RUA,P02,7,James Golding,12,196,false,top_speed,NaN,E:\2026\99_seasonTiming\04_RUA\top_speed\Practice.pdf,2026-04-22 16:49:35
RUA,P02,7,James Golding,13,254,false,top_speed,NaN,E:\2026\99_seasonTiming\04_RUA\top_speed\Practice.pdf,2026-04-22 16:49:35
RUA,P02,7,James Golding,14,253,false,top_speed,NaN,E:\2026\99_seasonTiming\04_RUA\top_speed\Practice.pdf,2026-04-22 16:49:35
RUA,P02,7,James Golding,15,254,false,top_speed,NaN,E:\2026\99_seasonTiming\04_RUA\top_speed\Practice.pdf,2026-04-22 16:49:35
RUA,P02,7,James Golding,16,198,false,top_speed,NaN,E:\2026\99_seasonTiming\04_RUA\top_speed\Practice.pdf,2026-04-22 16:49:35
RUA,P02,7,James Golding,17,254,false,top_speed,NaN,E:\2026\99_seasonTiming\04_RUA\top_speed\Practice.pdf,2026-04-22 16:49:35
RUA,P02,7,James Golding,18,254,false,top_speed,NaN,E:\2026\99_seasonTiming\04_RUA\top_speed\Practice.pdf,2026-04-22 16:49:35
RUA,P02,7,James Golding,19,185,false,top_speed,NaN,E:\2026\99_seasonTiming\04_RUA\top_speed\Practice.pdf,2026-04-22 16:49:35
RUA,P02,7,James Golding,20,256,false,top_speed,NaN,E:\2026\99_seasonTiming\04_RUA\top_speed\Practice.pdf,2026-04-22 16:49:35
RUA,P02,8,Andre Heimgartner,1,133,false,top_speed,NaN,E:\2026\99_seasonTiming\04_RUA\top_speed\Practice.pdf,2026-04-22 16:49:35
RUA,P02,8,Andre Heimgartner,2,234,false,top_speed,NaN,E:\2026\99_seasonTiming\04_RUA\top_speed\Practice.pdf,2026-04-22 16:49:35
RUA,P02,8,Andre Heimgartner,3,252,false,top_speed,NaN,E:\2026\99_seasonTiming\04_RUA\top_speed\Practice.pdf,2026-04-22 16:49:35
RUA,P02,8,Andre Heimgartner,4,151,false,top_speed,NaN,E:\2026\99_seasonTiming\04_RUA\top_speed\Practice.pdf,2026-04-22 16:49:35
RUA,P02,8,Andre Heimgartner,5,254,false,top_speed,NaN,E:\2026\99_seasonTiming\04_RUA\top_speed\Practice.pdf,2026-04-22 16:49:35
RUA,P02,8,Andre Heimgartner,6,254,false,top_speed,NaN,E:\2026\99_seasonTiming\04_RUA\top_speed\Practice.pdf,2026-04-22 16:49:35
RUA,P02,8,Andre Heimgartner,7,254,false,top_speed,NaN,E:\2026\99_seasonTiming\04_RUA\top_speed\Practice.pdf,2026-04-22 16:49:35
RUA,P02,8,Andre Heimgartner,8,254,false,top_speed,NaN,E:\2026\99_seasonTiming\04_RUA\top_speed\Practice.pdf,2026-04-22 16:49:35
RUA,P02,8,Andre Heimgartner,9,254,false,top_speed,NaN,E:\2026\99_seasonTiming\04_RUA\top_speed\Practice.pdf,2026-04-22 16:49:35
RUA,P02,8,Andre Heimgartner,10,254,false,top_speed,NaN,E:\2026\99_seasonTiming\04_RUA\top_speed\Practice.pdf,2026-04-22 16:49:35
RUA,P02,8,Andre Heimgartner,11,255,false,top_speed,NaN,E:\2026\99_seasonTiming\04_RUA\top_speed\Practice.pdf,2026-04-22 16:49:35
RUA,P02,8,Andre Heimgartner,12,190,false,top_speed,NaN,E:\2026\99_seasonTiming\04_RUA\top_speed\Practice.pdf,2026-04-22 16:49:35
RUA,P02,8,Andre Heimgartner,13,253,false,top_speed,NaN,E:\2026\99_seasonTiming\04_RUA\top_speed\Practice.pdf,2026-04-22 16:49:35
RUA,P02,8,Andre Heimgartner,14,253,false,top_speed,NaN,E:\2026\99_seasonTiming\04_RUA\top_speed\Practice.pdf,2026-04-22 16:49:35
RUA,P02,8,Andre Heimgartner,15,249,false,top_speed,NaN,E:\2026\99_seasonTiming\04_RUA\top_speed\Practice.pdf,2026-04-22 16:49:35
RUA,P02,8,Andre Heimgartner,16,194,false,top_speed,NaN,E:\2026\99_seasonTiming\04_RUA\top_speed\Practice.pdf,2026-04-22 16:49:35
RUA,P02,8,Andre Heimgartner,17,254,false,top_speed,NaN,E:\2026\99_seasonTiming\04_RUA\top_speed\Practice.pdf,2026-04-22 16:49:35
RUA,P02,8,Andre Heimgartner,18,253,false,top_speed,NaN,E:\2026\99_seasonTiming\04_RUA\top_speed\Practice.pdf,2026-04-22 16:49:35
RUA,P02,8,Andre Heimgartner,19,252,false,top_speed,NaN,E:\2026\99_seasonTiming\04_RUA\top_speed\Practice.pdf,2026-04-22 16:49:35
RUA,P02,8,Andre Heimgartner,20,252,false,top_speed,NaN,E:\2026\99_seasonTiming\04_RUA\top_speed\Practice.pdf,2026-04-22 16:49:35
RUA,P02,8,Andre Heimgartner,21,253,false,top_speed,NaN,E:\2026\99_seasonTiming\04_RUA\top_speed\Practice.pdf,2026-04-22 16:49:35
RUA,P02,8,Andre Heimgartner,22,84,false,top_speed,NaN,E:\2026\99_seasonTiming\04_RUA\top_speed\Practice.pdf,2026-04-22 16:49:35
RUA,P02,8,Andre Heimgartner,23,255,false,top_speed,NaN,E:\2026\99_seasonTiming\04_RUA\top_speed\Practice.pdf,2026-04-22 16:49:35
RUA,P02,8,Andre Heimgartner,24,254,false,top_speed,NaN,E:\2026\99_seasonTiming\04_RUA\top_speed\Practice.pdf,2026-04-22 16:49:35
RUA,P02,9,Jobe Stewart,1,73,false,top_speed,NaN,E:\2026\99_seasonTiming\04_RUA\top_speed\Practice.pdf,2026-04-22 16:49:35
RUA,P02,9,Jobe Stewart,2,239,false,top_speed,NaN,E:\2026\99_seasonTiming\04_RUA\top_speed\Practice.pdf,2026-04-22 16:49:35
RUA,P02,9,Jobe Stewart,3,237,false,top_speed,NaN,E:\2026\99_seasonTiming\04_RUA\top_speed\Practice.pdf,2026-04-22 16:49:35
RUA,P02,9,Jobe Stewart,4,181,false,top_speed,NaN,E:\2026\99_seasonTiming\04_RUA\top_speed\Practice.pdf,2026-04-22 16:49:35
RUA,P02,9,Jobe Stewart,5,250,false,top_speed,NaN,E:\2026\99_seasonTiming\04_RUA\top_speed\Practice.pdf,2026-04-22 16:49:35
RUA,P02,9,Jobe Stewart,6,249,false,top_speed,NaN,E:\2026\99_seasonTiming\04_RUA\top_speed\Practice.pdf,2026-04-22 16:49:35
RUA,P02,9,Jobe Stewart,7,253,false,top_speed,NaN,E:\2026\99_seasonTiming\04_RUA\top_speed\Practice.pdf,2026-04-22 16:49:35
RUA,P02,9,Jobe Stewart,8,253,false,top_speed,NaN,E:\2026\99_seasonTiming\04_RUA\top_speed\Practice.pdf,2026-04-22 16:49:35
RUA,P02,9,Jobe Stewart,9,192,false,top_speed,NaN,E:\2026\99_seasonTiming\04_RUA\top_speed\Practice.pdf,2026-04-22 16:49:35
RUA,P02,9,Jobe Stewart,10,251,false,top_speed,NaN,E:\2026\99_seasonTiming\04_RUA\top_speed\Practice.pdf,2026-04-22 16:49:35
RUA,P02,9,Jobe Stewart,11,251,false,top_speed,NaN,E:\2026\99_seasonTiming\04_RUA\top_speed\Practice.pdf,2026-04-22 16:49:35
RUA,P02,9,Jobe Stewart,12,252,false,top_speed,NaN,E:\2026\99_seasonTiming\04_RUA\top_speed\Practice.pdf,2026-04-22 16:49:35
RUA,P02,9,Jobe Stewart,13,251,false,top_speed,NaN,E:\2026\99_seasonTiming\04_RUA\top_speed\Practice.pdf,2026-04-22 16:49:35
RUA,P02,9,Jobe Stewart,14,251,false,top_speed,NaN,E:\2026\99_seasonTiming\04_RUA\top_speed\Practice.pdf,2026-04-22 16:49:35
RUA,P02,9,Jobe Stewart,15,251,false,top_speed,NaN,E:\2026\99_seasonTiming\04_RUA\top_speed\Practice.pdf,2026-04-22 16:49:35
RUA,P02,9,Jobe Stewart,16,251,false,top_speed,NaN,E:\2026\99_seasonTiming\04_RUA\top_speed\Practice.pdf,2026-04-22 16:49:35
RUA,P02,9,Jobe Stewart,17,194,false,top_speed,NaN,E:\2026\99_seasonTiming\04_RUA\top_speed\Practice.pdf,2026-04-22 16:49:35
RUA,P02,9,Jobe Stewart,18,252,false,top_speed,NaN,E:\2026\99_seasonTiming\04_RUA\top_speed\Practice.pdf,2026-04-22 16:49:35
RUA,P02,9,Jobe Stewart,19,252,false,top_speed,NaN,E:\2026\99_seasonTiming\04_RUA\top_speed\Practice.pdf,2026-04-22 16:49:35
RUA,P02,9,Jobe Stewart,20,111,false,top_speed,NaN,E:\2026\99_seasonTiming\04_RUA\top_speed\Practice.pdf,2026-04-22 16:49:35
RUA,P02,9,Jobe Stewart,21,159,false,top_speed,NaN,E:\2026\99_seasonTiming\04_RUA\top_speed\Practice.pdf,2026-04-22 16:49:35
RUA,P02,10,Zach Bates,1,89,false,top_speed,NaN,E:\2026\99_seasonTiming\04_RUA\top_speed\Practice.pdf,2026-04-22 16:49:35
RUA,P02,10,Zach Bates,2,244,false,top_speed,NaN,E:\2026\99_seasonTiming\04_RUA\top_speed\Practice.pdf,2026-04-22 16:49:35
RUA,P02,10,Zach Bates,3,250,false,top_speed,NaN,E:\2026\99_seasonTiming\04_RUA\top_speed\Practice.pdf,2026-04-22 16:49:35
RUA,P02,10,Zach Bates,4,167,false,top_speed,NaN,E:\2026\99_seasonTiming\04_RUA\top_speed\Practice.pdf,2026-04-22 16:49:35
RUA,P02,10,Zach Bates,5,252,false,top_speed,NaN,E:\2026\99_seasonTiming\04_RUA\top_speed\Practice.pdf,2026-04-22 16:49:35
RUA,P02,10,Zach Bates,6,253,false,top_speed,NaN,E:\2026\99_seasonTiming\04_RUA\top_speed\Practice.pdf,2026-04-22 16:49:35
RUA,P02,10,Zach Bates,7,254,false,top_speed,NaN,E:\2026\99_seasonTiming\04_RUA\top_speed\Practice.pdf,2026-04-22 16:49:35
RUA,P02,10,Zach Bates,8,250,false,top_speed,NaN,E:\2026\99_seasonTiming\04_RUA\top_speed\Practice.pdf,2026-04-22 16:49:35
RUA,P02,10,Zach Bates,9,253,false,top_speed,NaN,E:\2026\99_seasonTiming\04_RUA\top_speed\Practice.pdf,2026-04-22 16:49:35
RUA,P02,10,Zach Bates,10,193,false,top_speed,NaN,E:\2026\99_seasonTiming\04_RUA\top_speed\Practice.pdf,2026-04-22 16:49:35
RUA,P02,10,Zach Bates,11,251,false,top_speed,NaN,E:\2026\99_seasonTiming\04_RUA\top_speed\Practice.pdf,2026-04-22 16:49:35
RUA,P02,10,Zach Bates,12,254,false,top_speed,NaN,E:\2026\99_seasonTiming\04_RUA\top_speed\Practice.pdf,2026-04-22 16:49:35
RUA,P02,10,Zach Bates,13,252,false,top_speed,NaN,E:\2026\99_seasonTiming\04_RUA\top_speed\Practice.pdf,2026-04-22 16:49:35
RUA,P02,10,Zach Bates,14,253,false,top_speed,NaN,E:\2026\99_seasonTiming\04_RUA\top_speed\Practice.pdf,2026-04-22 16:49:35
RUA,P02,10,Zach Bates,15,180,false,top_speed,NaN,E:\2026\99_seasonTiming\04_RUA\top_speed\Practice.pdf,2026-04-22 16:49:35
RUA,P02,10,Zach Bates,16,253,false,top_speed,NaN,E:\2026\99_seasonTiming\04_RUA\top_speed\Practice.pdf,2026-04-22 16:49:35
RUA,P02,10,Zach Bates,17,253,false,top_speed,NaN,E:\2026\99_seasonTiming\04_RUA\top_speed\Practice.pdf,2026-04-22 16:49:35
RUA,P02,10,Zach Bates,18,254,false,top_speed,NaN,E:\2026\99_seasonTiming\04_RUA\top_speed\Practice.pdf,2026-04-22 16:49:35
RUA,P02,10,Zach Bates,19,96,false,top_speed,NaN,E:\2026\99_seasonTiming\04_RUA\top_speed\Practice.pdf,2026-04-22 16:49:35
RUA,P02,10,Zach Bates,20,254,false,top_speed,NaN,E:\2026\99_seasonTiming\04_RUA\top_speed\Practice.pdf,2026-04-22 16:49:35
RUA,P02,10,Zach Bates,21,254,false,top_speed,NaN,E:\2026\99_seasonTiming\04_RUA\top_speed\Practice.pdf,2026-04-22 16:49:35
RUA,P02,10,Zach Bates,22,168,false,top_speed,NaN,E:\2026\99_seasonTiming\04_RUA\top_speed\Practice.pdf,2026-04-22 16:49:35
RUA,P02,11,Jackson Walls,1,102,false,top_speed,NaN,E:\2026\99_seasonTiming\04_RUA\top_speed\Practice.pdf,2026-04-22 16:49:35
RUA,P02,11,Jackson Walls,2,215,false,top_speed,NaN,E:\2026\99_seasonTiming\04_RUA\top_speed\Practice.pdf,2026-04-22 16:49:35
RUA,P02,11,Jackson Walls,3,209,false,top_speed,NaN,E:\2026\99_seasonTiming\04_RUA\top_speed\Practice.pdf,2026-04-22 16:49:35
RUA,P02,11,Jackson Walls,4,158,false,top_speed,NaN,E:\2026\99_seasonTiming\04_RUA\top_speed\Practice.pdf,2026-04-22 16:49:35
RUA,P02,11,Jackson Walls,5,238,false,top_speed,NaN,E:\2026\99_seasonTiming\04_RUA\top_speed\Practice.pdf,2026-04-22 16:49:35
RUA,P02,11,Jackson Walls,6,247,false,top_speed,NaN,E:\2026\99_seasonTiming\04_RUA\top_speed\Practice.pdf,2026-04-22 16:49:35
RUA,P02,11,Jackson Walls,7,252,false,top_speed,NaN,E:\2026\99_seasonTiming\04_RUA\top_speed\Practice.pdf,2026-04-22 16:49:35
RUA,P02,11,Jackson Walls,8,141,false,top_speed,NaN,E:\2026\99_seasonTiming\04_RUA\top_speed\Practice.pdf,2026-04-22 16:49:35
RUA,P02,11,Jackson Walls,9,246,false,top_speed,NaN,E:\2026\99_seasonTiming\04_RUA\top_speed\Practice.pdf,2026-04-22 16:49:35
RUA,P02,11,Jackson Walls,10,253,false,top_speed,NaN,E:\2026\99_seasonTiming\04_RUA\top_speed\Practice.pdf,2026-04-22 16:49:35
RUA,P02,11,Jackson Walls,11,250,false,top_speed,NaN,E:\2026\99_seasonTiming\04_RUA\top_speed\Practice.pdf,2026-04-22 16:49:35
RUA,P02,11,Jackson Walls,12,251,false,top_speed,NaN,E:\2026\99_seasonTiming\04_RUA\top_speed\Practice.pdf,2026-04-22 16:49:35
RUA,P02,11,Jackson Walls,13,132,false,top_speed,NaN,E:\2026\99_seasonTiming\04_RUA\top_speed\Practice.pdf,2026-04-22 16:49:35
RUA,P02,11,Jackson Walls,14,251,false,top_speed,NaN,E:\2026\99_seasonTiming\04_RUA\top_speed\Practice.pdf,2026-04-22 16:49:35
RUA,P02,11,Jackson Walls,15,253,false,top_speed,NaN,E:\2026\99_seasonTiming\04_RUA\top_speed\Practice.pdf,2026-04-22 16:49:35
RUA,P02,11,Jackson Walls,16,155,false,top_speed,NaN,E:\2026\99_seasonTiming\04_RUA\top_speed\Practice.pdf,2026-04-22 16:49:35
RUA,P02,11,Jackson Walls,17,251,false,top_speed,NaN,E:\2026\99_seasonTiming\04_RUA\top_speed\Practice.pdf,2026-04-22 16:49:35
RUA,P02,11,Jackson Walls,18,253,false,top_speed,NaN,E:\2026\99_seasonTiming\04_RUA\top_speed\Practice.pdf,2026-04-22 16:49:35
RUA,P02,11,Jackson Walls,19,252,false,top_speed,NaN,E:\2026\99_seasonTiming\04_RUA\top_speed\Practice.pdf,2026-04-22 16:49:35
RUA,P02,11,Jackson Walls,20,132,false,top_speed,NaN,E:\2026\99_seasonTiming\04_RUA\top_speed\Practice.pdf,2026-04-22 16:49:35
RUA,P02,11,Jackson Walls,21,254,false,top_speed,NaN,E:\2026\99_seasonTiming\04_RUA\top_speed\Practice.pdf,2026-04-22 16:49:35
RUA,P02,14,Cameron Hill,1,113,false,top_speed,NaN,E:\2026\99_seasonTiming\04_RUA\top_speed\Practice.pdf,2026-04-22 16:49:35
RUA,P02,17,Brodie Kostecki,1,71,false,top_speed,NaN,E:\2026\99_seasonTiming\04_RUA\top_speed\Practice.pdf,2026-04-22 16:49:35
RUA,P02,17,Brodie Kostecki,2,240,false,top_speed,NaN,E:\2026\99_seasonTiming\04_RUA\top_speed\Practice.pdf,2026-04-22 16:49:35
RUA,P02,17,Brodie Kostecki,3,247,false,top_speed,NaN,E:\2026\99_seasonTiming\04_RUA\top_speed\Practice.pdf,2026-04-22 16:49:35
RUA,P02,17,Brodie Kostecki,4,189,false,top_speed,NaN,E:\2026\99_seasonTiming\04_RUA\top_speed\Practice.pdf,2026-04-22 16:49:35
RUA,P02,17,Brodie Kostecki,5,252,false,top_speed,NaN,E:\2026\99_seasonTiming\04_RUA\top_speed\Practice.pdf,2026-04-22 16:49:35
RUA,P02,17,Brodie Kostecki,6,255,false,top_speed,NaN,E:\2026\99_seasonTiming\04_RUA\top_speed\Practice.pdf,2026-04-22 16:49:35
RUA,P02,17,Brodie Kostecki,7,256,false,top_speed,NaN,E:\2026\99_seasonTiming\04_RUA\top_speed\Practice.pdf,2026-04-22 16:49:35
RUA,P02,17,Brodie Kostecki,8,184,false,top_speed,NaN,E:\2026\99_seasonTiming\04_RUA\top_speed\Practice.pdf,2026-04-22 16:49:35
RUA,P02,17,Brodie Kostecki,9,254,false,top_speed,NaN,E:\2026\99_seasonTiming\04_RUA\top_speed\Practice.pdf,2026-04-22 16:49:35
RUA,P02,17,Brodie Kostecki,10,254,false,top_speed,NaN,E:\2026\99_seasonTiming\04_RUA\top_speed\Practice.pdf,2026-04-22 16:49:35
RUA,P02,17,Brodie Kostecki,11,186,false,top_speed,NaN,E:\2026\99_seasonTiming\04_RUA\top_speed\Practice.pdf,2026-04-22 16:49:35
RUA,P02,17,Brodie Kostecki,12,254,false,top_speed,NaN,E:\2026\99_seasonTiming\04_RUA\top_speed\Practice.pdf,2026-04-22 16:49:35
RUA,P02,17,Brodie Kostecki,13,197,false,top_speed,NaN,E:\2026\99_seasonTiming\04_RUA\top_speed\Practice.pdf,2026-04-22 16:49:35
RUA,P02,17,Brodie Kostecki,14,254,false,top_speed,NaN,E:\2026\99_seasonTiming\04_RUA\top_speed\Practice.pdf,2026-04-22 16:49:35
RUA,P02,17,Brodie Kostecki,15,143,false,top_speed,NaN,E:\2026\99_seasonTiming\04_RUA\top_speed\Practice.pdf,2026-04-22 16:49:35
RUA,P02,17,Brodie Kostecki,16,246,false,top_speed,NaN,E:\2026\99_seasonTiming\04_RUA\top_speed\Practice.pdf,2026-04-22 16:49:35
RUA,P02,17,Brodie Kostecki,17,254,false,top_speed,NaN,E:\2026\99_seasonTiming\04_RUA\top_speed\Practice.pdf,2026-04-22 16:49:35
RUA,P02,18,Anton De Pasquale,1,75,false,top_speed,NaN,E:\2026\99_seasonTiming\04_RUA\top_speed\Practice.pdf,2026-04-22 16:49:35
RUA,P02,18,Anton De Pasquale,2,233,false,top_speed,NaN,E:\2026\99_seasonTiming\04_RUA\top_speed\Practice.pdf,2026-04-22 16:49:35
RUA,P02,18,Anton De Pasquale,3,247,false,top_speed,NaN,E:\2026\99_seasonTiming\04_RUA\top_speed\Practice.pdf,2026-04-22 16:49:35
RUA,P02,18,Anton De Pasquale,4,150,false,top_speed,NaN,E:\2026\99_seasonTiming\04_RUA\top_speed\Practice.pdf,2026-04-22 16:49:35
RUA,P02,18,Anton De Pasquale,5,250,false,top_speed,NaN,E:\2026\99_seasonTiming\04_RUA\top_speed\Practice.pdf,2026-04-22 16:49:35
RUA,P02,18,Anton De Pasquale,6,252,false,top_speed,NaN,E:\2026\99_seasonTiming\04_RUA\top_speed\Practice.pdf,2026-04-22 16:49:35
RUA,P02,18,Anton De Pasquale,7,138,false,top_speed,NaN,E:\2026\99_seasonTiming\04_RUA\top_speed\Practice.pdf,2026-04-22 16:49:35
RUA,P02,18,Anton De Pasquale,8,252,false,top_speed,NaN,E:\2026\99_seasonTiming\04_RUA\top_speed\Practice.pdf,2026-04-22 16:49:35
RUA,P02,18,Anton De Pasquale,9,252,false,top_speed,NaN,E:\2026\99_seasonTiming\04_RUA\top_speed\Practice.pdf,2026-04-22 16:49:35
RUA,P02,18,Anton De Pasquale,10,186,false,top_speed,NaN,E:\2026\99_seasonTiming\04_RUA\top_speed\Practice.pdf,2026-04-22 16:49:35
RUA,P02,18,Anton De Pasquale,11,252,false,top_speed,NaN,E:\2026\99_seasonTiming\04_RUA\top_speed\Practice.pdf,2026-04-22 16:49:35
RUA,P02,18,Anton De Pasquale,12,253,false,top_speed,NaN,E:\2026\99_seasonTiming\04_RUA\top_speed\Practice.pdf,2026-04-22 16:49:35
RUA,P02,18,Anton De Pasquale,13,175,false,top_speed,NaN,E:\2026\99_seasonTiming\04_RUA\top_speed\Practice.pdf,2026-04-22 16:49:35
RUA,P02,18,Anton De Pasquale,14,251,false,top_speed,NaN,E:\2026\99_seasonTiming\04_RUA\top_speed\Practice.pdf,2026-04-22 16:49:35
RUA,P02,18,Anton De Pasquale,15,176,false,top_speed,NaN,E:\2026\99_seasonTiming\04_RUA\top_speed\Practice.pdf,2026-04-22 16:49:35
RUA,P02,18,Anton De Pasquale,16,108,false,top_speed,NaN,E:\2026\99_seasonTiming\04_RUA\top_speed\Practice.pdf,2026-04-22 16:49:35
RUA,P02,18,Anton De Pasquale,17,254,false,top_speed,NaN,E:\2026\99_seasonTiming\04_RUA\top_speed\Practice.pdf,2026-04-22 16:49:35
RUA,P02,18,Anton De Pasquale,18,254,false,top_speed,NaN,E:\2026\99_seasonTiming\04_RUA\top_speed\Practice.pdf,2026-04-22 16:49:35
RUA,P02,19,Matthew Payne,1,67,false,top_speed,NaN,E:\2026\99_seasonTiming\04_RUA\top_speed\Practice.pdf,2026-04-22 16:49:35
RUA,P02,19,Matthew Payne,2,215,false,top_speed,NaN,E:\2026\99_seasonTiming\04_RUA\top_speed\Practice.pdf,2026-04-22 16:49:35
RUA,P02,19,Matthew Payne,3,247,false,top_speed,NaN,E:\2026\99_seasonTiming\04_RUA\top_speed\Practice.pdf,2026-04-22 16:49:35
RUA,P02,19,Matthew Payne,4,174,false,top_speed,NaN,E:\2026\99_seasonTiming\04_RUA\top_speed\Practice.pdf,2026-04-22 16:49:35
RUA,P02,19,Matthew Payne,5,251,false,top_speed,NaN,E:\2026\99_seasonTiming\04_RUA\top_speed\Practice.pdf,2026-04-22 16:49:35
RUA,P02,19,Matthew Payne,6,251,false,top_speed,NaN,E:\2026\99_seasonTiming\04_RUA\top_speed\Practice.pdf,2026-04-22 16:49:35
RUA,P02,19,Matthew Payne,7,252,false,top_speed,NaN,E:\2026\99_seasonTiming\04_RUA\top_speed\Practice.pdf,2026-04-22 16:49:35
RUA,P02,19,Matthew Payne,8,196,false,top_speed,NaN,E:\2026\99_seasonTiming\04_RUA\top_speed\Practice.pdf,2026-04-22 16:49:35
RUA,P02,19,Matthew Payne,9,251,false,top_speed,NaN,E:\2026\99_seasonTiming\04_RUA\top_speed\Practice.pdf,2026-04-22 16:49:35
RUA,P02,19,Matthew Payne,10,253,false,top_speed,NaN,E:\2026\99_seasonTiming\04_RUA\top_speed\Practice.pdf,2026-04-22 16:49:35
RUA,P02,19,Matthew Payne,11,253,false,top_speed,NaN,E:\2026\99_seasonTiming\04_RUA\top_speed\Practice.pdf,2026-04-22 16:49:35
RUA,P02,19,Matthew Payne,12,194,false,top_speed,NaN,E:\2026\99_seasonTiming\04_RUA\top_speed\Practice.pdf,2026-04-22 16:49:35
RUA,P02,19,Matthew Payne,13,252,false,top_speed,NaN,E:\2026\99_seasonTiming\04_RUA\top_speed\Practice.pdf,2026-04-22 16:49:35
RUA,P02,19,Matthew Payne,14,253,false,top_speed,NaN,E:\2026\99_seasonTiming\04_RUA\top_speed\Practice.pdf,2026-04-22 16:49:35
RUA,P02,19,Matthew Payne,15,186,false,top_speed,NaN,E:\2026\99_seasonTiming\04_RUA\top_speed\Practice.pdf,2026-04-22 16:49:35
RUA,P02,19,Matthew Payne,16,253,false,top_speed,NaN,E:\2026\99_seasonTiming\04_RUA\top_speed\Practice.pdf,2026-04-22 16:49:35
RUA,P02,19,Matthew Payne,17,237,false,top_speed,NaN,E:\2026\99_seasonTiming\04_RUA\top_speed\Practice.pdf,2026-04-22 16:49:35
RUA,P02,19,Matthew Payne,18,177,false,top_speed,NaN,E:\2026\99_seasonTiming\04_RUA\top_speed\Practice.pdf,2026-04-22 16:49:35
RUA,P02,19,Matthew Payne,19,96,false,top_speed,NaN,E:\2026\99_seasonTiming\04_RUA\top_speed\Practice.pdf,2026-04-22 16:49:35
RUA,P02,19,Matthew Payne,20,254,false,top_speed,NaN,E:\2026\99_seasonTiming\04_RUA\top_speed\Practice.pdf,2026-04-22 16:49:35
RUA,P02,19,Matthew Payne,21,254,false,top_speed,NaN,E:\2026\99_seasonTiming\04_RUA\top_speed\Practice.pdf,2026-04-22 16:49:35
RUA,P02,26,Kai Allen,1,63,false,top_speed,NaN,E:\2026\99_seasonTiming\04_RUA\top_speed\Practice.pdf,2026-04-22 16:49:35
RUA,P02,26,Kai Allen,2,248,false,top_speed,NaN,E:\2026\99_seasonTiming\04_RUA\top_speed\Practice.pdf,2026-04-22 16:49:35
RUA,P02,26,Kai Allen,3,253,false,top_speed,NaN,E:\2026\99_seasonTiming\04_RUA\top_speed\Practice.pdf,2026-04-22 16:49:35
RUA,P02,26,Kai Allen,4,159,false,top_speed,NaN,E:\2026\99_seasonTiming\04_RUA\top_speed\Practice.pdf,2026-04-22 16:49:35
RUA,P02,26,Kai Allen,5,254,false,top_speed,NaN,E:\2026\99_seasonTiming\04_RUA\top_speed\Practice.pdf,2026-04-22 16:49:35
RUA,P02,26,Kai Allen,6,253,false,top_speed,NaN,E:\2026\99_seasonTiming\04_RUA\top_speed\Practice.pdf,2026-04-22 16:49:35
RUA,P02,26,Kai Allen,7,166,false,top_speed,NaN,E:\2026\99_seasonTiming\04_RUA\top_speed\Practice.pdf,2026-04-22 16:49:35
RUA,P02,26,Kai Allen,8,252,false,top_speed,NaN,E:\2026\99_seasonTiming\04_RUA\top_speed\Practice.pdf,2026-04-22 16:49:35
RUA,P02,26,Kai Allen,9,254,false,top_speed,NaN,E:\2026\99_seasonTiming\04_RUA\top_speed\Practice.pdf,2026-04-22 16:49:35
RUA,P02,26,Kai Allen,10,234,false,top_speed,NaN,E:\2026\99_seasonTiming\04_RUA\top_speed\Practice.pdf,2026-04-22 16:49:35
RUA,P02,26,Kai Allen,11,196,false,top_speed,NaN,E:\2026\99_seasonTiming\04_RUA\top_speed\Practice.pdf,2026-04-22 16:49:35
RUA,P02,26,Kai Allen,12,253,false,top_speed,NaN,E:\2026\99_seasonTiming\04_RUA\top_speed\Practice.pdf,2026-04-22 16:49:35
RUA,P02,26,Kai Allen,13,254,false,top_speed,NaN,E:\2026\99_seasonTiming\04_RUA\top_speed\Practice.pdf,2026-04-22 16:49:35
RUA,P02,26,Kai Allen,14,193,false,top_speed,NaN,E:\2026\99_seasonTiming\04_RUA\top_speed\Practice.pdf,2026-04-22 16:49:35
RUA,P02,26,Kai Allen,15,254,false,top_speed,NaN,E:\2026\99_seasonTiming\04_RUA\top_speed\Practice.pdf,2026-04-22 16:49:35
RUA,P02,26,Kai Allen,16,253,false,top_speed,NaN,E:\2026\99_seasonTiming\04_RUA\top_speed\Practice.pdf,2026-04-22 16:49:35
RUA,P02,26,Kai Allen,17,253,false,top_speed,NaN,E:\2026\99_seasonTiming\04_RUA\top_speed\Practice.pdf,2026-04-22 16:49:35
RUA,P02,26,Kai Allen,18,91,false,top_speed,NaN,E:\2026\99_seasonTiming\04_RUA\top_speed\Practice.pdf,2026-04-22 16:49:35
RUA,P02,26,Kai Allen,19,255,false,top_speed,NaN,E:\2026\99_seasonTiming\04_RUA\top_speed\Practice.pdf,2026-04-22 16:49:35
RUA,P02,31,Jayden Ojeda,1,100,false,top_speed,NaN,E:\2026\99_seasonTiming\04_RUA\top_speed\Practice.pdf,2026-04-22 16:49:35
RUA,P02,31,Jayden Ojeda,2,238,false,top_speed,NaN,E:\2026\99_seasonTiming\04_RUA\top_speed\Practice.pdf,2026-04-22 16:49:35
RUA,P02,31,Jayden Ojeda,3,175,false,top_speed,NaN,E:\2026\99_seasonTiming\04_RUA\top_speed\Practice.pdf,2026-04-22 16:49:35
RUA,P02,31,Jayden Ojeda,4,247,false,top_speed,NaN,E:\2026\99_seasonTiming\04_RUA\top_speed\Practice.pdf,2026-04-22 16:49:35
RUA,P02,31,Jayden Ojeda,5,255,false,top_speed,NaN,E:\2026\99_seasonTiming\04_RUA\top_speed\Practice.pdf,2026-04-22 16:49:35
RUA,P02,31,Jayden Ojeda,6,239,false,top_speed,NaN,E:\2026\99_seasonTiming\04_RUA\top_speed\Practice.pdf,2026-04-22 16:49:35
RUA,P02,31,Jayden Ojeda,7,185,false,top_speed,NaN,E:\2026\99_seasonTiming\04_RUA\top_speed\Practice.pdf,2026-04-22 16:49:35
RUA,P02,31,Jayden Ojeda,8,253,false,top_speed,NaN,E:\2026\99_seasonTiming\04_RUA\top_speed\Practice.pdf,2026-04-22 16:49:35
RUA,P02,31,Jayden Ojeda,9,245,false,top_speed,NaN,E:\2026\99_seasonTiming\04_RUA\top_speed\Practice.pdf,2026-04-22 16:49:35
RUA,P02,31,Jayden Ojeda,10,253,false,top_speed,NaN,E:\2026\99_seasonTiming\04_RUA\top_speed\Practice.pdf,2026-04-22 16:49:35
RUA,P02,31,Jayden Ojeda,11,186,false,top_speed,NaN,E:\2026\99_seasonTiming\04_RUA\top_speed\Practice.pdf,2026-04-22 16:49:35
RUA,P02,31,Jayden Ojeda,12,253,false,top_speed,NaN,E:\2026\99_seasonTiming\04_RUA\top_speed\Practice.pdf,2026-04-22 16:49:35
RUA,P02,31,Jayden Ojeda,13,254,false,top_speed,NaN,E:\2026\99_seasonTiming\04_RUA\top_speed\Practice.pdf,2026-04-22 16:49:35
RUA,P02,31,Jayden Ojeda,14,254,false,top_speed,NaN,E:\2026\99_seasonTiming\04_RUA\top_speed\Practice.pdf,2026-04-22 16:49:35
RUA,P02,31,Jayden Ojeda,15,254,false,top_speed,NaN,E:\2026\99_seasonTiming\04_RUA\top_speed\Practice.pdf,2026-04-22 16:49:35
RUA,P02,31,Jayden Ojeda,16,173,false,top_speed,NaN,E:\2026\99_seasonTiming\04_RUA\top_speed\Practice.pdf,2026-04-22 16:49:35
RUA,P02,31,Jayden Ojeda,17,254,false,top_speed,NaN,E:\2026\99_seasonTiming\04_RUA\top_speed\Practice.pdf,2026-04-22 16:49:35
RUA,P02,31,Jayden Ojeda,18,94,false,top_speed,NaN,E:\2026\99_seasonTiming\04_RUA\top_speed\Practice.pdf,2026-04-22 16:49:35
RUA,P02,31,Jayden Ojeda,19,255,false,top_speed,NaN,E:\2026\99_seasonTiming\04_RUA\top_speed\Practice.pdf,2026-04-22 16:49:35
RUA,P02,31,Jayden Ojeda,20,256,false,top_speed,NaN,E:\2026\99_seasonTiming\04_RUA\top_speed\Practice.pdf,2026-04-22 16:49:35
RUA,P02,38,Rylan Gray,1,62,false,top_speed,NaN,E:\2026\99_seasonTiming\04_RUA\top_speed\Practice.pdf,2026-04-22 16:49:35
RUA,P02,38,Rylan Gray,2,223,false,top_speed,NaN,E:\2026\99_seasonTiming\04_RUA\top_speed\Practice.pdf,2026-04-22 16:49:35
RUA,P02,38,Rylan Gray,3,245,false,top_speed,NaN,E:\2026\99_seasonTiming\04_RUA\top_speed\Practice.pdf,2026-04-22 16:49:35
RUA,P02,38,Rylan Gray,4,186,false,top_speed,NaN,E:\2026\99_seasonTiming\04_RUA\top_speed\Practice.pdf,2026-04-22 16:49:35
RUA,P02,38,Rylan Gray,5,243,false,top_speed,NaN,E:\2026\99_seasonTiming\04_RUA\top_speed\Practice.pdf,2026-04-22 16:49:35
RUA,P02,38,Rylan Gray,6,254,false,top_speed,NaN,E:\2026\99_seasonTiming\04_RUA\top_speed\Practice.pdf,2026-04-22 16:49:35
RUA,P02,38,Rylan Gray,7,237,false,top_speed,NaN,E:\2026\99_seasonTiming\04_RUA\top_speed\Practice.pdf,2026-04-22 16:49:35
RUA,P02,38,Rylan Gray,8,192,false,top_speed,NaN,E:\2026\99_seasonTiming\04_RUA\top_speed\Practice.pdf,2026-04-22 16:49:35
RUA,P02,38,Rylan Gray,9,254,false,top_speed,NaN,E:\2026\99_seasonTiming\04_RUA\top_speed\Practice.pdf,2026-04-22 16:49:35
RUA,P02,38,Rylan Gray,10,253,false,top_speed,NaN,E:\2026\99_seasonTiming\04_RUA\top_speed\Practice.pdf,2026-04-22 16:49:35
RUA,P02,38,Rylan Gray,11,191,false,top_speed,NaN,E:\2026\99_seasonTiming\04_RUA\top_speed\Practice.pdf,2026-04-22 16:49:35
RUA,P02,38,Rylan Gray,12,253,false,top_speed,NaN,E:\2026\99_seasonTiming\04_RUA\top_speed\Practice.pdf,2026-04-22 16:49:35
RUA,P02,38,Rylan Gray,13,253,false,top_speed,NaN,E:\2026\99_seasonTiming\04_RUA\top_speed\Practice.pdf,2026-04-22 16:49:35
RUA,P02,38,Rylan Gray,14,207,false,top_speed,NaN,E:\2026\99_seasonTiming\04_RUA\top_speed\Practice.pdf,2026-04-22 16:49:35
RUA,P02,38,Rylan Gray,15,186,false,top_speed,NaN,E:\2026\99_seasonTiming\04_RUA\top_speed\Practice.pdf,2026-04-22 16:49:35
RUA,P02,38,Rylan Gray,16,254,false,top_speed,NaN,E:\2026\99_seasonTiming\04_RUA\top_speed\Practice.pdf,2026-04-22 16:49:35
RUA,P02,38,Rylan Gray,17,193,false,top_speed,NaN,E:\2026\99_seasonTiming\04_RUA\top_speed\Practice.pdf,2026-04-22 16:49:35
RUA,P02,38,Rylan Gray,18,253,false,top_speed,NaN,E:\2026\99_seasonTiming\04_RUA\top_speed\Practice.pdf,2026-04-22 16:49:35
RUA,P02,38,Rylan Gray,19,88,false,top_speed,NaN,E:\2026\99_seasonTiming\04_RUA\top_speed\Practice.pdf,2026-04-22 16:49:35
RUA,P02,38,Rylan Gray,20,255,false,top_speed,NaN,E:\2026\99_seasonTiming\04_RUA\top_speed\Practice.pdf,2026-04-22 16:49:35
RUA,P02,38,Rylan Gray,21,254,false,top_speed,NaN,E:\2026\99_seasonTiming\04_RUA\top_speed\Practice.pdf,2026-04-22 16:49:35
RUA,P02,55,Thomas Randle,1,85,false,top_speed,NaN,E:\2026\99_seasonTiming\04_RUA\top_speed\Practice.pdf,2026-04-22 16:49:35
RUA,P02,55,Thomas Randle,2,227,false,top_speed,NaN,E:\2026\99_seasonTiming\04_RUA\top_speed\Practice.pdf,2026-04-22 16:49:35
RUA,P02,55,Thomas Randle,3,247,false,top_speed,NaN,E:\2026\99_seasonTiming\04_RUA\top_speed\Practice.pdf,2026-04-22 16:49:35
RUA,P02,55,Thomas Randle,4,175,false,top_speed,NaN,E:\2026\99_seasonTiming\04_RUA\top_speed\Practice.pdf,2026-04-22 16:49:35
RUA,P02,55,Thomas Randle,5,251,false,top_speed,NaN,E:\2026\99_seasonTiming\04_RUA\top_speed\Practice.pdf,2026-04-22 16:49:35
RUA,P02,55,Thomas Randle,6,253,false,top_speed,NaN,E:\2026\99_seasonTiming\04_RUA\top_speed\Practice.pdf,2026-04-22 16:49:35
RUA,P02,55,Thomas Randle,7,253,false,top_speed,NaN,E:\2026\99_seasonTiming\04_RUA\top_speed\Practice.pdf,2026-04-22 16:49:35
RUA,P02,55,Thomas Randle,8,251,false,top_speed,NaN,E:\2026\99_seasonTiming\04_RUA\top_speed\Practice.pdf,2026-04-22 16:49:35
RUA,P02,55,Thomas Randle,9,252,false,top_speed,NaN,E:\2026\99_seasonTiming\04_RUA\top_speed\Practice.pdf,2026-04-22 16:49:35
RUA,P02,55,Thomas Randle,10,254,false,top_speed,NaN,E:\2026\99_seasonTiming\04_RUA\top_speed\Practice.pdf,2026-04-22 16:49:35
RUA,P02,55,Thomas Randle,11,254,false,top_speed,NaN,E:\2026\99_seasonTiming\04_RUA\top_speed\Practice.pdf,2026-04-22 16:49:35
RUA,P02,55,Thomas Randle,12,250,false,top_speed,NaN,E:\2026\99_seasonTiming\04_RUA\top_speed\Practice.pdf,2026-04-22 16:49:35
RUA,P02,55,Thomas Randle,13,252,false,top_speed,NaN,E:\2026\99_seasonTiming\04_RUA\top_speed\Practice.pdf,2026-04-22 16:49:35
RUA,P02,55,Thomas Randle,14,231,false,top_speed,NaN,E:\2026\99_seasonTiming\04_RUA\top_speed\Practice.pdf,2026-04-22 16:49:35
RUA,P02,55,Thomas Randle,15,105,false,top_speed,NaN,E:\2026\99_seasonTiming\04_RUA\top_speed\Practice.pdf,2026-04-22 16:49:35
RUA,P02,55,Thomas Randle,16,254,false,top_speed,NaN,E:\2026\99_seasonTiming\04_RUA\top_speed\Practice.pdf,2026-04-22 16:49:35
RUA,P02,55,Thomas Randle,17,254,false,top_speed,NaN,E:\2026\99_seasonTiming\04_RUA\top_speed\Practice.pdf,2026-04-22 16:49:35
RUA,P02,55,Thomas Randle,18,214,false,top_speed,NaN,E:\2026\99_seasonTiming\04_RUA\top_speed\Practice.pdf,2026-04-22 16:49:35
RUA,P02,55,Thomas Randle,19,180,false,top_speed,NaN,E:\2026\99_seasonTiming\04_RUA\top_speed\Practice.pdf,2026-04-22 16:49:35
RUA,P02,55,Thomas Randle,20,255,false,top_speed,NaN,E:\2026\99_seasonTiming\04_RUA\top_speed\Practice.pdf,2026-04-22 16:49:35
RUA,P02,55,Thomas Randle,21,105,false,top_speed,NaN,E:\2026\99_seasonTiming\04_RUA\top_speed\Practice.pdf,2026-04-22 16:49:35
RUA,P02,55,Thomas Randle,22,254,false,top_speed,NaN,E:\2026\99_seasonTiming\04_RUA\top_speed\Practice.pdf,2026-04-22 16:49:35
RUA,P02,88,Broc Feeney,1,78,false,top_speed,NaN,E:\2026\99_seasonTiming\04_RUA\top_speed\Practice.pdf,2026-04-22 16:49:35
RUA,P02,88,Broc Feeney,2,244,false,top_speed,NaN,E:\2026\99_seasonTiming\04_RUA\top_speed\Practice.pdf,2026-04-22 16:49:35
RUA,P02,88,Broc Feeney,3,250,false,top_speed,NaN,E:\2026\99_seasonTiming\04_RUA\top_speed\Practice.pdf,2026-04-22 16:49:35
RUA,P02,88,Broc Feeney,4,116,false,top_speed,NaN,E:\2026\99_seasonTiming\04_RUA\top_speed\Practice.pdf,2026-04-22 16:49:35
RUA,P02,88,Broc Feeney,5,165,false,top_speed,NaN,E:\2026\99_seasonTiming\04_RUA\top_speed\Practice.pdf,2026-04-22 16:49:35
RUA,P02,88,Broc Feeney,6,252,false,top_speed,NaN,E:\2026\99_seasonTiming\04_RUA\top_speed\Practice.pdf,2026-04-22 16:49:35
RUA,P02,88,Broc Feeney,7,253,false,top_speed,NaN,E:\2026\99_seasonTiming\04_RUA\top_speed\Practice.pdf,2026-04-22 16:49:35
RUA,P02,88,Broc Feeney,8,163,false,top_speed,NaN,E:\2026\99_seasonTiming\04_RUA\top_speed\Practice.pdf,2026-04-22 16:49:35
RUA,P02,88,Broc Feeney,9,252,false,top_speed,NaN,E:\2026\99_seasonTiming\04_RUA\top_speed\Practice.pdf,2026-04-22 16:49:35
RUA,P02,88,Broc Feeney,10,252,false,top_speed,NaN,E:\2026\99_seasonTiming\04_RUA\top_speed\Practice.pdf,2026-04-22 16:49:35
RUA,P02,88,Broc Feeney,11,209,false,top_speed,NaN,E:\2026\99_seasonTiming\04_RUA\top_speed\Practice.pdf,2026-04-22 16:49:35
RUA,P02,88,Broc Feeney,12,191,false,top_speed,NaN,E:\2026\99_seasonTiming\04_RUA\top_speed\Practice.pdf,2026-04-22 16:49:35
RUA,P02,88,Broc Feeney,13,251,false,top_speed,NaN,E:\2026\99_seasonTiming\04_RUA\top_speed\Practice.pdf,2026-04-22 16:49:35
RUA,P02,88,Broc Feeney,14,251,false,top_speed,NaN,E:\2026\99_seasonTiming\04_RUA\top_speed\Practice.pdf,2026-04-22 16:49:35
RUA,P02,88,Broc Feeney,15,157,false,top_speed,NaN,E:\2026\99_seasonTiming\04_RUA\top_speed\Practice.pdf,2026-04-22 16:49:35
RUA,P02,88,Broc Feeney,16,252,false,top_speed,NaN,E:\2026\99_seasonTiming\04_RUA\top_speed\Practice.pdf,2026-04-22 16:49:35
RUA,P02,88,Broc Feeney,17,254,false,top_speed,NaN,E:\2026\99_seasonTiming\04_RUA\top_speed\Practice.pdf,2026-04-22 16:49:35
RUA,P02,88,Broc Feeney,18,253,false,top_speed,NaN,E:\2026\99_seasonTiming\04_RUA\top_speed\Practice.pdf,2026-04-22 16:49:35
RUA,P02,88,Broc Feeney,19,118,false,top_speed,NaN,E:\2026\99_seasonTiming\04_RUA\top_speed\Practice.pdf,2026-04-22 16:49:35
RUA,P02,88,Broc Feeney,20,252,false,top_speed,NaN,E:\2026\99_seasonTiming\04_RUA\top_speed\Practice.pdf,2026-04-22 16:49:35
RUA,P02,88,Broc Feeney,21,252,false,top_speed,NaN,E:\2026\99_seasonTiming\04_RUA\top_speed\Practice.pdf,2026-04-22 16:49:35
RUA,P02,88,Broc Feeney,22,254,false,top_speed,NaN,E:\2026\99_seasonTiming\04_RUA\top_speed\Practice.pdf,2026-04-22 16:49:35
RUA,P02,88,Broc Feeney,23,253,false,top_speed,NaN,E:\2026\99_seasonTiming\04_RUA\top_speed\Practice.pdf,2026-04-22 16:49:35
RUA,P02,96,Macauley Jones,1,114,false,top_speed,NaN,E:\2026\99_seasonTiming\04_RUA\top_speed\Practice.pdf,2026-04-22 16:49:35
RUA,P02,96,Macauley Jones,2,232,false,top_speed,NaN,E:\2026\99_seasonTiming\04_RUA\top_speed\Practice.pdf,2026-04-22 16:49:35
RUA,P02,96,Macauley Jones,3,225,false,top_speed,NaN,E:\2026\99_seasonTiming\04_RUA\top_speed\Practice.pdf,2026-04-22 16:49:35
RUA,P02,96,Macauley Jones,4,191,false,top_speed,NaN,E:\2026\99_seasonTiming\04_RUA\top_speed\Practice.pdf,2026-04-22 16:49:35
RUA,P02,96,Macauley Jones,5,238,false,top_speed,NaN,E:\2026\99_seasonTiming\04_RUA\top_speed\Practice.pdf,2026-04-22 16:49:35
RUA,P02,96,Macauley Jones,6,245,false,top_speed,NaN,E:\2026\99_seasonTiming\04_RUA\top_speed\Practice.pdf,2026-04-22 16:49:35
RUA,P02,96,Macauley Jones,7,248,false,top_speed,NaN,E:\2026\99_seasonTiming\04_RUA\top_speed\Practice.pdf,2026-04-22 16:49:35
RUA,P02,96,Macauley Jones,8,251,false,top_speed,NaN,E:\2026\99_seasonTiming\04_RUA\top_speed\Practice.pdf,2026-04-22 16:49:35
RUA,P02,96,Macauley Jones,9,252,false,top_speed,NaN,E:\2026\99_seasonTiming\04_RUA\top_speed\Practice.pdf,2026-04-22 16:49:35
RUA,P02,96,Macauley Jones,10,250,false,top_speed,NaN,E:\2026\99_seasonTiming\04_RUA\top_speed\Practice.pdf,2026-04-22 16:49:35
RUA,P02,96,Macauley Jones,11,187,false,top_speed,NaN,E:\2026\99_seasonTiming\04_RUA\top_speed\Practice.pdf,2026-04-22 16:49:35
RUA,P02,96,Macauley Jones,12,250,false,top_speed,NaN,E:\2026\99_seasonTiming\04_RUA\top_speed\Practice.pdf,2026-04-22 16:49:35
RUA,P02,96,Macauley Jones,13,249,false,top_speed,NaN,E:\2026\99_seasonTiming\04_RUA\top_speed\Practice.pdf,2026-04-22 16:49:35
RUA,P02,96,Macauley Jones,14,250,false,top_speed,NaN,E:\2026\99_seasonTiming\04_RUA\top_speed\Practice.pdf,2026-04-22 16:49:35
RUA,P02,96,Macauley Jones,15,251,false,top_speed,NaN,E:\2026\99_seasonTiming\04_RUA\top_speed\Practice.pdf,2026-04-22 16:49:35
RUA,P02,96,Macauley Jones,16,251,false,top_speed,NaN,E:\2026\99_seasonTiming\04_RUA\top_speed\Practice.pdf,2026-04-22 16:49:35
RUA,P02,96,Macauley Jones,17,175,false,top_speed,NaN,E:\2026\99_seasonTiming\04_RUA\top_speed\Practice.pdf,2026-04-22 16:49:35
RUA,P02,96,Macauley Jones,18,250,false,top_speed,NaN,E:\2026\99_seasonTiming\04_RUA\top_speed\Practice.pdf,2026-04-22 16:49:35
RUA,P02,96,Macauley Jones,19,148,false,top_speed,NaN,E:\2026\99_seasonTiming\04_RUA\top_speed\Practice.pdf,2026-04-22 16:49:35
RUA,P02,96,Macauley Jones,20,251,false,top_speed,NaN,E:\2026\99_seasonTiming\04_RUA\top_speed\Practice.pdf,2026-04-22 16:49:35
RUA,P02,96,Macauley Jones,21,251,false,top_speed,NaN,E:\2026\99_seasonTiming\04_RUA\top_speed\Practice.pdf,2026-04-22 16:49:35
RUA,P02,99,Cooper Murray,1,81,false,top_speed,NaN,E:\2026\99_seasonTiming\04_RUA\top_speed\Practice.pdf,2026-04-22 16:49:35
RUA,P02,99,Cooper Murray,2,225,false,top_speed,NaN,E:\2026\99_seasonTiming\04_RUA\top_speed\Practice.pdf,2026-04-22 16:49:35
RUA,P02,99,Cooper Murray,3,174,false,top_speed,NaN,E:\2026\99_seasonTiming\04_RUA\top_speed\Practice.pdf,2026-04-22 16:49:35
RUA,P02,99,Cooper Murray,4,186,false,top_speed,NaN,E:\2026\99_seasonTiming\04_RUA\top_speed\Practice.pdf,2026-04-22 16:49:35
RUA,P02,99,Cooper Murray,5,252,false,top_speed,NaN,E:\2026\99_seasonTiming\04_RUA\top_speed\Practice.pdf,2026-04-22 16:49:35
RUA,P02,99,Cooper Murray,6,253,false,top_speed,NaN,E:\2026\99_seasonTiming\04_RUA\top_speed\Practice.pdf,2026-04-22 16:49:35
RUA,P02,99,Cooper Murray,7,253,false,top_speed,NaN,E:\2026\99_seasonTiming\04_RUA\top_speed\Practice.pdf,2026-04-22 16:49:35
RUA,P02,99,Cooper Murray,8,235,false,top_speed,NaN,E:\2026\99_seasonTiming\04_RUA\top_speed\Practice.pdf,2026-04-22 16:49:35
RUA,P02,99,Cooper Murray,9,195,false,top_speed,NaN,E:\2026\99_seasonTiming\04_RUA\top_speed\Practice.pdf,2026-04-22 16:49:35
RUA,P02,99,Cooper Murray,10,252,false,top_speed,NaN,E:\2026\99_seasonTiming\04_RUA\top_speed\Practice.pdf,2026-04-22 16:49:35
RUA,P02,99,Cooper Murray,11,253,false,top_speed,NaN,E:\2026\99_seasonTiming\04_RUA\top_speed\Practice.pdf,2026-04-22 16:49:35
RUA,P02,99,Cooper Murray,12,252,false,top_speed,NaN,E:\2026\99_seasonTiming\04_RUA\top_speed\Practice.pdf,2026-04-22 16:49:35
RUA,P02,99,Cooper Murray,13,195,false,top_speed,NaN,E:\2026\99_seasonTiming\04_RUA\top_speed\Practice.pdf,2026-04-22 16:49:35
RUA,P02,99,Cooper Murray,14,195,false,top_speed,NaN,E:\2026\99_seasonTiming\04_RUA\top_speed\Practice.pdf,2026-04-22 16:49:35
RUA,P02,99,Cooper Murray,15,253,false,top_speed,NaN,E:\2026\99_seasonTiming\04_RUA\top_speed\Practice.pdf,2026-04-22 16:49:35
RUA,P02,99,Cooper Murray,16,225,false,top_speed,NaN,E:\2026\99_seasonTiming\04_RUA\top_speed\Practice.pdf,2026-04-22 16:49:35
RUA,P02,99,Cooper Murray,17,126,false,top_speed,NaN,E:\2026\99_seasonTiming\04_RUA\top_speed\Practice.pdf,2026-04-22 16:49:35
RUA,P02,99,Cooper Murray,18,252,false,top_speed,NaN,E:\2026\99_seasonTiming\04_RUA\top_speed\Practice.pdf,2026-04-22 16:49:35
RUA,P02,99,Cooper Murray,19,117,false,top_speed,NaN,E:\2026\99_seasonTiming\04_RUA\top_speed\Practice.pdf,2026-04-22 16:49:35
RUA,P02,99,Cooper Murray,20,255,false,top_speed,NaN,E:\2026\99_seasonTiming\04_RUA\top_speed\Practice.pdf,2026-04-22 16:49:35
RUA,P02,99,Cooper Murray,21,254,false,top_speed,NaN,E:\2026\99_seasonTiming\04_RUA\top_speed\Practice.pdf,2026-04-22 16:49:35
RUA,P02,777,Declan Fraser,1,103,false,top_speed,NaN,E:\2026\99_seasonTiming\04_RUA\top_speed\Practice.pdf,2026-04-22 16:49:35
RUA,P02,777,Declan Fraser,2,224,false,top_speed,NaN,E:\2026\99_seasonTiming\04_RUA\top_speed\Practice.pdf,2026-04-22 16:49:35
RUA,P02,777,Declan Fraser,3,155,false,top_speed,NaN,E:\2026\99_seasonTiming\04_RUA\top_speed\Practice.pdf,2026-04-22 16:49:35
RUA,P02,777,Declan Fraser,4,231,false,top_speed,NaN,E:\2026\99_seasonTiming\04_RUA\top_speed\Practice.pdf,2026-04-22 16:49:35
RUA,P02,777,Declan Fraser,5,254,false,top_speed,NaN,E:\2026\99_seasonTiming\04_RUA\top_speed\Practice.pdf,2026-04-22 16:49:35
RUA,P02,777,Declan Fraser,6,254,false,top_speed,NaN,E:\2026\99_seasonTiming\04_RUA\top_speed\Practice.pdf,2026-04-22 16:49:35
RUA,P02,777,Declan Fraser,7,255,false,top_speed,NaN,E:\2026\99_seasonTiming\04_RUA\top_speed\Practice.pdf,2026-04-22 16:49:35
RUA,P02,777,Declan Fraser,8,186,false,top_speed,NaN,E:\2026\99_seasonTiming\04_RUA\top_speed\Practice.pdf,2026-04-22 16:49:35
RUA,P02,777,Declan Fraser,9,252,false,top_speed,NaN,E:\2026\99_seasonTiming\04_RUA\top_speed\Practice.pdf,2026-04-22 16:49:35
RUA,P02,777,Declan Fraser,10,253,false,top_speed,NaN,E:\2026\99_seasonTiming\04_RUA\top_speed\Practice.pdf,2026-04-22 16:49:35
RUA,P02,777,Declan Fraser,11,253,false,top_speed,NaN,E:\2026\99_seasonTiming\04_RUA\top_speed\Practice.pdf,2026-04-22 16:49:35
RUA,P02,777,Declan Fraser,12,193,false,top_speed,NaN,E:\2026\99_seasonTiming\04_RUA\top_speed\Practice.pdf,2026-04-22 16:49:35
RUA,P02,777,Declan Fraser,13,251,false,top_speed,NaN,E:\2026\99_seasonTiming\04_RUA\top_speed\Practice.pdf,2026-04-22 16:49:35
RUA,P02,777,Declan Fraser,14,251,false,top_speed,NaN,E:\2026\99_seasonTiming\04_RUA\top_speed\Practice.pdf,2026-04-22 16:49:35
RUA,P02,777,Declan Fraser,15,250,false,top_speed,NaN,E:\2026\99_seasonTiming\04_RUA\top_speed\Practice.pdf,2026-04-22 16:49:35
RUA,P02,777,Declan Fraser,16,194,false,top_speed,NaN,E:\2026\99_seasonTiming\04_RUA\top_speed\Practice.pdf,2026-04-22 16:49:35
RUA,P02,777,Declan Fraser,17,251,false,top_speed,NaN,E:\2026\99_seasonTiming\04_RUA\top_speed\Practice.pdf,2026-04-22 16:49:35
RUA,P02,777,Declan Fraser,18,166,false,top_speed,NaN,E:\2026\99_seasonTiming\04_RUA\top_speed\Practice.pdf,2026-04-22 16:49:35
RUA,P02,777,Declan Fraser,19,253,false,top_speed,NaN,E:\2026\99_seasonTiming\04_RUA\top_speed\Practice.pdf,2026-04-22 16:49:35
RUA,P02,777,Declan Fraser,20,254,false,top_speed,NaN,E:\2026\99_seasonTiming\04_RUA\top_speed\Practice.pdf,2026-04-22 16:49:35
RUA,P02,888,William Brown,1,80,false,top_speed,NaN,E:\2026\99_seasonTiming\04_RUA\top_speed\Practice.pdf,2026-04-22 16:49:35
RUA,P02,888,William Brown,2,242,false,top_speed,NaN,E:\2026\99_seasonTiming\04_RUA\top_speed\Practice.pdf,2026-04-22 16:49:35
RUA,P02,888,William Brown,3,252,false,top_speed,NaN,E:\2026\99_seasonTiming\04_RUA\top_speed\Practice.pdf,2026-04-22 16:49:35
RUA,P02,888,William Brown,4,110,false,top_speed,NaN,E:\2026\99_seasonTiming\04_RUA\top_speed\Practice.pdf,2026-04-22 16:49:35
RUA,P02,888,William Brown,5,123,false,top_speed,NaN,E:\2026\99_seasonTiming\04_RUA\top_speed\Practice.pdf,2026-04-22 16:49:35
RUA,P02,888,William Brown,6,247,false,top_speed,NaN,E:\2026\99_seasonTiming\04_RUA\top_speed\Practice.pdf,2026-04-22 16:49:35
RUA,P02,888,William Brown,7,252,false,top_speed,NaN,E:\2026\99_seasonTiming\04_RUA\top_speed\Practice.pdf,2026-04-22 16:49:35
RUA,P02,888,William Brown,8,215,false,top_speed,NaN,E:\2026\99_seasonTiming\04_RUA\top_speed\Practice.pdf,2026-04-22 16:49:35
RUA,P02,888,William Brown,9,186,false,top_speed,NaN,E:\2026\99_seasonTiming\04_RUA\top_speed\Practice.pdf,2026-04-22 16:49:35
RUA,P02,888,William Brown,10,252,false,top_speed,NaN,E:\2026\99_seasonTiming\04_RUA\top_speed\Practice.pdf,2026-04-22 16:49:35
RUA,P02,888,William Brown,11,252,false,top_speed,NaN,E:\2026\99_seasonTiming\04_RUA\top_speed\Practice.pdf,2026-04-22 16:49:35
RUA,P02,888,William Brown,12,193,false,top_speed,NaN,E:\2026\99_seasonTiming\04_RUA\top_speed\Practice.pdf,2026-04-22 16:49:35
RUA,P02,888,William Brown,13,252,false,top_speed,NaN,E:\2026\99_seasonTiming\04_RUA\top_speed\Practice.pdf,2026-04-22 16:49:35
RUA,P02,888,William Brown,14,252,false,top_speed,NaN,E:\2026\99_seasonTiming\04_RUA\top_speed\Practice.pdf,2026-04-22 16:49:35
RUA,P02,888,William Brown,15,183,false,top_speed,NaN,E:\2026\99_seasonTiming\04_RUA\top_speed\Practice.pdf,2026-04-22 16:49:35
RUA,P02,888,William Brown,16,252,false,top_speed,NaN,E:\2026\99_seasonTiming\04_RUA\top_speed\Practice.pdf,2026-04-22 16:49:35
RUA,P02,888,William Brown,17,106,false,top_speed,NaN,E:\2026\99_seasonTiming\04_RUA\top_speed\Practice.pdf,2026-04-22 16:49:35
RUA,P02,888,William Brown,18,253,false,top_speed,NaN,E:\2026\99_seasonTiming\04_RUA\top_speed\Practice.pdf,2026-04-22 16:49:35
RUA,P02,888,William Brown,19,253,false,top_speed,NaN,E:\2026\99_seasonTiming\04_RUA\top_speed\Practice.pdf,2026-04-22 16:49:35
RUA,QR10,1,Chaz Mostert,1,54,false,top_speed,NaN,E:\2026\99_seasonTiming\04_RUA\top_speed\Qualifying Race 10.pdf,2026-04-22 16:49:35
RUA,QR10,1,Chaz Mostert,2,253,false,top_speed,NaN,E:\2026\99_seasonTiming\04_RUA\top_speed\Qualifying Race 10.pdf,2026-04-22 16:49:35
RUA,QR10,1,Chaz Mostert,3,254,false,top_speed,NaN,E:\2026\99_seasonTiming\04_RUA\top_speed\Qualifying Race 10.pdf,2026-04-22 16:49:35
RUA,QR10,1,Chaz Mostert,4,218,false,top_speed,NaN,E:\2026\99_seasonTiming\04_RUA\top_speed\Qualifying Race 10.pdf,2026-04-22 16:49:35
RUA,QR10,1,Chaz Mostert,5,83,false,top_speed,NaN,E:\2026\99_seasonTiming\04_RUA\top_speed\Qualifying Race 10.pdf,2026-04-22 16:49:35
RUA,QR10,1,Chaz Mostert,6,255,false,top_speed,NaN,E:\2026\99_seasonTiming\04_RUA\top_speed\Qualifying Race 10.pdf,2026-04-22 16:49:35
RUA,QR10,1,Chaz Mostert,7,60,false,top_speed,NaN,E:\2026\99_seasonTiming\04_RUA\top_speed\Qualifying Race 10.pdf,2026-04-22 16:49:35
RUA,QR10,1,Chaz Mostert,8,254,false,top_speed,NaN,E:\2026\99_seasonTiming\04_RUA\top_speed\Qualifying Race 10.pdf,2026-04-22 16:49:35
RUA,QR10,2,Ryan Wood,1,60,false,top_speed,NaN,E:\2026\99_seasonTiming\04_RUA\top_speed\Qualifying Race 10.pdf,2026-04-22 16:49:35
RUA,QR10,2,Ryan Wood,2,251,false,top_speed,NaN,E:\2026\99_seasonTiming\04_RUA\top_speed\Qualifying Race 10.pdf,2026-04-22 16:49:35
RUA,QR10,2,Ryan Wood,3,253,false,top_speed,NaN,E:\2026\99_seasonTiming\04_RUA\top_speed\Qualifying Race 10.pdf,2026-04-22 16:49:35
RUA,QR10,2,Ryan Wood,4,66,false,top_speed,NaN,E:\2026\99_seasonTiming\04_RUA\top_speed\Qualifying Race 10.pdf,2026-04-22 16:49:35
RUA,QR10,2,Ryan Wood,5,255,false,top_speed,NaN,E:\2026\99_seasonTiming\04_RUA\top_speed\Qualifying Race 10.pdf,2026-04-22 16:49:35
RUA,QR10,2,Ryan Wood,6,69,false,top_speed,NaN,E:\2026\99_seasonTiming\04_RUA\top_speed\Qualifying Race 10.pdf,2026-04-22 16:49:35
RUA,QR10,2,Ryan Wood,7,254,false,top_speed,NaN,E:\2026\99_seasonTiming\04_RUA\top_speed\Qualifying Race 10.pdf,2026-04-22 16:49:35
RUA,QR10,3,Aaron Cameron,1,60,false,top_speed,NaN,E:\2026\99_seasonTiming\04_RUA\top_speed\Qualifying Race 10.pdf,2026-04-22 16:49:35
RUA,QR10,3,Aaron Cameron,2,246,false,top_speed,NaN,E:\2026\99_seasonTiming\04_RUA\top_speed\Qualifying Race 10.pdf,2026-04-22 16:49:35
RUA,QR10,3,Aaron Cameron,3,253,false,top_speed,NaN,E:\2026\99_seasonTiming\04_RUA\top_speed\Qualifying Race 10.pdf,2026-04-22 16:49:35
RUA,QR10,3,Aaron Cameron,4,253,false,top_speed,NaN,E:\2026\99_seasonTiming\04_RUA\top_speed\Qualifying Race 10.pdf,2026-04-22 16:49:35
RUA,QR10,3,Aaron Cameron,5,73,false,top_speed,NaN,E:\2026\99_seasonTiming\04_RUA\top_speed\Qualifying Race 10.pdf,2026-04-22 16:49:35
RUA,QR10,3,Aaron Cameron,6,255,false,top_speed,NaN,E:\2026\99_seasonTiming\04_RUA\top_speed\Qualifying Race 10.pdf,2026-04-22 16:49:35
RUA,QR10,4,Jack Le Brocq,1,60,false,top_speed,NaN,E:\2026\99_seasonTiming\04_RUA\top_speed\Qualifying Race 10.pdf,2026-04-22 16:49:35
RUA,QR10,4,Jack Le Brocq,2,251,false,top_speed,NaN,E:\2026\99_seasonTiming\04_RUA\top_speed\Qualifying Race 10.pdf,2026-04-22 16:49:35
RUA,QR10,4,Jack Le Brocq,3,253,false,top_speed,NaN,E:\2026\99_seasonTiming\04_RUA\top_speed\Qualifying Race 10.pdf,2026-04-22 16:49:35
RUA,QR10,4,Jack Le Brocq,4,252,false,top_speed,NaN,E:\2026\99_seasonTiming\04_RUA\top_speed\Qualifying Race 10.pdf,2026-04-22 16:49:35
RUA,QR10,4,Jack Le Brocq,5,106,false,top_speed,NaN,E:\2026\99_seasonTiming\04_RUA\top_speed\Qualifying Race 10.pdf,2026-04-22 16:49:35
RUA,QR10,4,Jack Le Brocq,6,254,false,top_speed,NaN,E:\2026\99_seasonTiming\04_RUA\top_speed\Qualifying Race 10.pdf,2026-04-22 16:49:35
RUA,QR10,6,Cameron Waters,1,62,false,top_speed,NaN,E:\2026\99_seasonTiming\04_RUA\top_speed\Qualifying Race 10.pdf,2026-04-22 16:49:35
RUA,QR10,6,Cameron Waters,2,253,false,top_speed,NaN,E:\2026\99_seasonTiming\04_RUA\top_speed\Qualifying Race 10.pdf,2026-04-22 16:49:35
RUA,QR10,6,Cameron Waters,3,252,false,top_speed,NaN,E:\2026\99_seasonTiming\04_RUA\top_speed\Qualifying Race 10.pdf,2026-04-22 16:49:35
RUA,QR10,6,Cameron Waters,4,95,false,top_speed,NaN,E:\2026\99_seasonTiming\04_RUA\top_speed\Qualifying Race 10.pdf,2026-04-22 16:49:35
RUA,QR10,6,Cameron Waters,5,253,false,top_speed,NaN,E:\2026\99_seasonTiming\04_RUA\top_speed\Qualifying Race 10.pdf,2026-04-22 16:49:35
RUA,QR10,7,James Golding,1,66,false,top_speed,NaN,E:\2026\99_seasonTiming\04_RUA\top_speed\Qualifying Race 10.pdf,2026-04-22 16:49:35
RUA,QR10,7,James Golding,2,245,false,top_speed,NaN,E:\2026\99_seasonTiming\04_RUA\top_speed\Qualifying Race 10.pdf,2026-04-22 16:49:35
RUA,QR10,7,James Golding,3,255,false,top_speed,NaN,E:\2026\99_seasonTiming\04_RUA\top_speed\Qualifying Race 10.pdf,2026-04-22 16:49:35
RUA,QR10,7,James Golding,4,253,false,top_speed,NaN,E:\2026\99_seasonTiming\04_RUA\top_speed\Qualifying Race 10.pdf,2026-04-22 16:49:35
RUA,QR10,7,James Golding,5,97,false,top_speed,NaN,E:\2026\99_seasonTiming\04_RUA\top_speed\Qualifying Race 10.pdf,2026-04-22 16:49:35
RUA,QR10,7,James Golding,6,256,false,top_speed,NaN,E:\2026\99_seasonTiming\04_RUA\top_speed\Qualifying Race 10.pdf,2026-04-22 16:49:35
RUA,QR10,7,James Golding,7,64,false,top_speed,NaN,E:\2026\99_seasonTiming\04_RUA\top_speed\Qualifying Race 10.pdf,2026-04-22 16:49:35
RUA,QR10,7,James Golding,8,255,false,top_speed,NaN,E:\2026\99_seasonTiming\04_RUA\top_speed\Qualifying Race 10.pdf,2026-04-22 16:49:35
RUA,QR10,8,Andre Heimgartner,1,67,false,top_speed,NaN,E:\2026\99_seasonTiming\04_RUA\top_speed\Qualifying Race 10.pdf,2026-04-22 16:49:35
RUA,QR10,8,Andre Heimgartner,2,252,false,top_speed,NaN,E:\2026\99_seasonTiming\04_RUA\top_speed\Qualifying Race 10.pdf,2026-04-22 16:49:35
RUA,QR10,8,Andre Heimgartner,3,253,false,top_speed,NaN,E:\2026\99_seasonTiming\04_RUA\top_speed\Qualifying Race 10.pdf,2026-04-22 16:49:35
RUA,QR10,8,Andre Heimgartner,4,253,false,top_speed,NaN,E:\2026\99_seasonTiming\04_RUA\top_speed\Qualifying Race 10.pdf,2026-04-22 16:49:35
RUA,QR10,8,Andre Heimgartner,5,146,false,top_speed,NaN,E:\2026\99_seasonTiming\04_RUA\top_speed\Qualifying Race 10.pdf,2026-04-22 16:49:35
RUA,QR10,8,Andre Heimgartner,6,254,false,top_speed,NaN,E:\2026\99_seasonTiming\04_RUA\top_speed\Qualifying Race 10.pdf,2026-04-22 16:49:35
RUA,QR10,9,Jobe Stewart,1,67,false,top_speed,NaN,E:\2026\99_seasonTiming\04_RUA\top_speed\Qualifying Race 10.pdf,2026-04-22 16:49:35
RUA,QR10,9,Jobe Stewart,2,252,false,top_speed,NaN,E:\2026\99_seasonTiming\04_RUA\top_speed\Qualifying Race 10.pdf,2026-04-22 16:49:35
RUA,QR10,9,Jobe Stewart,3,253,false,top_speed,NaN,E:\2026\99_seasonTiming\04_RUA\top_speed\Qualifying Race 10.pdf,2026-04-22 16:49:35
RUA,QR10,9,Jobe Stewart,4,78,false,top_speed,NaN,E:\2026\99_seasonTiming\04_RUA\top_speed\Qualifying Race 10.pdf,2026-04-22 16:49:35
RUA,QR10,9,Jobe Stewart,5,253,false,top_speed,NaN,E:\2026\99_seasonTiming\04_RUA\top_speed\Qualifying Race 10.pdf,2026-04-22 16:49:35
RUA,QR10,10,Zach Bates,1,62,false,top_speed,NaN,E:\2026\99_seasonTiming\04_RUA\top_speed\Qualifying Race 10.pdf,2026-04-22 16:49:35
RUA,QR10,10,Zach Bates,2,250,false,top_speed,NaN,E:\2026\99_seasonTiming\04_RUA\top_speed\Qualifying Race 10.pdf,2026-04-22 16:49:35
RUA,QR10,10,Zach Bates,3,253,false,top_speed,NaN,E:\2026\99_seasonTiming\04_RUA\top_speed\Qualifying Race 10.pdf,2026-04-22 16:49:35
RUA,QR10,10,Zach Bates,4,253,false,top_speed,NaN,E:\2026\99_seasonTiming\04_RUA\top_speed\Qualifying Race 10.pdf,2026-04-22 16:49:35
RUA,QR10,10,Zach Bates,5,112,false,top_speed,NaN,E:\2026\99_seasonTiming\04_RUA\top_speed\Qualifying Race 10.pdf,2026-04-22 16:49:35
RUA,QR10,10,Zach Bates,6,255,false,top_speed,NaN,E:\2026\99_seasonTiming\04_RUA\top_speed\Qualifying Race 10.pdf,2026-04-22 16:49:35
RUA,QR10,10,Zach Bates,7,97,false,top_speed,NaN,E:\2026\99_seasonTiming\04_RUA\top_speed\Qualifying Race 10.pdf,2026-04-22 16:49:35
RUA,QR10,10,Zach Bates,8,254,false,top_speed,NaN,E:\2026\99_seasonTiming\04_RUA\top_speed\Qualifying Race 10.pdf,2026-04-22 16:49:35
RUA,QR10,10,Zach Bates,9,82,false,top_speed,NaN,E:\2026\99_seasonTiming\04_RUA\top_speed\Qualifying Race 10.pdf,2026-04-22 16:49:35
RUA,QR10,10,Zach Bates,10,255,false,top_speed,NaN,E:\2026\99_seasonTiming\04_RUA\top_speed\Qualifying Race 10.pdf,2026-04-22 16:49:35
RUA,QR10,11,Jackson Walls,1,61,false,top_speed,NaN,E:\2026\99_seasonTiming\04_RUA\top_speed\Qualifying Race 10.pdf,2026-04-22 16:49:35
RUA,QR10,11,Jackson Walls,2,251,false,top_speed,NaN,E:\2026\99_seasonTiming\04_RUA\top_speed\Qualifying Race 10.pdf,2026-04-22 16:49:35
RUA,QR10,11,Jackson Walls,3,253,false,top_speed,NaN,E:\2026\99_seasonTiming\04_RUA\top_speed\Qualifying Race 10.pdf,2026-04-22 16:49:35
RUA,QR10,11,Jackson Walls,4,72,false,top_speed,NaN,E:\2026\99_seasonTiming\04_RUA\top_speed\Qualifying Race 10.pdf,2026-04-22 16:49:35
RUA,QR10,11,Jackson Walls,5,253,false,top_speed,NaN,E:\2026\99_seasonTiming\04_RUA\top_speed\Qualifying Race 10.pdf,2026-04-22 16:49:35
RUA,QR10,14,Cameron Hill,1,68,false,top_speed,NaN,E:\2026\99_seasonTiming\04_RUA\top_speed\Qualifying Race 10.pdf,2026-04-22 16:49:35
RUA,QR10,14,Cameron Hill,2,252,false,top_speed,NaN,E:\2026\99_seasonTiming\04_RUA\top_speed\Qualifying Race 10.pdf,2026-04-22 16:49:35
RUA,QR10,14,Cameron Hill,3,254,false,top_speed,NaN,E:\2026\99_seasonTiming\04_RUA\top_speed\Qualifying Race 10.pdf,2026-04-22 16:49:35
RUA,QR10,14,Cameron Hill,4,79,false,top_speed,NaN,E:\2026\99_seasonTiming\04_RUA\top_speed\Qualifying Race 10.pdf,2026-04-22 16:49:35
RUA,QR10,14,Cameron Hill,5,254,false,top_speed,NaN,E:\2026\99_seasonTiming\04_RUA\top_speed\Qualifying Race 10.pdf,2026-04-22 16:49:35
RUA,QR10,17,Brodie Kostecki,1,53,false,top_speed,NaN,E:\2026\99_seasonTiming\04_RUA\top_speed\Qualifying Race 10.pdf,2026-04-22 16:49:35
RUA,QR10,17,Brodie Kostecki,2,254,false,top_speed,NaN,E:\2026\99_seasonTiming\04_RUA\top_speed\Qualifying Race 10.pdf,2026-04-22 16:49:35
RUA,QR10,17,Brodie Kostecki,3,254,false,top_speed,NaN,E:\2026\99_seasonTiming\04_RUA\top_speed\Qualifying Race 10.pdf,2026-04-22 16:49:35
RUA,QR10,17,Brodie Kostecki,4,249,false,top_speed,NaN,E:\2026\99_seasonTiming\04_RUA\top_speed\Qualifying Race 10.pdf,2026-04-22 16:49:35
RUA,QR10,17,Brodie Kostecki,5,78,false,top_speed,NaN,E:\2026\99_seasonTiming\04_RUA\top_speed\Qualifying Race 10.pdf,2026-04-22 16:49:35
RUA,QR10,17,Brodie Kostecki,6,255,false,top_speed,NaN,E:\2026\99_seasonTiming\04_RUA\top_speed\Qualifying Race 10.pdf,2026-04-22 16:49:35
RUA,QR10,17,Brodie Kostecki,7,255,false,top_speed,NaN,E:\2026\99_seasonTiming\04_RUA\top_speed\Qualifying Race 10.pdf,2026-04-22 16:49:35
RUA,QR10,17,Brodie Kostecki,8,63,false,top_speed,NaN,E:\2026\99_seasonTiming\04_RUA\top_speed\Qualifying Race 10.pdf,2026-04-22 16:49:35
RUA,QR10,17,Brodie Kostecki,9,254,false,top_speed,NaN,E:\2026\99_seasonTiming\04_RUA\top_speed\Qualifying Race 10.pdf,2026-04-22 16:49:35
RUA,QR10,18,Anton De Pasquale,1,75,false,top_speed,NaN,E:\2026\99_seasonTiming\04_RUA\top_speed\Qualifying Race 10.pdf,2026-04-22 16:49:35
RUA,QR10,18,Anton De Pasquale,2,250,false,top_speed,NaN,E:\2026\99_seasonTiming\04_RUA\top_speed\Qualifying Race 10.pdf,2026-04-22 16:49:35
RUA,QR10,18,Anton De Pasquale,3,253,false,top_speed,NaN,E:\2026\99_seasonTiming\04_RUA\top_speed\Qualifying Race 10.pdf,2026-04-22 16:49:35
RUA,QR10,18,Anton De Pasquale,4,253,false,top_speed,NaN,E:\2026\99_seasonTiming\04_RUA\top_speed\Qualifying Race 10.pdf,2026-04-22 16:49:35
RUA,QR10,18,Anton De Pasquale,5,80,false,top_speed,NaN,E:\2026\99_seasonTiming\04_RUA\top_speed\Qualifying Race 10.pdf,2026-04-22 16:49:35
RUA,QR10,18,Anton De Pasquale,6,255,false,top_speed,NaN,E:\2026\99_seasonTiming\04_RUA\top_speed\Qualifying Race 10.pdf,2026-04-22 16:49:35
RUA,QR10,18,Anton De Pasquale,7,100,false,top_speed,NaN,E:\2026\99_seasonTiming\04_RUA\top_speed\Qualifying Race 10.pdf,2026-04-22 16:49:35
RUA,QR10,18,Anton De Pasquale,8,253,false,top_speed,NaN,E:\2026\99_seasonTiming\04_RUA\top_speed\Qualifying Race 10.pdf,2026-04-22 16:49:35
RUA,QR10,19,Matthew Payne,1,58,false,top_speed,NaN,E:\2026\99_seasonTiming\04_RUA\top_speed\Qualifying Race 10.pdf,2026-04-22 16:49:35
RUA,QR10,19,Matthew Payne,2,252,false,top_speed,NaN,E:\2026\99_seasonTiming\04_RUA\top_speed\Qualifying Race 10.pdf,2026-04-22 16:49:35
RUA,QR10,19,Matthew Payne,3,252,false,top_speed,NaN,E:\2026\99_seasonTiming\04_RUA\top_speed\Qualifying Race 10.pdf,2026-04-22 16:49:35
RUA,QR10,19,Matthew Payne,4,216,false,top_speed,NaN,E:\2026\99_seasonTiming\04_RUA\top_speed\Qualifying Race 10.pdf,2026-04-22 16:49:35
RUA,QR10,19,Matthew Payne,5,79,false,top_speed,NaN,E:\2026\99_seasonTiming\04_RUA\top_speed\Qualifying Race 10.pdf,2026-04-22 16:49:35
RUA,QR10,19,Matthew Payne,6,253,false,top_speed,NaN,E:\2026\99_seasonTiming\04_RUA\top_speed\Qualifying Race 10.pdf,2026-04-22 16:49:35
RUA,QR10,19,Matthew Payne,7,67,false,top_speed,NaN,E:\2026\99_seasonTiming\04_RUA\top_speed\Qualifying Race 10.pdf,2026-04-22 16:49:35
RUA,QR10,19,Matthew Payne,8,73,false,top_speed,NaN,E:\2026\99_seasonTiming\04_RUA\top_speed\Qualifying Race 10.pdf,2026-04-22 16:49:35
RUA,QR10,19,Matthew Payne,9,254,false,top_speed,NaN,E:\2026\99_seasonTiming\04_RUA\top_speed\Qualifying Race 10.pdf,2026-04-22 16:49:35
RUA,QR10,26,Kai Allen,1,59,false,top_speed,NaN,E:\2026\99_seasonTiming\04_RUA\top_speed\Qualifying Race 10.pdf,2026-04-22 16:49:35
RUA,QR10,26,Kai Allen,2,253,false,top_speed,NaN,E:\2026\99_seasonTiming\04_RUA\top_speed\Qualifying Race 10.pdf,2026-04-22 16:49:35
RUA,QR10,26,Kai Allen,3,253,false,top_speed,NaN,E:\2026\99_seasonTiming\04_RUA\top_speed\Qualifying Race 10.pdf,2026-04-22 16:49:35
RUA,QR10,26,Kai Allen,4,252,false,top_speed,NaN,E:\2026\99_seasonTiming\04_RUA\top_speed\Qualifying Race 10.pdf,2026-04-22 16:49:35
RUA,QR10,26,Kai Allen,5,72,false,top_speed,NaN,E:\2026\99_seasonTiming\04_RUA\top_speed\Qualifying Race 10.pdf,2026-04-22 16:49:35
RUA,QR10,26,Kai Allen,6,255,false,top_speed,NaN,E:\2026\99_seasonTiming\04_RUA\top_speed\Qualifying Race 10.pdf,2026-04-22 16:49:35
RUA,QR10,26,Kai Allen,7,255,false,top_speed,NaN,E:\2026\99_seasonTiming\04_RUA\top_speed\Qualifying Race 10.pdf,2026-04-22 16:49:35
RUA,QR10,26,Kai Allen,8,120,false,top_speed,NaN,E:\2026\99_seasonTiming\04_RUA\top_speed\Qualifying Race 10.pdf,2026-04-22 16:49:35
RUA,QR10,26,Kai Allen,9,253,false,top_speed,NaN,E:\2026\99_seasonTiming\04_RUA\top_speed\Qualifying Race 10.pdf,2026-04-22 16:49:35
RUA,QR10,26,Kai Allen,10,254,false,top_speed,NaN,E:\2026\99_seasonTiming\04_RUA\top_speed\Qualifying Race 10.pdf,2026-04-22 16:49:35
RUA,QR10,31,Jayden Ojeda,1,95,false,top_speed,NaN,E:\2026\99_seasonTiming\04_RUA\top_speed\Qualifying Race 10.pdf,2026-04-22 16:49:35
RUA,QR10,31,Jayden Ojeda,2,249,false,top_speed,NaN,E:\2026\99_seasonTiming\04_RUA\top_speed\Qualifying Race 10.pdf,2026-04-22 16:49:35
RUA,QR10,31,Jayden Ojeda,3,255,false,top_speed,NaN,E:\2026\99_seasonTiming\04_RUA\top_speed\Qualifying Race 10.pdf,2026-04-22 16:49:35
RUA,QR10,31,Jayden Ojeda,4,249,false,top_speed,NaN,E:\2026\99_seasonTiming\04_RUA\top_speed\Qualifying Race 10.pdf,2026-04-22 16:49:35
RUA,QR10,31,Jayden Ojeda,5,116,false,top_speed,NaN,E:\2026\99_seasonTiming\04_RUA\top_speed\Qualifying Race 10.pdf,2026-04-22 16:49:35
RUA,QR10,38,Rylan Gray,1,62,false,top_speed,NaN,E:\2026\99_seasonTiming\04_RUA\top_speed\Qualifying Race 10.pdf,2026-04-22 16:49:35
RUA,QR10,38,Rylan Gray,2,252,false,top_speed,NaN,E:\2026\99_seasonTiming\04_RUA\top_speed\Qualifying Race 10.pdf,2026-04-22 16:49:35
RUA,QR10,38,Rylan Gray,3,251,false,top_speed,NaN,E:\2026\99_seasonTiming\04_RUA\top_speed\Qualifying Race 10.pdf,2026-04-22 16:49:35
RUA,QR10,38,Rylan Gray,4,71,false,top_speed,NaN,E:\2026\99_seasonTiming\04_RUA\top_speed\Qualifying Race 10.pdf,2026-04-22 16:49:35
RUA,QR10,38,Rylan Gray,5,254,false,top_speed,NaN,E:\2026\99_seasonTiming\04_RUA\top_speed\Qualifying Race 10.pdf,2026-04-22 16:49:35
RUA,QR10,55,Thomas Randle,1,56,false,top_speed,NaN,E:\2026\99_seasonTiming\04_RUA\top_speed\Qualifying Race 10.pdf,2026-04-22 16:49:35
RUA,QR10,55,Thomas Randle,2,253,false,top_speed,NaN,E:\2026\99_seasonTiming\04_RUA\top_speed\Qualifying Race 10.pdf,2026-04-22 16:49:35
RUA,QR10,55,Thomas Randle,3,252,false,top_speed,NaN,E:\2026\99_seasonTiming\04_RUA\top_speed\Qualifying Race 10.pdf,2026-04-22 16:49:35
RUA,QR10,55,Thomas Randle,4,252,false,top_speed,NaN,E:\2026\99_seasonTiming\04_RUA\top_speed\Qualifying Race 10.pdf,2026-04-22 16:49:35
RUA,QR10,55,Thomas Randle,5,113,false,top_speed,NaN,E:\2026\99_seasonTiming\04_RUA\top_speed\Qualifying Race 10.pdf,2026-04-22 16:49:35
RUA,QR10,55,Thomas Randle,6,255,false,top_speed,NaN,E:\2026\99_seasonTiming\04_RUA\top_speed\Qualifying Race 10.pdf,2026-04-22 16:49:35
RUA,QR10,88,Broc Feeney,1,68,false,top_speed,NaN,E:\2026\99_seasonTiming\04_RUA\top_speed\Qualifying Race 10.pdf,2026-04-22 16:49:35
RUA,QR10,88,Broc Feeney,2,251,false,top_speed,NaN,E:\2026\99_seasonTiming\04_RUA\top_speed\Qualifying Race 10.pdf,2026-04-22 16:49:35
RUA,QR10,88,Broc Feeney,3,251,false,top_speed,NaN,E:\2026\99_seasonTiming\04_RUA\top_speed\Qualifying Race 10.pdf,2026-04-22 16:49:35
RUA,QR10,88,Broc Feeney,4,84,false,top_speed,NaN,E:\2026\99_seasonTiming\04_RUA\top_speed\Qualifying Race 10.pdf,2026-04-22 16:49:35
RUA,QR10,88,Broc Feeney,5,251,false,top_speed,NaN,E:\2026\99_seasonTiming\04_RUA\top_speed\Qualifying Race 10.pdf,2026-04-22 16:49:35
RUA,QR10,88,Broc Feeney,6,251,false,top_speed,NaN,E:\2026\99_seasonTiming\04_RUA\top_speed\Qualifying Race 10.pdf,2026-04-22 16:49:35
RUA,QR10,88,Broc Feeney,7,146,false,top_speed,NaN,E:\2026\99_seasonTiming\04_RUA\top_speed\Qualifying Race 10.pdf,2026-04-22 16:49:35
RUA,QR10,88,Broc Feeney,8,250,false,top_speed,NaN,E:\2026\99_seasonTiming\04_RUA\top_speed\Qualifying Race 10.pdf,2026-04-22 16:49:35
RUA,QR10,88,Broc Feeney,9,246,false,top_speed,NaN,E:\2026\99_seasonTiming\04_RUA\top_speed\Qualifying Race 10.pdf,2026-04-22 16:49:35
RUA,QR10,88,Broc Feeney,10,126,false,top_speed,NaN,E:\2026\99_seasonTiming\04_RUA\top_speed\Qualifying Race 10.pdf,2026-04-22 16:49:35
RUA,QR10,96,Macauley Jones,1,65,false,top_speed,NaN,E:\2026\99_seasonTiming\04_RUA\top_speed\Qualifying Race 10.pdf,2026-04-22 16:49:35
RUA,QR10,96,Macauley Jones,2,252,false,top_speed,NaN,E:\2026\99_seasonTiming\04_RUA\top_speed\Qualifying Race 10.pdf,2026-04-22 16:49:35
RUA,QR10,96,Macauley Jones,3,252,false,top_speed,NaN,E:\2026\99_seasonTiming\04_RUA\top_speed\Qualifying Race 10.pdf,2026-04-22 16:49:35
RUA,QR10,96,Macauley Jones,4,73,false,top_speed,NaN,E:\2026\99_seasonTiming\04_RUA\top_speed\Qualifying Race 10.pdf,2026-04-22 16:49:35
RUA,QR10,96,Macauley Jones,5,253,false,top_speed,NaN,E:\2026\99_seasonTiming\04_RUA\top_speed\Qualifying Race 10.pdf,2026-04-22 16:49:35
RUA,QR10,99,Cooper Murray,1,63,false,top_speed,NaN,E:\2026\99_seasonTiming\04_RUA\top_speed\Qualifying Race 10.pdf,2026-04-22 16:49:35
RUA,QR10,99,Cooper Murray,2,253,false,top_speed,NaN,E:\2026\99_seasonTiming\04_RUA\top_speed\Qualifying Race 10.pdf,2026-04-22 16:49:35
RUA,QR10,99,Cooper Murray,3,253,false,top_speed,NaN,E:\2026\99_seasonTiming\04_RUA\top_speed\Qualifying Race 10.pdf,2026-04-22 16:49:35
RUA,QR10,99,Cooper Murray,4,252,false,top_speed,NaN,E:\2026\99_seasonTiming\04_RUA\top_speed\Qualifying Race 10.pdf,2026-04-22 16:49:35
RUA,QR10,99,Cooper Murray,5,130,false,top_speed,NaN,E:\2026\99_seasonTiming\04_RUA\top_speed\Qualifying Race 10.pdf,2026-04-22 16:49:35
RUA,QR10,99,Cooper Murray,6,255,false,top_speed,NaN,E:\2026\99_seasonTiming\04_RUA\top_speed\Qualifying Race 10.pdf,2026-04-22 16:49:35
RUA,QR10,777,Declan Fraser,1,104,false,top_speed,NaN,E:\2026\99_seasonTiming\04_RUA\top_speed\Qualifying Race 10.pdf,2026-04-22 16:49:35
RUA,QR10,777,Declan Fraser,2,250,false,top_speed,NaN,E:\2026\99_seasonTiming\04_RUA\top_speed\Qualifying Race 10.pdf,2026-04-22 16:49:35
RUA,QR10,777,Declan Fraser,3,253,false,top_speed,NaN,E:\2026\99_seasonTiming\04_RUA\top_speed\Qualifying Race 10.pdf,2026-04-22 16:49:35
RUA,QR10,777,Declan Fraser,4,73,false,top_speed,NaN,E:\2026\99_seasonTiming\04_RUA\top_speed\Qualifying Race 10.pdf,2026-04-22 16:49:35
RUA,QR10,777,Declan Fraser,5,255,false,top_speed,NaN,E:\2026\99_seasonTiming\04_RUA\top_speed\Qualifying Race 10.pdf,2026-04-22 16:49:35
RUA,QR10,888,William Brown,1,67,false,top_speed,NaN,E:\2026\99_seasonTiming\04_RUA\top_speed\Qualifying Race 10.pdf,2026-04-22 16:49:35
RUA,QR10,888,William Brown,2,251,false,top_speed,NaN,E:\2026\99_seasonTiming\04_RUA\top_speed\Qualifying Race 10.pdf,2026-04-22 16:49:35
RUA,QR10,888,William Brown,3,251,false,top_speed,NaN,E:\2026\99_seasonTiming\04_RUA\top_speed\Qualifying Race 10.pdf,2026-04-22 16:49:35
RUA,QR10,888,William Brown,4,81,false,top_speed,NaN,E:\2026\99_seasonTiming\04_RUA\top_speed\Qualifying Race 10.pdf,2026-04-22 16:49:35
RUA,QR10,888,William Brown,5,252,false,top_speed,NaN,E:\2026\99_seasonTiming\04_RUA\top_speed\Qualifying Race 10.pdf,2026-04-22 16:49:35
RUA,QR10,888,William Brown,6,252,false,top_speed,NaN,E:\2026\99_seasonTiming\04_RUA\top_speed\Qualifying Race 10.pdf,2026-04-22 16:49:35
RUA,QR10,888,William Brown,7,115,false,top_speed,NaN,E:\2026\99_seasonTiming\04_RUA\top_speed\Qualifying Race 10.pdf,2026-04-22 16:49:35
RUA,QR10,888,William Brown,8,251,false,top_speed,NaN,E:\2026\99_seasonTiming\04_RUA\top_speed\Qualifying Race 10.pdf,2026-04-22 16:49:35
RUA,QR10,888,William Brown,9,228,false,top_speed,NaN,E:\2026\99_seasonTiming\04_RUA\top_speed\Qualifying Race 10.pdf,2026-04-22 16:49:35
RUA,QR10,888,William Brown,10,109,false,top_speed,NaN,E:\2026\99_seasonTiming\04_RUA\top_speed\Qualifying Race 10.pdf,2026-04-22 16:49:35
RUA,QR11,1,Chaz Mostert,1,57,false,top_speed,NaN,E:\2026\99_seasonTiming\04_RUA\top_speed\Qualifying Race 11.pdf,2026-04-22 16:49:36
RUA,QR11,1,Chaz Mostert,2,253,false,top_speed,NaN,E:\2026\99_seasonTiming\04_RUA\top_speed\Qualifying Race 11.pdf,2026-04-22 16:49:36
RUA,QR11,1,Chaz Mostert,3,253,false,top_speed,NaN,E:\2026\99_seasonTiming\04_RUA\top_speed\Qualifying Race 11.pdf,2026-04-22 16:49:36
RUA,QR11,1,Chaz Mostert,4,72,false,top_speed,NaN,E:\2026\99_seasonTiming\04_RUA\top_speed\Qualifying Race 11.pdf,2026-04-22 16:49:36
RUA,QR11,1,Chaz Mostert,5,255,false,top_speed,NaN,E:\2026\99_seasonTiming\04_RUA\top_speed\Qualifying Race 11.pdf,2026-04-22 16:49:36
RUA,QR11,2,Ryan Wood,1,57,false,top_speed,NaN,E:\2026\99_seasonTiming\04_RUA\top_speed\Qualifying Race 11.pdf,2026-04-22 16:49:36
RUA,QR11,2,Ryan Wood,2,252,false,top_speed,NaN,E:\2026\99_seasonTiming\04_RUA\top_speed\Qualifying Race 11.pdf,2026-04-22 16:49:36
RUA,QR11,2,Ryan Wood,3,253,false,top_speed,NaN,E:\2026\99_seasonTiming\04_RUA\top_speed\Qualifying Race 11.pdf,2026-04-22 16:49:36
RUA,QR11,2,Ryan Wood,4,74,false,top_speed,NaN,E:\2026\99_seasonTiming\04_RUA\top_speed\Qualifying Race 11.pdf,2026-04-22 16:49:36
RUA,QR11,2,Ryan Wood,5,255,false,top_speed,NaN,E:\2026\99_seasonTiming\04_RUA\top_speed\Qualifying Race 11.pdf,2026-04-22 16:49:36
RUA,QR11,2,Ryan Wood,6,254,false,top_speed,NaN,E:\2026\99_seasonTiming\04_RUA\top_speed\Qualifying Race 11.pdf,2026-04-22 16:49:36
RUA,QR11,2,Ryan Wood,7,55,false,top_speed,NaN,E:\2026\99_seasonTiming\04_RUA\top_speed\Qualifying Race 11.pdf,2026-04-22 16:49:36
RUA,QR11,2,Ryan Wood,8,254,false,top_speed,NaN,E:\2026\99_seasonTiming\04_RUA\top_speed\Qualifying Race 11.pdf,2026-04-22 16:49:36
RUA,QR11,2,Ryan Wood,9,253,false,top_speed,NaN,E:\2026\99_seasonTiming\04_RUA\top_speed\Qualifying Race 11.pdf,2026-04-22 16:49:36
RUA,QR11,3,Aaron Cameron,1,92,false,top_speed,NaN,E:\2026\99_seasonTiming\04_RUA\top_speed\Qualifying Race 11.pdf,2026-04-22 16:49:36
RUA,QR11,3,Aaron Cameron,2,252,false,top_speed,NaN,E:\2026\99_seasonTiming\04_RUA\top_speed\Qualifying Race 11.pdf,2026-04-22 16:49:36
RUA,QR11,3,Aaron Cameron,3,253,false,top_speed,NaN,E:\2026\99_seasonTiming\04_RUA\top_speed\Qualifying Race 11.pdf,2026-04-22 16:49:36
RUA,QR11,3,Aaron Cameron,4,254,false,top_speed,NaN,E:\2026\99_seasonTiming\04_RUA\top_speed\Qualifying Race 11.pdf,2026-04-22 16:49:36
RUA,QR11,3,Aaron Cameron,5,124,false,top_speed,NaN,E:\2026\99_seasonTiming\04_RUA\top_speed\Qualifying Race 11.pdf,2026-04-22 16:49:36
RUA,QR11,3,Aaron Cameron,6,256,false,top_speed,NaN,E:\2026\99_seasonTiming\04_RUA\top_speed\Qualifying Race 11.pdf,2026-04-22 16:49:36
RUA,QR11,3,Aaron Cameron,7,64,false,top_speed,NaN,E:\2026\99_seasonTiming\04_RUA\top_speed\Qualifying Race 11.pdf,2026-04-22 16:49:36
RUA,QR11,3,Aaron Cameron,8,254,false,top_speed,NaN,E:\2026\99_seasonTiming\04_RUA\top_speed\Qualifying Race 11.pdf,2026-04-22 16:49:36
RUA,QR11,4,Jack Le Brocq,1,94,false,top_speed,NaN,E:\2026\99_seasonTiming\04_RUA\top_speed\Qualifying Race 11.pdf,2026-04-22 16:49:36
RUA,QR11,4,Jack Le Brocq,2,251,false,top_speed,NaN,E:\2026\99_seasonTiming\04_RUA\top_speed\Qualifying Race 11.pdf,2026-04-22 16:49:36
RUA,QR11,4,Jack Le Brocq,3,253,false,top_speed,NaN,E:\2026\99_seasonTiming\04_RUA\top_speed\Qualifying Race 11.pdf,2026-04-22 16:49:36
RUA,QR11,4,Jack Le Brocq,4,252,false,top_speed,NaN,E:\2026\99_seasonTiming\04_RUA\top_speed\Qualifying Race 11.pdf,2026-04-22 16:49:36
RUA,QR11,4,Jack Le Brocq,5,112,false,top_speed,NaN,E:\2026\99_seasonTiming\04_RUA\top_speed\Qualifying Race 11.pdf,2026-04-22 16:49:36
RUA,QR11,4,Jack Le Brocq,6,255,false,top_speed,NaN,E:\2026\99_seasonTiming\04_RUA\top_speed\Qualifying Race 11.pdf,2026-04-22 16:49:36
RUA,QR11,4,Jack Le Brocq,7,254,false,top_speed,NaN,E:\2026\99_seasonTiming\04_RUA\top_speed\Qualifying Race 11.pdf,2026-04-22 16:49:36
RUA,QR11,6,Cameron Waters,1,62,false,top_speed,NaN,E:\2026\99_seasonTiming\04_RUA\top_speed\Qualifying Race 11.pdf,2026-04-22 16:49:36
RUA,QR11,6,Cameron Waters,2,252,false,top_speed,NaN,E:\2026\99_seasonTiming\04_RUA\top_speed\Qualifying Race 11.pdf,2026-04-22 16:49:36
RUA,QR11,6,Cameron Waters,3,251,false,top_speed,NaN,E:\2026\99_seasonTiming\04_RUA\top_speed\Qualifying Race 11.pdf,2026-04-22 16:49:36
RUA,QR11,6,Cameron Waters,4,81,false,top_speed,NaN,E:\2026\99_seasonTiming\04_RUA\top_speed\Qualifying Race 11.pdf,2026-04-22 16:49:36
RUA,QR11,6,Cameron Waters,5,254,false,top_speed,NaN,E:\2026\99_seasonTiming\04_RUA\top_speed\Qualifying Race 11.pdf,2026-04-22 16:49:36
RUA,QR11,7,James Golding,1,69,false,top_speed,NaN,E:\2026\99_seasonTiming\04_RUA\top_speed\Qualifying Race 11.pdf,2026-04-22 16:49:36
RUA,QR11,7,James Golding,2,249,false,top_speed,NaN,E:\2026\99_seasonTiming\04_RUA\top_speed\Qualifying Race 11.pdf,2026-04-22 16:49:36
RUA,QR11,7,James Golding,3,253,false,top_speed,NaN,E:\2026\99_seasonTiming\04_RUA\top_speed\Qualifying Race 11.pdf,2026-04-22 16:49:36
RUA,QR11,7,James Golding,4,214,false,top_speed,NaN,E:\2026\99_seasonTiming\04_RUA\top_speed\Qualifying Race 11.pdf,2026-04-22 16:49:36
RUA,QR11,7,James Golding,5,157,false,top_speed,NaN,E:\2026\99_seasonTiming\04_RUA\top_speed\Qualifying Race 11.pdf,2026-04-22 16:49:36
RUA,QR11,7,James Golding,6,255,false,top_speed,NaN,E:\2026\99_seasonTiming\04_RUA\top_speed\Qualifying Race 11.pdf,2026-04-22 16:49:36
RUA,QR11,7,James Golding,7,203,false,top_speed,NaN,E:\2026\99_seasonTiming\04_RUA\top_speed\Qualifying Race 11.pdf,2026-04-22 16:49:36
RUA,QR11,7,James Golding,8,86,false,top_speed,NaN,E:\2026\99_seasonTiming\04_RUA\top_speed\Qualifying Race 11.pdf,2026-04-22 16:49:36
RUA,QR11,7,James Golding,9,255,false,top_speed,NaN,E:\2026\99_seasonTiming\04_RUA\top_speed\Qualifying Race 11.pdf,2026-04-22 16:49:36
RUA,QR11,8,Andre Heimgartner,1,102,false,top_speed,NaN,E:\2026\99_seasonTiming\04_RUA\top_speed\Qualifying Race 11.pdf,2026-04-22 16:49:36
RUA,QR11,8,Andre Heimgartner,2,253,false,top_speed,NaN,E:\2026\99_seasonTiming\04_RUA\top_speed\Qualifying Race 11.pdf,2026-04-22 16:49:36
RUA,QR11,8,Andre Heimgartner,3,254,false,top_speed,NaN,E:\2026\99_seasonTiming\04_RUA\top_speed\Qualifying Race 11.pdf,2026-04-22 16:49:36
RUA,QR11,8,Andre Heimgartner,4,110,false,top_speed,NaN,E:\2026\99_seasonTiming\04_RUA\top_speed\Qualifying Race 11.pdf,2026-04-22 16:49:36
RUA,QR11,8,Andre Heimgartner,5,255,false,top_speed,NaN,E:\2026\99_seasonTiming\04_RUA\top_speed\Qualifying Race 11.pdf,2026-04-22 16:49:36
RUA,QR11,8,Andre Heimgartner,6,255,false,top_speed,NaN,E:\2026\99_seasonTiming\04_RUA\top_speed\Qualifying Race 11.pdf,2026-04-22 16:49:36
RUA,QR11,8,Andre Heimgartner,7,110,false,top_speed,NaN,E:\2026\99_seasonTiming\04_RUA\top_speed\Qualifying Race 11.pdf,2026-04-22 16:49:36
RUA,QR11,8,Andre Heimgartner,8,252,false,top_speed,NaN,E:\2026\99_seasonTiming\04_RUA\top_speed\Qualifying Race 11.pdf,2026-04-22 16:49:36
RUA,QR11,8,Andre Heimgartner,9,190,false,top_speed,NaN,E:\2026\99_seasonTiming\04_RUA\top_speed\Qualifying Race 11.pdf,2026-04-22 16:49:36
RUA,QR11,9,Jobe Stewart,1,82,false,top_speed,NaN,E:\2026\99_seasonTiming\04_RUA\top_speed\Qualifying Race 11.pdf,2026-04-22 16:49:36
RUA,QR11,9,Jobe Stewart,2,254,false,top_speed,NaN,E:\2026\99_seasonTiming\04_RUA\top_speed\Qualifying Race 11.pdf,2026-04-22 16:49:36
RUA,QR11,9,Jobe Stewart,3,252,false,top_speed,NaN,E:\2026\99_seasonTiming\04_RUA\top_speed\Qualifying Race 11.pdf,2026-04-22 16:49:36
RUA,QR11,9,Jobe Stewart,4,94,false,top_speed,NaN,E:\2026\99_seasonTiming\04_RUA\top_speed\Qualifying Race 11.pdf,2026-04-22 16:49:36
RUA,QR11,9,Jobe Stewart,5,254,false,top_speed,NaN,E:\2026\99_seasonTiming\04_RUA\top_speed\Qualifying Race 11.pdf,2026-04-22 16:49:36
RUA,QR11,10,Zach Bates,1,68,false,top_speed,NaN,E:\2026\99_seasonTiming\04_RUA\top_speed\Qualifying Race 11.pdf,2026-04-22 16:49:36
RUA,QR11,10,Zach Bates,2,249,false,top_speed,NaN,E:\2026\99_seasonTiming\04_RUA\top_speed\Qualifying Race 11.pdf,2026-04-22 16:49:36
RUA,QR11,10,Zach Bates,3,253,false,top_speed,NaN,E:\2026\99_seasonTiming\04_RUA\top_speed\Qualifying Race 11.pdf,2026-04-22 16:49:36
RUA,QR11,10,Zach Bates,4,69,false,top_speed,NaN,E:\2026\99_seasonTiming\04_RUA\top_speed\Qualifying Race 11.pdf,2026-04-22 16:49:36
RUA,QR11,10,Zach Bates,5,254,false,top_speed,NaN,E:\2026\99_seasonTiming\04_RUA\top_speed\Qualifying Race 11.pdf,2026-04-22 16:49:36
RUA,QR11,11,Jackson Walls,1,108,false,top_speed,NaN,E:\2026\99_seasonTiming\04_RUA\top_speed\Qualifying Race 11.pdf,2026-04-22 16:49:36
RUA,QR11,11,Jackson Walls,2,251,false,top_speed,NaN,E:\2026\99_seasonTiming\04_RUA\top_speed\Qualifying Race 11.pdf,2026-04-22 16:49:36
RUA,QR11,11,Jackson Walls,3,252,false,top_speed,NaN,E:\2026\99_seasonTiming\04_RUA\top_speed\Qualifying Race 11.pdf,2026-04-22 16:49:36
RUA,QR11,11,Jackson Walls,4,251,false,top_speed,NaN,E:\2026\99_seasonTiming\04_RUA\top_speed\Qualifying Race 11.pdf,2026-04-22 16:49:36
RUA,QR11,11,Jackson Walls,5,122,false,top_speed,NaN,E:\2026\99_seasonTiming\04_RUA\top_speed\Qualifying Race 11.pdf,2026-04-22 16:49:36
RUA,QR11,11,Jackson Walls,6,254,false,top_speed,NaN,E:\2026\99_seasonTiming\04_RUA\top_speed\Qualifying Race 11.pdf,2026-04-22 16:49:36
RUA,QR11,14,Cameron Hill,1,70,false,top_speed,NaN,E:\2026\99_seasonTiming\04_RUA\top_speed\Qualifying Race 11.pdf,2026-04-22 16:49:36
RUA,QR11,14,Cameron Hill,2,253,false,top_speed,NaN,E:\2026\99_seasonTiming\04_RUA\top_speed\Qualifying Race 11.pdf,2026-04-22 16:49:36
RUA,QR11,14,Cameron Hill,3,254,false,top_speed,NaN,E:\2026\99_seasonTiming\04_RUA\top_speed\Qualifying Race 11.pdf,2026-04-22 16:49:36
RUA,QR11,14,Cameron Hill,4,75,false,top_speed,NaN,E:\2026\99_seasonTiming\04_RUA\top_speed\Qualifying Race 11.pdf,2026-04-22 16:49:36
RUA,QR11,14,Cameron Hill,5,254,false,top_speed,NaN,E:\2026\99_seasonTiming\04_RUA\top_speed\Qualifying Race 11.pdf,2026-04-22 16:49:36
RUA,QR11,17,Brodie Kostecki,1,85,false,top_speed,NaN,E:\2026\99_seasonTiming\04_RUA\top_speed\Qualifying Race 11.pdf,2026-04-22 16:49:36
RUA,QR11,17,Brodie Kostecki,2,253,false,top_speed,NaN,E:\2026\99_seasonTiming\04_RUA\top_speed\Qualifying Race 11.pdf,2026-04-22 16:49:36
RUA,QR11,17,Brodie Kostecki,3,253,false,top_speed,NaN,E:\2026\99_seasonTiming\04_RUA\top_speed\Qualifying Race 11.pdf,2026-04-22 16:49:36
RUA,QR11,17,Brodie Kostecki,4,67,false,top_speed,NaN,E:\2026\99_seasonTiming\04_RUA\top_speed\Qualifying Race 11.pdf,2026-04-22 16:49:36
RUA,QR11,17,Brodie Kostecki,5,256,false,top_speed,NaN,E:\2026\99_seasonTiming\04_RUA\top_speed\Qualifying Race 11.pdf,2026-04-22 16:49:36
RUA,QR11,17,Brodie Kostecki,6,255,false,top_speed,NaN,E:\2026\99_seasonTiming\04_RUA\top_speed\Qualifying Race 11.pdf,2026-04-22 16:49:36
RUA,QR11,17,Brodie Kostecki,7,82,false,top_speed,NaN,E:\2026\99_seasonTiming\04_RUA\top_speed\Qualifying Race 11.pdf,2026-04-22 16:49:36
RUA,QR11,17,Brodie Kostecki,8,255,false,top_speed,NaN,E:\2026\99_seasonTiming\04_RUA\top_speed\Qualifying Race 11.pdf,2026-04-22 16:49:36
RUA,QR11,18,Anton De Pasquale,1,83,false,top_speed,NaN,E:\2026\99_seasonTiming\04_RUA\top_speed\Qualifying Race 11.pdf,2026-04-22 16:49:36
RUA,QR11,18,Anton De Pasquale,2,253,false,top_speed,NaN,E:\2026\99_seasonTiming\04_RUA\top_speed\Qualifying Race 11.pdf,2026-04-22 16:49:36
RUA,QR11,18,Anton De Pasquale,3,254,false,top_speed,NaN,E:\2026\99_seasonTiming\04_RUA\top_speed\Qualifying Race 11.pdf,2026-04-22 16:49:36
RUA,QR11,18,Anton De Pasquale,4,77,false,top_speed,NaN,E:\2026\99_seasonTiming\04_RUA\top_speed\Qualifying Race 11.pdf,2026-04-22 16:49:36
RUA,QR11,18,Anton De Pasquale,5,254,false,top_speed,NaN,E:\2026\99_seasonTiming\04_RUA\top_speed\Qualifying Race 11.pdf,2026-04-22 16:49:36
RUA,QR11,18,Anton De Pasquale,6,255,false,top_speed,NaN,E:\2026\99_seasonTiming\04_RUA\top_speed\Qualifying Race 11.pdf,2026-04-22 16:49:36
RUA,QR11,19,Matthew Payne,1,61,false,top_speed,NaN,E:\2026\99_seasonTiming\04_RUA\top_speed\Qualifying Race 11.pdf,2026-04-22 16:49:36
RUA,QR11,19,Matthew Payne,2,253,false,top_speed,NaN,E:\2026\99_seasonTiming\04_RUA\top_speed\Qualifying Race 11.pdf,2026-04-22 16:49:36
RUA,QR11,19,Matthew Payne,3,253,false,top_speed,NaN,E:\2026\99_seasonTiming\04_RUA\top_speed\Qualifying Race 11.pdf,2026-04-22 16:49:36
RUA,QR11,19,Matthew Payne,4,69,false,top_speed,NaN,E:\2026\99_seasonTiming\04_RUA\top_speed\Qualifying Race 11.pdf,2026-04-22 16:49:36
RUA,QR11,19,Matthew Payne,5,253,false,top_speed,NaN,E:\2026\99_seasonTiming\04_RUA\top_speed\Qualifying Race 11.pdf,2026-04-22 16:49:36
RUA,QR11,19,Matthew Payne,6,253,false,top_speed,NaN,E:\2026\99_seasonTiming\04_RUA\top_speed\Qualifying Race 11.pdf,2026-04-22 16:49:36
RUA,QR11,19,Matthew Payne,7,130,false,top_speed,NaN,E:\2026\99_seasonTiming\04_RUA\top_speed\Qualifying Race 11.pdf,2026-04-22 16:49:36
RUA,QR11,19,Matthew Payne,8,253,false,top_speed,NaN,E:\2026\99_seasonTiming\04_RUA\top_speed\Qualifying Race 11.pdf,2026-04-22 16:49:36
RUA,QR11,19,Matthew Payne,9,227,false,top_speed,NaN,E:\2026\99_seasonTiming\04_RUA\top_speed\Qualifying Race 11.pdf,2026-04-22 16:49:36
RUA,QR11,19,Matthew Payne,10,70,false,top_speed,NaN,E:\2026\99_seasonTiming\04_RUA\top_speed\Qualifying Race 11.pdf,2026-04-22 16:49:36
RUA,QR11,20,David Reynolds,1,81,false,top_speed,NaN,E:\2026\99_seasonTiming\04_RUA\top_speed\Qualifying Race 11.pdf,2026-04-22 16:49:36
RUA,QR11,20,David Reynolds,2,252,false,top_speed,NaN,E:\2026\99_seasonTiming\04_RUA\top_speed\Qualifying Race 11.pdf,2026-04-22 16:49:36
RUA,QR11,20,David Reynolds,3,252,false,top_speed,NaN,E:\2026\99_seasonTiming\04_RUA\top_speed\Qualifying Race 11.pdf,2026-04-22 16:49:36
RUA,QR11,20,David Reynolds,4,74,false,top_speed,NaN,E:\2026\99_seasonTiming\04_RUA\top_speed\Qualifying Race 11.pdf,2026-04-22 16:49:36
RUA,QR11,20,David Reynolds,5,255,false,top_speed,NaN,E:\2026\99_seasonTiming\04_RUA\top_speed\Qualifying Race 11.pdf,2026-04-22 16:49:36
RUA,QR11,26,Kai Allen,1,63,false,top_speed,NaN,E:\2026\99_seasonTiming\04_RUA\top_speed\Qualifying Race 11.pdf,2026-04-22 16:49:36
RUA,QR11,26,Kai Allen,2,253,false,top_speed,NaN,E:\2026\99_seasonTiming\04_RUA\top_speed\Qualifying Race 11.pdf,2026-04-22 16:49:36
RUA,QR11,26,Kai Allen,3,253,false,top_speed,NaN,E:\2026\99_seasonTiming\04_RUA\top_speed\Qualifying Race 11.pdf,2026-04-22 16:49:36
RUA,QR11,26,Kai Allen,4,71,false,top_speed,NaN,E:\2026\99_seasonTiming\04_RUA\top_speed\Qualifying Race 11.pdf,2026-04-22 16:49:36
RUA,QR11,26,Kai Allen,5,254,false,top_speed,NaN,E:\2026\99_seasonTiming\04_RUA\top_speed\Qualifying Race 11.pdf,2026-04-22 16:49:36
RUA,QR11,26,Kai Allen,6,254,false,top_speed,NaN,E:\2026\99_seasonTiming\04_RUA\top_speed\Qualifying Race 11.pdf,2026-04-22 16:49:36
RUA,QR11,26,Kai Allen,7,142,false,top_speed,NaN,E:\2026\99_seasonTiming\04_RUA\top_speed\Qualifying Race 11.pdf,2026-04-22 16:49:36
RUA,QR11,26,Kai Allen,8,255,false,top_speed,NaN,E:\2026\99_seasonTiming\04_RUA\top_speed\Qualifying Race 11.pdf,2026-04-22 16:49:36
RUA,QR11,26,Kai Allen,9,225,false,top_speed,NaN,E:\2026\99_seasonTiming\04_RUA\top_speed\Qualifying Race 11.pdf,2026-04-22 16:49:36
RUA,QR11,26,Kai Allen,10,84,false,top_speed,NaN,E:\2026\99_seasonTiming\04_RUA\top_speed\Qualifying Race 11.pdf,2026-04-22 16:49:36
RUA,QR11,26,Kai Allen,11,255,false,top_speed,NaN,E:\2026\99_seasonTiming\04_RUA\top_speed\Qualifying Race 11.pdf,2026-04-22 16:49:36
RUA,QR11,26,Kai Allen,12,254,false,top_speed,NaN,E:\2026\99_seasonTiming\04_RUA\top_speed\Qualifying Race 11.pdf,2026-04-22 16:49:36
RUA,QR11,31,Jayden Ojeda,1,81,false,top_speed,NaN,E:\2026\99_seasonTiming\04_RUA\top_speed\Qualifying Race 11.pdf,2026-04-22 16:49:36
RUA,QR11,31,Jayden Ojeda,2,245,false,top_speed,NaN,E:\2026\99_seasonTiming\04_RUA\top_speed\Qualifying Race 11.pdf,2026-04-22 16:49:36
RUA,QR11,31,Jayden Ojeda,3,253,false,top_speed,NaN,E:\2026\99_seasonTiming\04_RUA\top_speed\Qualifying Race 11.pdf,2026-04-22 16:49:36
RUA,QR11,31,Jayden Ojeda,4,88,false,top_speed,NaN,E:\2026\99_seasonTiming\04_RUA\top_speed\Qualifying Race 11.pdf,2026-04-22 16:49:36
RUA,QR11,31,Jayden Ojeda,5,255,false,top_speed,NaN,E:\2026\99_seasonTiming\04_RUA\top_speed\Qualifying Race 11.pdf,2026-04-22 16:49:36
RUA,QR11,31,Jayden Ojeda,6,256,false,top_speed,NaN,E:\2026\99_seasonTiming\04_RUA\top_speed\Qualifying Race 11.pdf,2026-04-22 16:49:36
RUA,QR11,31,Jayden Ojeda,7,78,false,top_speed,NaN,E:\2026\99_seasonTiming\04_RUA\top_speed\Qualifying Race 11.pdf,2026-04-22 16:49:36
RUA,QR11,31,Jayden Ojeda,8,254,false,top_speed,NaN,E:\2026\99_seasonTiming\04_RUA\top_speed\Qualifying Race 11.pdf,2026-04-22 16:49:36
RUA,QR11,38,Rylan Gray,1,72,false,top_speed,NaN,E:\2026\99_seasonTiming\04_RUA\top_speed\Qualifying Race 11.pdf,2026-04-22 16:49:36
RUA,QR11,38,Rylan Gray,2,254,false,top_speed,NaN,E:\2026\99_seasonTiming\04_RUA\top_speed\Qualifying Race 11.pdf,2026-04-22 16:49:36
RUA,QR11,38,Rylan Gray,3,253,false,top_speed,NaN,E:\2026\99_seasonTiming\04_RUA\top_speed\Qualifying Race 11.pdf,2026-04-22 16:49:36
RUA,QR11,38,Rylan Gray,4,237,false,top_speed,NaN,E:\2026\99_seasonTiming\04_RUA\top_speed\Qualifying Race 11.pdf,2026-04-22 16:49:36
RUA,QR11,38,Rylan Gray,5,86,false,top_speed,NaN,E:\2026\99_seasonTiming\04_RUA\top_speed\Qualifying Race 11.pdf,2026-04-22 16:49:36
RUA,QR11,38,Rylan Gray,6,255,false,top_speed,NaN,E:\2026\99_seasonTiming\04_RUA\top_speed\Qualifying Race 11.pdf,2026-04-22 16:49:36
RUA,QR11,38,Rylan Gray,7,255,false,top_speed,NaN,E:\2026\99_seasonTiming\04_RUA\top_speed\Qualifying Race 11.pdf,2026-04-22 16:49:36
RUA,QR11,55,Thomas Randle,1,81,false,top_speed,NaN,E:\2026\99_seasonTiming\04_RUA\top_speed\Qualifying Race 11.pdf,2026-04-22 16:49:36
RUA,QR11,55,Thomas Randle,2,252,false,top_speed,NaN,E:\2026\99_seasonTiming\04_RUA\top_speed\Qualifying Race 11.pdf,2026-04-22 16:49:36
RUA,QR11,55,Thomas Randle,3,253,false,top_speed,NaN,E:\2026\99_seasonTiming\04_RUA\top_speed\Qualifying Race 11.pdf,2026-04-22 16:49:36
RUA,QR11,55,Thomas Randle,4,250,false,top_speed,NaN,E:\2026\99_seasonTiming\04_RUA\top_speed\Qualifying Race 11.pdf,2026-04-22 16:49:36
RUA,QR11,55,Thomas Randle,5,105,false,top_speed,NaN,E:\2026\99_seasonTiming\04_RUA\top_speed\Qualifying Race 11.pdf,2026-04-22 16:49:36
RUA,QR11,55,Thomas Randle,6,255,false,top_speed,NaN,E:\2026\99_seasonTiming\04_RUA\top_speed\Qualifying Race 11.pdf,2026-04-22 16:49:36
RUA,QR11,88,Broc Feeney,1,71,false,top_speed,NaN,E:\2026\99_seasonTiming\04_RUA\top_speed\Qualifying Race 11.pdf,2026-04-22 16:49:36
RUA,QR11,88,Broc Feeney,2,250,false,top_speed,NaN,E:\2026\99_seasonTiming\04_RUA\top_speed\Qualifying Race 11.pdf,2026-04-22 16:49:36
RUA,QR11,88,Broc Feeney,3,252,false,top_speed,NaN,E:\2026\99_seasonTiming\04_RUA\top_speed\Qualifying Race 11.pdf,2026-04-22 16:49:36
RUA,QR11,88,Broc Feeney,4,72,false,top_speed,NaN,E:\2026\99_seasonTiming\04_RUA\top_speed\Qualifying Race 11.pdf,2026-04-22 16:49:36
RUA,QR11,88,Broc Feeney,5,253,false,top_speed,NaN,E:\2026\99_seasonTiming\04_RUA\top_speed\Qualifying Race 11.pdf,2026-04-22 16:49:36
RUA,QR11,88,Broc Feeney,6,253,false,top_speed,NaN,E:\2026\99_seasonTiming\04_RUA\top_speed\Qualifying Race 11.pdf,2026-04-22 16:49:36
RUA,QR11,88,Broc Feeney,7,127,false,top_speed,NaN,E:\2026\99_seasonTiming\04_RUA\top_speed\Qualifying Race 11.pdf,2026-04-22 16:49:36
RUA,QR11,88,Broc Feeney,8,251,false,top_speed,NaN,E:\2026\99_seasonTiming\04_RUA\top_speed\Qualifying Race 11.pdf,2026-04-22 16:49:36
RUA,QR11,88,Broc Feeney,9,192,false,top_speed,NaN,E:\2026\99_seasonTiming\04_RUA\top_speed\Qualifying Race 11.pdf,2026-04-22 16:49:36
RUA,QR11,88,Broc Feeney,10,129,false,top_speed,NaN,E:\2026\99_seasonTiming\04_RUA\top_speed\Qualifying Race 11.pdf,2026-04-22 16:49:36
RUA,QR11,88,Broc Feeney,11,253,false,top_speed,NaN,E:\2026\99_seasonTiming\04_RUA\top_speed\Qualifying Race 11.pdf,2026-04-22 16:49:36
RUA,QR11,96,Macauley Jones,1,63,false,top_speed,NaN,E:\2026\99_seasonTiming\04_RUA\top_speed\Qualifying Race 11.pdf,2026-04-22 16:49:36
RUA,QR11,96,Macauley Jones,2,252,false,top_speed,NaN,E:\2026\99_seasonTiming\04_RUA\top_speed\Qualifying Race 11.pdf,2026-04-22 16:49:36
RUA,QR11,96,Macauley Jones,3,252,false,top_speed,NaN,E:\2026\99_seasonTiming\04_RUA\top_speed\Qualifying Race 11.pdf,2026-04-22 16:49:36
RUA,QR11,96,Macauley Jones,4,85,false,top_speed,NaN,E:\2026\99_seasonTiming\04_RUA\top_speed\Qualifying Race 11.pdf,2026-04-22 16:49:36
RUA,QR11,96,Macauley Jones,5,253,false,top_speed,NaN,E:\2026\99_seasonTiming\04_RUA\top_speed\Qualifying Race 11.pdf,2026-04-22 16:49:36
RUA,QR11,99,Cooper Murray,1,71,false,top_speed,NaN,E:\2026\99_seasonTiming\04_RUA\top_speed\Qualifying Race 11.pdf,2026-04-22 16:49:36
RUA,QR11,99,Cooper Murray,2,253,false,top_speed,NaN,E:\2026\99_seasonTiming\04_RUA\top_speed\Qualifying Race 11.pdf,2026-04-22 16:49:36
RUA,QR11,99,Cooper Murray,3,252,false,top_speed,NaN,E:\2026\99_seasonTiming\04_RUA\top_speed\Qualifying Race 11.pdf,2026-04-22 16:49:36
RUA,QR11,99,Cooper Murray,4,72,false,top_speed,NaN,E:\2026\99_seasonTiming\04_RUA\top_speed\Qualifying Race 11.pdf,2026-04-22 16:49:36
RUA,QR11,99,Cooper Murray,5,255,false,top_speed,NaN,E:\2026\99_seasonTiming\04_RUA\top_speed\Qualifying Race 11.pdf,2026-04-22 16:49:36
RUA,QR11,777,Declan Fraser,1,114,false,top_speed,NaN,E:\2026\99_seasonTiming\04_RUA\top_speed\Qualifying Race 11.pdf,2026-04-22 16:49:36
RUA,QR11,777,Declan Fraser,2,246,false,top_speed,NaN,E:\2026\99_seasonTiming\04_RUA\top_speed\Qualifying Race 11.pdf,2026-04-22 16:49:36
RUA,QR11,777,Declan Fraser,3,251,false,top_speed,NaN,E:\2026\99_seasonTiming\04_RUA\top_speed\Qualifying Race 11.pdf,2026-04-22 16:49:36
RUA,QR11,777,Declan Fraser,4,79,false,top_speed,NaN,E:\2026\99_seasonTiming\04_RUA\top_speed\Qualifying Race 11.pdf,2026-04-22 16:49:36
RUA,QR11,777,Declan Fraser,5,252,false,top_speed,NaN,E:\2026\99_seasonTiming\04_RUA\top_speed\Qualifying Race 11.pdf,2026-04-22 16:49:36
RUA,QR11,888,William Brown,1,69,false,top_speed,NaN,E:\2026\99_seasonTiming\04_RUA\top_speed\Qualifying Race 11.pdf,2026-04-22 16:49:36
RUA,QR11,888,William Brown,2,252,false,top_speed,NaN,E:\2026\99_seasonTiming\04_RUA\top_speed\Qualifying Race 11.pdf,2026-04-22 16:49:36
RUA,QR11,888,William Brown,3,253,false,top_speed,NaN,E:\2026\99_seasonTiming\04_RUA\top_speed\Qualifying Race 11.pdf,2026-04-22 16:49:36
RUA,QR11,888,William Brown,4,80,false,top_speed,NaN,E:\2026\99_seasonTiming\04_RUA\top_speed\Qualifying Race 11.pdf,2026-04-22 16:49:36
RUA,QR11,888,William Brown,5,252,false,top_speed,NaN,E:\2026\99_seasonTiming\04_RUA\top_speed\Qualifying Race 11.pdf,2026-04-22 16:49:36
RUA,QR11,888,William Brown,6,253,false,top_speed,NaN,E:\2026\99_seasonTiming\04_RUA\top_speed\Qualifying Race 11.pdf,2026-04-22 16:49:36
RUA,QR11,888,William Brown,7,80,false,top_speed,NaN,E:\2026\99_seasonTiming\04_RUA\top_speed\Qualifying Race 11.pdf,2026-04-22 16:49:36
RUA,QR11,888,William Brown,8,253,false,top_speed,NaN,E:\2026\99_seasonTiming\04_RUA\top_speed\Qualifying Race 11.pdf,2026-04-22 16:49:36
RUA,QR12,1,Chaz Mostert,1,58,false,top_speed,NaN,E:\2026\99_seasonTiming\04_RUA\top_speed\Qualifying Race 12.pdf,2026-04-22 16:49:36
RUA,QR12,1,Chaz Mostert,2,254,false,top_speed,NaN,E:\2026\99_seasonTiming\04_RUA\top_speed\Qualifying Race 12.pdf,2026-04-22 16:49:36
RUA,QR12,1,Chaz Mostert,3,254,false,top_speed,NaN,E:\2026\99_seasonTiming\04_RUA\top_speed\Qualifying Race 12.pdf,2026-04-22 16:49:36
RUA,QR12,1,Chaz Mostert,4,209,false,top_speed,NaN,E:\2026\99_seasonTiming\04_RUA\top_speed\Qualifying Race 12.pdf,2026-04-22 16:49:36
RUA,QR12,1,Chaz Mostert,5,106,false,top_speed,NaN,E:\2026\99_seasonTiming\04_RUA\top_speed\Qualifying Race 12.pdf,2026-04-22 16:49:36
RUA,QR12,1,Chaz Mostert,6,255,false,top_speed,NaN,E:\2026\99_seasonTiming\04_RUA\top_speed\Qualifying Race 12.pdf,2026-04-22 16:49:36
RUA,QR12,2,Ryan Wood,1,84,false,top_speed,NaN,E:\2026\99_seasonTiming\04_RUA\top_speed\Qualifying Race 12.pdf,2026-04-22 16:49:36
RUA,QR12,2,Ryan Wood,2,253,false,top_speed,NaN,E:\2026\99_seasonTiming\04_RUA\top_speed\Qualifying Race 12.pdf,2026-04-22 16:49:36
RUA,QR12,2,Ryan Wood,3,254,false,top_speed,NaN,E:\2026\99_seasonTiming\04_RUA\top_speed\Qualifying Race 12.pdf,2026-04-22 16:49:36
RUA,QR12,2,Ryan Wood,4,110,false,top_speed,NaN,E:\2026\99_seasonTiming\04_RUA\top_speed\Qualifying Race 12.pdf,2026-04-22 16:49:36
RUA,QR12,2,Ryan Wood,5,255,false,top_speed,NaN,E:\2026\99_seasonTiming\04_RUA\top_speed\Qualifying Race 12.pdf,2026-04-22 16:49:36
RUA,QR12,2,Ryan Wood,6,218,false,top_speed,NaN,E:\2026\99_seasonTiming\04_RUA\top_speed\Qualifying Race 12.pdf,2026-04-22 16:49:36
RUA,QR12,2,Ryan Wood,7,87,false,top_speed,NaN,E:\2026\99_seasonTiming\04_RUA\top_speed\Qualifying Race 12.pdf,2026-04-22 16:49:36
RUA,QR12,2,Ryan Wood,8,256,false,top_speed,NaN,E:\2026\99_seasonTiming\04_RUA\top_speed\Qualifying Race 12.pdf,2026-04-22 16:49:36
RUA,QR12,3,Aaron Cameron,1,111,false,top_speed,NaN,E:\2026\99_seasonTiming\04_RUA\top_speed\Qualifying Race 12.pdf,2026-04-22 16:49:36
RUA,QR12,3,Aaron Cameron,2,252,false,top_speed,NaN,E:\2026\99_seasonTiming\04_RUA\top_speed\Qualifying Race 12.pdf,2026-04-22 16:49:36
RUA,QR12,3,Aaron Cameron,3,253,false,top_speed,NaN,E:\2026\99_seasonTiming\04_RUA\top_speed\Qualifying Race 12.pdf,2026-04-22 16:49:36
RUA,QR12,3,Aaron Cameron,4,109,false,top_speed,NaN,E:\2026\99_seasonTiming\04_RUA\top_speed\Qualifying Race 12.pdf,2026-04-22 16:49:36
RUA,QR12,3,Aaron Cameron,5,254,false,top_speed,NaN,E:\2026\99_seasonTiming\04_RUA\top_speed\Qualifying Race 12.pdf,2026-04-22 16:49:36
RUA,QR12,3,Aaron Cameron,6,242,false,top_speed,NaN,E:\2026\99_seasonTiming\04_RUA\top_speed\Qualifying Race 12.pdf,2026-04-22 16:49:36
RUA,QR12,3,Aaron Cameron,7,127,false,top_speed,NaN,E:\2026\99_seasonTiming\04_RUA\top_speed\Qualifying Race 12.pdf,2026-04-22 16:49:36
RUA,QR12,3,Aaron Cameron,8,255,false,top_speed,NaN,E:\2026\99_seasonTiming\04_RUA\top_speed\Qualifying Race 12.pdf,2026-04-22 16:49:36
RUA,QR12,4,Jack Le Brocq,1,68,false,top_speed,NaN,E:\2026\99_seasonTiming\04_RUA\top_speed\Qualifying Race 12.pdf,2026-04-22 16:49:36
RUA,QR12,4,Jack Le Brocq,2,253,false,top_speed,NaN,E:\2026\99_seasonTiming\04_RUA\top_speed\Qualifying Race 12.pdf,2026-04-22 16:49:36
RUA,QR12,4,Jack Le Brocq,3,232,false,top_speed,NaN,E:\2026\99_seasonTiming\04_RUA\top_speed\Qualifying Race 12.pdf,2026-04-22 16:49:36
RUA,QR12,4,Jack Le Brocq,4,68,false,top_speed,NaN,E:\2026\99_seasonTiming\04_RUA\top_speed\Qualifying Race 12.pdf,2026-04-22 16:49:36
RUA,QR12,4,Jack Le Brocq,5,255,false,top_speed,NaN,E:\2026\99_seasonTiming\04_RUA\top_speed\Qualifying Race 12.pdf,2026-04-22 16:49:36
RUA,QR12,4,Jack Le Brocq,6,255,false,top_speed,NaN,E:\2026\99_seasonTiming\04_RUA\top_speed\Qualifying Race 12.pdf,2026-04-22 16:49:36
RUA,QR12,4,Jack Le Brocq,7,108,false,top_speed,NaN,E:\2026\99_seasonTiming\04_RUA\top_speed\Qualifying Race 12.pdf,2026-04-22 16:49:36
RUA,QR12,4,Jack Le Brocq,8,255,false,top_speed,NaN,E:\2026\99_seasonTiming\04_RUA\top_speed\Qualifying Race 12.pdf,2026-04-22 16:49:36
RUA,QR12,6,Cameron Waters,1,72,false,top_speed,NaN,E:\2026\99_seasonTiming\04_RUA\top_speed\Qualifying Race 12.pdf,2026-04-22 16:49:36
RUA,QR12,6,Cameron Waters,2,251,false,top_speed,NaN,E:\2026\99_seasonTiming\04_RUA\top_speed\Qualifying Race 12.pdf,2026-04-22 16:49:36
RUA,QR12,6,Cameron Waters,3,253,false,top_speed,NaN,E:\2026\99_seasonTiming\04_RUA\top_speed\Qualifying Race 12.pdf,2026-04-22 16:49:36
RUA,QR12,6,Cameron Waters,4,215,false,top_speed,NaN,E:\2026\99_seasonTiming\04_RUA\top_speed\Qualifying Race 12.pdf,2026-04-22 16:49:36
RUA,QR12,6,Cameron Waters,5,74,false,top_speed,NaN,E:\2026\99_seasonTiming\04_RUA\top_speed\Qualifying Race 12.pdf,2026-04-22 16:49:36
RUA,QR12,6,Cameron Waters,6,254,false,top_speed,NaN,E:\2026\99_seasonTiming\04_RUA\top_speed\Qualifying Race 12.pdf,2026-04-22 16:49:36
RUA,QR12,7,James Golding,1,66,false,top_speed,NaN,E:\2026\99_seasonTiming\04_RUA\top_speed\Qualifying Race 12.pdf,2026-04-22 16:49:36
RUA,QR12,7,James Golding,2,255,false,top_speed,NaN,E:\2026\99_seasonTiming\04_RUA\top_speed\Qualifying Race 12.pdf,2026-04-22 16:49:36
RUA,QR12,7,James Golding,3,255,false,top_speed,NaN,E:\2026\99_seasonTiming\04_RUA\top_speed\Qualifying Race 12.pdf,2026-04-22 16:49:36
RUA,QR12,7,James Golding,4,81,false,top_speed,NaN,E:\2026\99_seasonTiming\04_RUA\top_speed\Qualifying Race 12.pdf,2026-04-22 16:49:36
RUA,QR12,7,James Golding,5,255,false,top_speed,NaN,E:\2026\99_seasonTiming\04_RUA\top_speed\Qualifying Race 12.pdf,2026-04-22 16:49:36
RUA,QR12,7,James Golding,6,255,false,top_speed,NaN,E:\2026\99_seasonTiming\04_RUA\top_speed\Qualifying Race 12.pdf,2026-04-22 16:49:36
RUA,QR12,7,James Golding,7,87,false,top_speed,NaN,E:\2026\99_seasonTiming\04_RUA\top_speed\Qualifying Race 12.pdf,2026-04-22 16:49:36
RUA,QR12,7,James Golding,8,255,false,top_speed,NaN,E:\2026\99_seasonTiming\04_RUA\top_speed\Qualifying Race 12.pdf,2026-04-22 16:49:36
RUA,QR12,8,Andre Heimgartner,1,121,false,top_speed,NaN,E:\2026\99_seasonTiming\04_RUA\top_speed\Qualifying Race 12.pdf,2026-04-22 16:49:36
RUA,QR12,8,Andre Heimgartner,2,252,false,top_speed,NaN,E:\2026\99_seasonTiming\04_RUA\top_speed\Qualifying Race 12.pdf,2026-04-22 16:49:36
RUA,QR12,8,Andre Heimgartner,3,252,false,top_speed,NaN,E:\2026\99_seasonTiming\04_RUA\top_speed\Qualifying Race 12.pdf,2026-04-22 16:49:36
RUA,QR12,8,Andre Heimgartner,4,144,false,top_speed,NaN,E:\2026\99_seasonTiming\04_RUA\top_speed\Qualifying Race 12.pdf,2026-04-22 16:49:36
RUA,QR12,8,Andre Heimgartner,5,254,false,top_speed,NaN,E:\2026\99_seasonTiming\04_RUA\top_speed\Qualifying Race 12.pdf,2026-04-22 16:49:36
RUA,QR12,9,Jobe Stewart,1,95,false,top_speed,NaN,E:\2026\99_seasonTiming\04_RUA\top_speed\Qualifying Race 12.pdf,2026-04-22 16:49:36
RUA,QR12,9,Jobe Stewart,2,253,false,top_speed,NaN,E:\2026\99_seasonTiming\04_RUA\top_speed\Qualifying Race 12.pdf,2026-04-22 16:49:36
RUA,QR12,9,Jobe Stewart,3,253,false,top_speed,NaN,E:\2026\99_seasonTiming\04_RUA\top_speed\Qualifying Race 12.pdf,2026-04-22 16:49:36
RUA,QR12,9,Jobe Stewart,4,90,false,top_speed,NaN,E:\2026\99_seasonTiming\04_RUA\top_speed\Qualifying Race 12.pdf,2026-04-22 16:49:36
RUA,QR12,9,Jobe Stewart,5,252,false,top_speed,NaN,E:\2026\99_seasonTiming\04_RUA\top_speed\Qualifying Race 12.pdf,2026-04-22 16:49:36
RUA,QR12,10,Zach Bates,1,69,false,top_speed,NaN,E:\2026\99_seasonTiming\04_RUA\top_speed\Qualifying Race 12.pdf,2026-04-22 16:49:36
RUA,QR12,10,Zach Bates,2,251,false,top_speed,NaN,E:\2026\99_seasonTiming\04_RUA\top_speed\Qualifying Race 12.pdf,2026-04-22 16:49:36
RUA,QR12,10,Zach Bates,3,255,false,top_speed,NaN,E:\2026\99_seasonTiming\04_RUA\top_speed\Qualifying Race 12.pdf,2026-04-22 16:49:36
RUA,QR12,10,Zach Bates,4,78,false,top_speed,NaN,E:\2026\99_seasonTiming\04_RUA\top_speed\Qualifying Race 12.pdf,2026-04-22 16:49:36
RUA,QR12,10,Zach Bates,5,253,false,top_speed,NaN,E:\2026\99_seasonTiming\04_RUA\top_speed\Qualifying Race 12.pdf,2026-04-22 16:49:36
RUA,QR12,11,Jackson Walls,1,92,false,top_speed,NaN,E:\2026\99_seasonTiming\04_RUA\top_speed\Qualifying Race 12.pdf,2026-04-22 16:49:36
RUA,QR12,11,Jackson Walls,2,249,false,top_speed,NaN,E:\2026\99_seasonTiming\04_RUA\top_speed\Qualifying Race 12.pdf,2026-04-22 16:49:36
RUA,QR12,11,Jackson Walls,3,251,false,top_speed,NaN,E:\2026\99_seasonTiming\04_RUA\top_speed\Qualifying Race 12.pdf,2026-04-22 16:49:36
RUA,QR12,11,Jackson Walls,4,250,false,top_speed,NaN,E:\2026\99_seasonTiming\04_RUA\top_speed\Qualifying Race 12.pdf,2026-04-22 16:49:36
RUA,QR12,11,Jackson Walls,5,115,false,top_speed,NaN,E:\2026\99_seasonTiming\04_RUA\top_speed\Qualifying Race 12.pdf,2026-04-22 16:49:36
RUA,QR12,11,Jackson Walls,6,253,false,top_speed,NaN,E:\2026\99_seasonTiming\04_RUA\top_speed\Qualifying Race 12.pdf,2026-04-22 16:49:36
RUA,QR12,14,Cameron Hill,1,71,false,top_speed,NaN,E:\2026\99_seasonTiming\04_RUA\top_speed\Qualifying Race 12.pdf,2026-04-22 16:49:36
RUA,QR12,14,Cameron Hill,2,252,false,top_speed,NaN,E:\2026\99_seasonTiming\04_RUA\top_speed\Qualifying Race 12.pdf,2026-04-22 16:49:36
RUA,QR12,14,Cameron Hill,3,253,false,top_speed,NaN,E:\2026\99_seasonTiming\04_RUA\top_speed\Qualifying Race 12.pdf,2026-04-22 16:49:36
RUA,QR12,14,Cameron Hill,4,76,false,top_speed,NaN,E:\2026\99_seasonTiming\04_RUA\top_speed\Qualifying Race 12.pdf,2026-04-22 16:49:36
RUA,QR12,14,Cameron Hill,5,253,false,top_speed,NaN,E:\2026\99_seasonTiming\04_RUA\top_speed\Qualifying Race 12.pdf,2026-04-22 16:49:36
RUA,QR12,14,Cameron Hill,6,252,false,top_speed,NaN,E:\2026\99_seasonTiming\04_RUA\top_speed\Qualifying Race 12.pdf,2026-04-22 16:49:36
RUA,QR12,17,Brodie Kostecki,1,50,false,top_speed,NaN,E:\2026\99_seasonTiming\04_RUA\top_speed\Qualifying Race 12.pdf,2026-04-22 16:49:36
RUA,QR12,17,Brodie Kostecki,2,253,false,top_speed,NaN,E:\2026\99_seasonTiming\04_RUA\top_speed\Qualifying Race 12.pdf,2026-04-22 16:49:36
RUA,QR12,17,Brodie Kostecki,3,254,false,top_speed,NaN,E:\2026\99_seasonTiming\04_RUA\top_speed\Qualifying Race 12.pdf,2026-04-22 16:49:36
RUA,QR12,17,Brodie Kostecki,4,54,false,top_speed,NaN,E:\2026\99_seasonTiming\04_RUA\top_speed\Qualifying Race 12.pdf,2026-04-22 16:49:36
RUA,QR12,17,Brodie Kostecki,5,255,false,top_speed,NaN,E:\2026\99_seasonTiming\04_RUA\top_speed\Qualifying Race 12.pdf,2026-04-22 16:49:36
RUA,QR12,17,Brodie Kostecki,6,254,false,top_speed,NaN,E:\2026\99_seasonTiming\04_RUA\top_speed\Qualifying Race 12.pdf,2026-04-22 16:49:36
RUA,QR12,17,Brodie Kostecki,7,137,false,top_speed,NaN,E:\2026\99_seasonTiming\04_RUA\top_speed\Qualifying Race 12.pdf,2026-04-22 16:49:36
RUA,QR12,17,Brodie Kostecki,8,255,false,top_speed,NaN,E:\2026\99_seasonTiming\04_RUA\top_speed\Qualifying Race 12.pdf,2026-04-22 16:49:36
RUA,QR12,18,Anton De Pasquale,1,90,false,top_speed,NaN,E:\2026\99_seasonTiming\04_RUA\top_speed\Qualifying Race 12.pdf,2026-04-22 16:49:36
RUA,QR12,18,Anton De Pasquale,2,254,false,top_speed,NaN,E:\2026\99_seasonTiming\04_RUA\top_speed\Qualifying Race 12.pdf,2026-04-22 16:49:36
RUA,QR12,18,Anton De Pasquale,3,254,false,top_speed,NaN,E:\2026\99_seasonTiming\04_RUA\top_speed\Qualifying Race 12.pdf,2026-04-22 16:49:36
RUA,QR12,18,Anton De Pasquale,4,81,false,top_speed,NaN,E:\2026\99_seasonTiming\04_RUA\top_speed\Qualifying Race 12.pdf,2026-04-22 16:49:36
RUA,QR12,18,Anton De Pasquale,5,253,false,top_speed,NaN,E:\2026\99_seasonTiming\04_RUA\top_speed\Qualifying Race 12.pdf,2026-04-22 16:49:36
RUA,QR12,18,Anton De Pasquale,6,145,false,top_speed,NaN,E:\2026\99_seasonTiming\04_RUA\top_speed\Qualifying Race 12.pdf,2026-04-22 16:49:36
RUA,QR12,18,Anton De Pasquale,7,255,false,top_speed,NaN,E:\2026\99_seasonTiming\04_RUA\top_speed\Qualifying Race 12.pdf,2026-04-22 16:49:36
RUA,QR12,18,Anton De Pasquale,8,203,false,top_speed,NaN,E:\2026\99_seasonTiming\04_RUA\top_speed\Qualifying Race 12.pdf,2026-04-22 16:49:36
RUA,QR12,18,Anton De Pasquale,9,132,false,top_speed,NaN,E:\2026\99_seasonTiming\04_RUA\top_speed\Qualifying Race 12.pdf,2026-04-22 16:49:36
RUA,QR12,18,Anton De Pasquale,10,256,false,top_speed,NaN,E:\2026\99_seasonTiming\04_RUA\top_speed\Qualifying Race 12.pdf,2026-04-22 16:49:36
RUA,QR12,19,Matthew Payne,1,69,false,top_speed,NaN,E:\2026\99_seasonTiming\04_RUA\top_speed\Qualifying Race 12.pdf,2026-04-22 16:49:36
RUA,QR12,19,Matthew Payne,2,253,false,top_speed,NaN,E:\2026\99_seasonTiming\04_RUA\top_speed\Qualifying Race 12.pdf,2026-04-22 16:49:36
RUA,QR12,19,Matthew Payne,3,252,false,top_speed,NaN,E:\2026\99_seasonTiming\04_RUA\top_speed\Qualifying Race 12.pdf,2026-04-22 16:49:36
RUA,QR12,19,Matthew Payne,4,76,false,top_speed,NaN,E:\2026\99_seasonTiming\04_RUA\top_speed\Qualifying Race 12.pdf,2026-04-22 16:49:36
RUA,QR12,19,Matthew Payne,5,254,false,top_speed,NaN,E:\2026\99_seasonTiming\04_RUA\top_speed\Qualifying Race 12.pdf,2026-04-22 16:49:36
RUA,QR12,19,Matthew Payne,6,251,false,top_speed,NaN,E:\2026\99_seasonTiming\04_RUA\top_speed\Qualifying Race 12.pdf,2026-04-22 16:49:36
RUA,QR12,19,Matthew Payne,7,97,false,top_speed,NaN,E:\2026\99_seasonTiming\04_RUA\top_speed\Qualifying Race 12.pdf,2026-04-22 16:49:36
RUA,QR12,19,Matthew Payne,8,254,false,top_speed,NaN,E:\2026\99_seasonTiming\04_RUA\top_speed\Qualifying Race 12.pdf,2026-04-22 16:49:36
RUA,QR12,19,Matthew Payne,9,255,false,top_speed,NaN,E:\2026\99_seasonTiming\04_RUA\top_speed\Qualifying Race 12.pdf,2026-04-22 16:49:36
RUA,QR12,19,Matthew Payne,10,115,false,top_speed,NaN,E:\2026\99_seasonTiming\04_RUA\top_speed\Qualifying Race 12.pdf,2026-04-22 16:49:36
RUA,QR12,20,David Reynolds,1,82,false,top_speed,NaN,E:\2026\99_seasonTiming\04_RUA\top_speed\Qualifying Race 12.pdf,2026-04-22 16:49:36
RUA,QR12,20,David Reynolds,2,253,false,top_speed,NaN,E:\2026\99_seasonTiming\04_RUA\top_speed\Qualifying Race 12.pdf,2026-04-22 16:49:36
RUA,QR12,20,David Reynolds,3,253,false,top_speed,NaN,E:\2026\99_seasonTiming\04_RUA\top_speed\Qualifying Race 12.pdf,2026-04-22 16:49:36
RUA,QR12,20,David Reynolds,4,86,false,top_speed,NaN,E:\2026\99_seasonTiming\04_RUA\top_speed\Qualifying Race 12.pdf,2026-04-22 16:49:36
RUA,QR12,20,David Reynolds,5,254,false,top_speed,NaN,E:\2026\99_seasonTiming\04_RUA\top_speed\Qualifying Race 12.pdf,2026-04-22 16:49:36
RUA,QR12,26,Kai Allen,1,75,false,top_speed,NaN,E:\2026\99_seasonTiming\04_RUA\top_speed\Qualifying Race 12.pdf,2026-04-22 16:49:36
RUA,QR12,26,Kai Allen,2,253,false,top_speed,NaN,E:\2026\99_seasonTiming\04_RUA\top_speed\Qualifying Race 12.pdf,2026-04-22 16:49:36
RUA,QR12,26,Kai Allen,3,253,false,top_speed,NaN,E:\2026\99_seasonTiming\04_RUA\top_speed\Qualifying Race 12.pdf,2026-04-22 16:49:36
RUA,QR12,26,Kai Allen,4,251,false,top_speed,NaN,E:\2026\99_seasonTiming\04_RUA\top_speed\Qualifying Race 12.pdf,2026-04-22 16:49:36
RUA,QR12,26,Kai Allen,5,113,false,top_speed,NaN,E:\2026\99_seasonTiming\04_RUA\top_speed\Qualifying Race 12.pdf,2026-04-22 16:49:36
RUA,QR12,26,Kai Allen,6,254,false,top_speed,NaN,E:\2026\99_seasonTiming\04_RUA\top_speed\Qualifying Race 12.pdf,2026-04-22 16:49:36
RUA,QR12,26,Kai Allen,7,97,false,top_speed,NaN,E:\2026\99_seasonTiming\04_RUA\top_speed\Qualifying Race 12.pdf,2026-04-22 16:49:36
RUA,QR12,26,Kai Allen,8,254,false,top_speed,NaN,E:\2026\99_seasonTiming\04_RUA\top_speed\Qualifying Race 12.pdf,2026-04-22 16:49:36
RUA,QR12,26,Kai Allen,9,240,false,top_speed,NaN,E:\2026\99_seasonTiming\04_RUA\top_speed\Qualifying Race 12.pdf,2026-04-22 16:49:36
RUA,QR12,26,Kai Allen,10,94,false,top_speed,NaN,E:\2026\99_seasonTiming\04_RUA\top_speed\Qualifying Race 12.pdf,2026-04-22 16:49:36
RUA,QR12,26,Kai Allen,11,254,false,top_speed,NaN,E:\2026\99_seasonTiming\04_RUA\top_speed\Qualifying Race 12.pdf,2026-04-22 16:49:36
RUA,QR12,31,Jayden Ojeda,1,105,false,top_speed,NaN,E:\2026\99_seasonTiming\04_RUA\top_speed\Qualifying Race 12.pdf,2026-04-22 16:49:36
RUA,QR12,31,Jayden Ojeda,2,253,false,top_speed,NaN,E:\2026\99_seasonTiming\04_RUA\top_speed\Qualifying Race 12.pdf,2026-04-22 16:49:36
RUA,QR12,31,Jayden Ojeda,3,256,false,top_speed,NaN,E:\2026\99_seasonTiming\04_RUA\top_speed\Qualifying Race 12.pdf,2026-04-22 16:49:36
RUA,QR12,31,Jayden Ojeda,4,80,false,top_speed,NaN,E:\2026\99_seasonTiming\04_RUA\top_speed\Qualifying Race 12.pdf,2026-04-22 16:49:36
RUA,QR12,31,Jayden Ojeda,5,255,false,top_speed,NaN,E:\2026\99_seasonTiming\04_RUA\top_speed\Qualifying Race 12.pdf,2026-04-22 16:49:36
RUA,QR12,31,Jayden Ojeda,6,255,false,top_speed,NaN,E:\2026\99_seasonTiming\04_RUA\top_speed\Qualifying Race 12.pdf,2026-04-22 16:49:36
RUA,QR12,31,Jayden Ojeda,7,94,false,top_speed,NaN,E:\2026\99_seasonTiming\04_RUA\top_speed\Qualifying Race 12.pdf,2026-04-22 16:49:36
RUA,QR12,31,Jayden Ojeda,8,255,false,top_speed,NaN,E:\2026\99_seasonTiming\04_RUA\top_speed\Qualifying Race 12.pdf,2026-04-22 16:49:36
RUA,QR12,31,Jayden Ojeda,9,255,false,top_speed,NaN,E:\2026\99_seasonTiming\04_RUA\top_speed\Qualifying Race 12.pdf,2026-04-22 16:49:36
RUA,QR12,38,Rylan Gray,1,51,false,top_speed,NaN,E:\2026\99_seasonTiming\04_RUA\top_speed\Qualifying Race 12.pdf,2026-04-22 16:49:36
RUA,QR12,38,Rylan Gray,2,253,false,top_speed,NaN,E:\2026\99_seasonTiming\04_RUA\top_speed\Qualifying Race 12.pdf,2026-04-22 16:49:36
RUA,QR12,38,Rylan Gray,3,254,false,top_speed,NaN,E:\2026\99_seasonTiming\04_RUA\top_speed\Qualifying Race 12.pdf,2026-04-22 16:49:36
RUA,QR12,38,Rylan Gray,4,220,false,top_speed,NaN,E:\2026\99_seasonTiming\04_RUA\top_speed\Qualifying Race 12.pdf,2026-04-22 16:49:36
RUA,QR12,38,Rylan Gray,5,72,false,top_speed,NaN,E:\2026\99_seasonTiming\04_RUA\top_speed\Qualifying Race 12.pdf,2026-04-22 16:49:36
RUA,QR12,38,Rylan Gray,6,254,false,top_speed,NaN,E:\2026\99_seasonTiming\04_RUA\top_speed\Qualifying Race 12.pdf,2026-04-22 16:49:36
RUA,QR12,38,Rylan Gray,7,254,false,top_speed,NaN,E:\2026\99_seasonTiming\04_RUA\top_speed\Qualifying Race 12.pdf,2026-04-22 16:49:36
RUA,QR12,55,Thomas Randle,1,70,false,top_speed,NaN,E:\2026\99_seasonTiming\04_RUA\top_speed\Qualifying Race 12.pdf,2026-04-22 16:49:36
RUA,QR12,55,Thomas Randle,2,254,false,top_speed,NaN,E:\2026\99_seasonTiming\04_RUA\top_speed\Qualifying Race 12.pdf,2026-04-22 16:49:36
RUA,QR12,55,Thomas Randle,3,254,false,top_speed,NaN,E:\2026\99_seasonTiming\04_RUA\top_speed\Qualifying Race 12.pdf,2026-04-22 16:49:36
RUA,QR12,55,Thomas Randle,4,73,false,top_speed,NaN,E:\2026\99_seasonTiming\04_RUA\top_speed\Qualifying Race 12.pdf,2026-04-22 16:49:36
RUA,QR12,55,Thomas Randle,5,254,false,top_speed,NaN,E:\2026\99_seasonTiming\04_RUA\top_speed\Qualifying Race 12.pdf,2026-04-22 16:49:36
RUA,QR12,55,Thomas Randle,6,254,false,top_speed,NaN,E:\2026\99_seasonTiming\04_RUA\top_speed\Qualifying Race 12.pdf,2026-04-22 16:49:36
RUA,QR12,88,Broc Feeney,1,63,false,top_speed,NaN,E:\2026\99_seasonTiming\04_RUA\top_speed\Qualifying Race 12.pdf,2026-04-22 16:49:36
RUA,QR12,88,Broc Feeney,2,250,false,top_speed,NaN,E:\2026\99_seasonTiming\04_RUA\top_speed\Qualifying Race 12.pdf,2026-04-22 16:49:36
RUA,QR12,88,Broc Feeney,3,252,false,top_speed,NaN,E:\2026\99_seasonTiming\04_RUA\top_speed\Qualifying Race 12.pdf,2026-04-22 16:49:36
RUA,QR12,88,Broc Feeney,4,209,false,top_speed,NaN,E:\2026\99_seasonTiming\04_RUA\top_speed\Qualifying Race 12.pdf,2026-04-22 16:49:36
RUA,QR12,88,Broc Feeney,5,83,false,top_speed,NaN,E:\2026\99_seasonTiming\04_RUA\top_speed\Qualifying Race 12.pdf,2026-04-22 16:49:36
RUA,QR12,88,Broc Feeney,6,254,false,top_speed,NaN,E:\2026\99_seasonTiming\04_RUA\top_speed\Qualifying Race 12.pdf,2026-04-22 16:49:36
RUA,QR12,88,Broc Feeney,7,253,false,top_speed,NaN,E:\2026\99_seasonTiming\04_RUA\top_speed\Qualifying Race 12.pdf,2026-04-22 16:49:36
RUA,QR12,88,Broc Feeney,8,98,false,top_speed,NaN,E:\2026\99_seasonTiming\04_RUA\top_speed\Qualifying Race 12.pdf,2026-04-22 16:49:36
RUA,QR12,88,Broc Feeney,9,253,false,top_speed,NaN,E:\2026\99_seasonTiming\04_RUA\top_speed\Qualifying Race 12.pdf,2026-04-22 16:49:36
RUA,QR12,88,Broc Feeney,10,197,false,top_speed,NaN,E:\2026\99_seasonTiming\04_RUA\top_speed\Qualifying Race 12.pdf,2026-04-22 16:49:36
RUA,QR12,96,Macauley Jones,1,70,false,top_speed,NaN,E:\2026\99_seasonTiming\04_RUA\top_speed\Qualifying Race 12.pdf,2026-04-22 16:49:36
RUA,QR12,96,Macauley Jones,2,250,false,top_speed,NaN,E:\2026\99_seasonTiming\04_RUA\top_speed\Qualifying Race 12.pdf,2026-04-22 16:49:36
RUA,QR12,96,Macauley Jones,3,253,false,top_speed,NaN,E:\2026\99_seasonTiming\04_RUA\top_speed\Qualifying Race 12.pdf,2026-04-22 16:49:36
RUA,QR12,96,Macauley Jones,4,84,false,top_speed,NaN,E:\2026\99_seasonTiming\04_RUA\top_speed\Qualifying Race 12.pdf,2026-04-22 16:49:36
RUA,QR12,96,Macauley Jones,5,252,false,top_speed,NaN,E:\2026\99_seasonTiming\04_RUA\top_speed\Qualifying Race 12.pdf,2026-04-22 16:49:36
RUA,QR12,99,Cooper Murray,1,84,false,top_speed,NaN,E:\2026\99_seasonTiming\04_RUA\top_speed\Qualifying Race 12.pdf,2026-04-22 16:49:36
RUA,QR12,99,Cooper Murray,2,251,false,top_speed,NaN,E:\2026\99_seasonTiming\04_RUA\top_speed\Qualifying Race 12.pdf,2026-04-22 16:49:36
RUA,QR12,99,Cooper Murray,3,253,false,top_speed,NaN,E:\2026\99_seasonTiming\04_RUA\top_speed\Qualifying Race 12.pdf,2026-04-22 16:49:36
RUA,QR12,99,Cooper Murray,4,80,false,top_speed,NaN,E:\2026\99_seasonTiming\04_RUA\top_speed\Qualifying Race 12.pdf,2026-04-22 16:49:36
RUA,QR12,99,Cooper Murray,5,254,false,top_speed,NaN,E:\2026\99_seasonTiming\04_RUA\top_speed\Qualifying Race 12.pdf,2026-04-22 16:49:36
RUA,QR12,777,Declan Fraser,1,101,false,top_speed,NaN,E:\2026\99_seasonTiming\04_RUA\top_speed\Qualifying Race 12.pdf,2026-04-22 16:49:36
RUA,QR12,777,Declan Fraser,2,249,false,top_speed,NaN,E:\2026\99_seasonTiming\04_RUA\top_speed\Qualifying Race 12.pdf,2026-04-22 16:49:36
RUA,QR12,777,Declan Fraser,3,252,false,top_speed,NaN,E:\2026\99_seasonTiming\04_RUA\top_speed\Qualifying Race 12.pdf,2026-04-22 16:49:36
RUA,QR12,777,Declan Fraser,4,78,false,top_speed,NaN,E:\2026\99_seasonTiming\04_RUA\top_speed\Qualifying Race 12.pdf,2026-04-22 16:49:36
RUA,QR12,777,Declan Fraser,5,254,false,top_speed,NaN,E:\2026\99_seasonTiming\04_RUA\top_speed\Qualifying Race 12.pdf,2026-04-22 16:49:36
RUA,QR12,777,Declan Fraser,6,253,false,top_speed,NaN,E:\2026\99_seasonTiming\04_RUA\top_speed\Qualifying Race 12.pdf,2026-04-22 16:49:36
RUA,QR12,888,William Brown,1,69,false,top_speed,NaN,E:\2026\99_seasonTiming\04_RUA\top_speed\Qualifying Race 12.pdf,2026-04-22 16:49:36
RUA,QR12,888,William Brown,2,251,false,top_speed,NaN,E:\2026\99_seasonTiming\04_RUA\top_speed\Qualifying Race 12.pdf,2026-04-22 16:49:36
RUA,QR12,888,William Brown,3,252,false,top_speed,NaN,E:\2026\99_seasonTiming\04_RUA\top_speed\Qualifying Race 12.pdf,2026-04-22 16:49:36
RUA,QR12,888,William Brown,4,198,false,top_speed,NaN,E:\2026\99_seasonTiming\04_RUA\top_speed\Qualifying Race 12.pdf,2026-04-22 16:49:36
RUA,QR12,888,William Brown,5,75,false,top_speed,NaN,E:\2026\99_seasonTiming\04_RUA\top_speed\Qualifying Race 12.pdf,2026-04-22 16:49:36
RUA,QR12,888,William Brown,6,254,false,top_speed,NaN,E:\2026\99_seasonTiming\04_RUA\top_speed\Qualifying Race 12.pdf,2026-04-22 16:49:36
RUA,QR12,888,William Brown,7,253,false,top_speed,NaN,E:\2026\99_seasonTiming\04_RUA\top_speed\Qualifying Race 12.pdf,2026-04-22 16:49:36
RUA,R10,1,Chaz Mostert,1,206,false,top_speed,NaN,E:\2026\99_seasonTiming\04_RUA\top_speed\Race 10.pdf,2026-04-22 16:49:37
RUA,R10,1,Chaz Mostert,2,238,false,top_speed,NaN,E:\2026\99_seasonTiming\04_RUA\top_speed\Race 10.pdf,2026-04-22 16:49:37
RUA,R10,1,Chaz Mostert,3,252,false,top_speed,NaN,E:\2026\99_seasonTiming\04_RUA\top_speed\Race 10.pdf,2026-04-22 16:49:37
RUA,R10,1,Chaz Mostert,4,253,false,top_speed,NaN,E:\2026\99_seasonTiming\04_RUA\top_speed\Race 10.pdf,2026-04-22 16:49:37
RUA,R10,1,Chaz Mostert,5,249,false,top_speed,NaN,E:\2026\99_seasonTiming\04_RUA\top_speed\Race 10.pdf,2026-04-22 16:49:37
RUA,R10,1,Chaz Mostert,6,253,false,top_speed,NaN,E:\2026\99_seasonTiming\04_RUA\top_speed\Race 10.pdf,2026-04-22 16:49:37
RUA,R10,1,Chaz Mostert,7,250,false,top_speed,NaN,E:\2026\99_seasonTiming\04_RUA\top_speed\Race 10.pdf,2026-04-22 16:49:37
RUA,R10,1,Chaz Mostert,8,249,false,top_speed,NaN,E:\2026\99_seasonTiming\04_RUA\top_speed\Race 10.pdf,2026-04-22 16:49:37
RUA,R10,1,Chaz Mostert,9,252,false,top_speed,NaN,E:\2026\99_seasonTiming\04_RUA\top_speed\Race 10.pdf,2026-04-22 16:49:37
RUA,R10,1,Chaz Mostert,10,251,false,top_speed,NaN,E:\2026\99_seasonTiming\04_RUA\top_speed\Race 10.pdf,2026-04-22 16:49:37
RUA,R10,1,Chaz Mostert,11,250,false,top_speed,NaN,E:\2026\99_seasonTiming\04_RUA\top_speed\Race 10.pdf,2026-04-22 16:49:37
RUA,R10,1,Chaz Mostert,12,251,false,top_speed,NaN,E:\2026\99_seasonTiming\04_RUA\top_speed\Race 10.pdf,2026-04-22 16:49:37
RUA,R10,1,Chaz Mostert,13,251,false,top_speed,NaN,E:\2026\99_seasonTiming\04_RUA\top_speed\Race 10.pdf,2026-04-22 16:49:37
RUA,R10,1,Chaz Mostert,14,251,false,top_speed,NaN,E:\2026\99_seasonTiming\04_RUA\top_speed\Race 10.pdf,2026-04-22 16:49:37
RUA,R10,1,Chaz Mostert,15,249,false,top_speed,NaN,E:\2026\99_seasonTiming\04_RUA\top_speed\Race 10.pdf,2026-04-22 16:49:37
RUA,R10,1,Chaz Mostert,16,252,false,top_speed,NaN,E:\2026\99_seasonTiming\04_RUA\top_speed\Race 10.pdf,2026-04-22 16:49:37
RUA,R10,1,Chaz Mostert,17,252,false,top_speed,NaN,E:\2026\99_seasonTiming\04_RUA\top_speed\Race 10.pdf,2026-04-22 16:49:37
RUA,R10,1,Chaz Mostert,18,248,false,top_speed,NaN,E:\2026\99_seasonTiming\04_RUA\top_speed\Race 10.pdf,2026-04-22 16:49:37
RUA,R10,1,Chaz Mostert,19,252,false,top_speed,NaN,E:\2026\99_seasonTiming\04_RUA\top_speed\Race 10.pdf,2026-04-22 16:49:37
RUA,R10,1,Chaz Mostert,20,193,false,top_speed,NaN,E:\2026\99_seasonTiming\04_RUA\top_speed\Race 10.pdf,2026-04-22 16:49:37
RUA,R10,1,Chaz Mostert,21,250,false,top_speed,NaN,E:\2026\99_seasonTiming\04_RUA\top_speed\Race 10.pdf,2026-04-22 16:49:37
RUA,R10,1,Chaz Mostert,22,251,false,top_speed,NaN,E:\2026\99_seasonTiming\04_RUA\top_speed\Race 10.pdf,2026-04-22 16:49:37
RUA,R10,1,Chaz Mostert,23,252,false,top_speed,NaN,E:\2026\99_seasonTiming\04_RUA\top_speed\Race 10.pdf,2026-04-22 16:49:37
RUA,R10,1,Chaz Mostert,24,252,false,top_speed,NaN,E:\2026\99_seasonTiming\04_RUA\top_speed\Race 10.pdf,2026-04-22 16:49:37
RUA,R10,1,Chaz Mostert,25,254,false,top_speed,NaN,E:\2026\99_seasonTiming\04_RUA\top_speed\Race 10.pdf,2026-04-22 16:49:37
RUA,R10,1,Chaz Mostert,26,253,false,top_speed,NaN,E:\2026\99_seasonTiming\04_RUA\top_speed\Race 10.pdf,2026-04-22 16:49:37
RUA,R10,1,Chaz Mostert,27,253,false,top_speed,NaN,E:\2026\99_seasonTiming\04_RUA\top_speed\Race 10.pdf,2026-04-22 16:49:37
RUA,R10,1,Chaz Mostert,28,253,false,top_speed,NaN,E:\2026\99_seasonTiming\04_RUA\top_speed\Race 10.pdf,2026-04-22 16:49:37
RUA,R10,1,Chaz Mostert,29,251,false,top_speed,NaN,E:\2026\99_seasonTiming\04_RUA\top_speed\Race 10.pdf,2026-04-22 16:49:37
RUA,R10,1,Chaz Mostert,30,253,false,top_speed,NaN,E:\2026\99_seasonTiming\04_RUA\top_speed\Race 10.pdf,2026-04-22 16:49:37
RUA,R10,1,Chaz Mostert,31,254,false,top_speed,NaN,E:\2026\99_seasonTiming\04_RUA\top_speed\Race 10.pdf,2026-04-22 16:49:37
RUA,R10,1,Chaz Mostert,32,254,false,top_speed,NaN,E:\2026\99_seasonTiming\04_RUA\top_speed\Race 10.pdf,2026-04-22 16:49:37
RUA,R10,1,Chaz Mostert,33,254,false,top_speed,NaN,E:\2026\99_seasonTiming\04_RUA\top_speed\Race 10.pdf,2026-04-22 16:49:37
RUA,R10,1,Chaz Mostert,34,252,false,top_speed,NaN,E:\2026\99_seasonTiming\04_RUA\top_speed\Race 10.pdf,2026-04-22 16:49:37
RUA,R10,1,Chaz Mostert,35,249,false,top_speed,NaN,E:\2026\99_seasonTiming\04_RUA\top_speed\Race 10.pdf,2026-04-22 16:49:37
RUA,R10,1,Chaz Mostert,36,245,false,top_speed,NaN,E:\2026\99_seasonTiming\04_RUA\top_speed\Race 10.pdf,2026-04-22 16:49:37
RUA,R10,1,Chaz Mostert,37,252,false,top_speed,NaN,E:\2026\99_seasonTiming\04_RUA\top_speed\Race 10.pdf,2026-04-22 16:49:37
RUA,R10,2,Ryan Wood,1,197,false,top_speed,NaN,E:\2026\99_seasonTiming\04_RUA\top_speed\Race 10.pdf,2026-04-22 16:49:37
RUA,R10,2,Ryan Wood,2,249,false,top_speed,NaN,E:\2026\99_seasonTiming\04_RUA\top_speed\Race 10.pdf,2026-04-22 16:49:37
RUA,R10,2,Ryan Wood,3,250,false,top_speed,NaN,E:\2026\99_seasonTiming\04_RUA\top_speed\Race 10.pdf,2026-04-22 16:49:37
RUA,R10,2,Ryan Wood,4,251,false,top_speed,NaN,E:\2026\99_seasonTiming\04_RUA\top_speed\Race 10.pdf,2026-04-22 16:49:37
RUA,R10,2,Ryan Wood,5,252,false,top_speed,NaN,E:\2026\99_seasonTiming\04_RUA\top_speed\Race 10.pdf,2026-04-22 16:49:37
RUA,R10,2,Ryan Wood,6,252,false,top_speed,NaN,E:\2026\99_seasonTiming\04_RUA\top_speed\Race 10.pdf,2026-04-22 16:49:37
RUA,R10,2,Ryan Wood,7,251,false,top_speed,NaN,E:\2026\99_seasonTiming\04_RUA\top_speed\Race 10.pdf,2026-04-22 16:49:37
RUA,R10,2,Ryan Wood,8,251,false,top_speed,NaN,E:\2026\99_seasonTiming\04_RUA\top_speed\Race 10.pdf,2026-04-22 16:49:37
RUA,R10,2,Ryan Wood,9,251,false,top_speed,NaN,E:\2026\99_seasonTiming\04_RUA\top_speed\Race 10.pdf,2026-04-22 16:49:37
RUA,R10,2,Ryan Wood,10,251,false,top_speed,NaN,E:\2026\99_seasonTiming\04_RUA\top_speed\Race 10.pdf,2026-04-22 16:49:37
RUA,R10,2,Ryan Wood,11,251,false,top_speed,NaN,E:\2026\99_seasonTiming\04_RUA\top_speed\Race 10.pdf,2026-04-22 16:49:37
RUA,R10,2,Ryan Wood,12,250,false,top_speed,NaN,E:\2026\99_seasonTiming\04_RUA\top_speed\Race 10.pdf,2026-04-22 16:49:37
RUA,R10,2,Ryan Wood,13,250,false,top_speed,NaN,E:\2026\99_seasonTiming\04_RUA\top_speed\Race 10.pdf,2026-04-22 16:49:37
RUA,R10,2,Ryan Wood,14,249,false,top_speed,NaN,E:\2026\99_seasonTiming\04_RUA\top_speed\Race 10.pdf,2026-04-22 16:49:37
RUA,R10,2,Ryan Wood,15,251,false,top_speed,NaN,E:\2026\99_seasonTiming\04_RUA\top_speed\Race 10.pdf,2026-04-22 16:49:37
RUA,R10,2,Ryan Wood,16,251,false,top_speed,NaN,E:\2026\99_seasonTiming\04_RUA\top_speed\Race 10.pdf,2026-04-22 16:49:37
RUA,R10,2,Ryan Wood,17,252,false,top_speed,NaN,E:\2026\99_seasonTiming\04_RUA\top_speed\Race 10.pdf,2026-04-22 16:49:37
RUA,R10,2,Ryan Wood,18,252,false,top_speed,NaN,E:\2026\99_seasonTiming\04_RUA\top_speed\Race 10.pdf,2026-04-22 16:49:37
RUA,R10,2,Ryan Wood,19,251,false,top_speed,NaN,E:\2026\99_seasonTiming\04_RUA\top_speed\Race 10.pdf,2026-04-22 16:49:37
RUA,R10,2,Ryan Wood,20,252,false,top_speed,NaN,E:\2026\99_seasonTiming\04_RUA\top_speed\Race 10.pdf,2026-04-22 16:49:37
RUA,R10,2,Ryan Wood,21,192,false,top_speed,NaN,E:\2026\99_seasonTiming\04_RUA\top_speed\Race 10.pdf,2026-04-22 16:49:37
RUA,R10,2,Ryan Wood,22,250,false,top_speed,NaN,E:\2026\99_seasonTiming\04_RUA\top_speed\Race 10.pdf,2026-04-22 16:49:37
RUA,R10,2,Ryan Wood,23,252,false,top_speed,NaN,E:\2026\99_seasonTiming\04_RUA\top_speed\Race 10.pdf,2026-04-22 16:49:37
RUA,R10,2,Ryan Wood,24,252,false,top_speed,NaN,E:\2026\99_seasonTiming\04_RUA\top_speed\Race 10.pdf,2026-04-22 16:49:37
RUA,R10,2,Ryan Wood,25,252,false,top_speed,NaN,E:\2026\99_seasonTiming\04_RUA\top_speed\Race 10.pdf,2026-04-22 16:49:37
RUA,R10,2,Ryan Wood,26,253,false,top_speed,NaN,E:\2026\99_seasonTiming\04_RUA\top_speed\Race 10.pdf,2026-04-22 16:49:37
RUA,R10,2,Ryan Wood,27,252,false,top_speed,NaN,E:\2026\99_seasonTiming\04_RUA\top_speed\Race 10.pdf,2026-04-22 16:49:37
RUA,R10,2,Ryan Wood,28,252,false,top_speed,NaN,E:\2026\99_seasonTiming\04_RUA\top_speed\Race 10.pdf,2026-04-22 16:49:37
RUA,R10,2,Ryan Wood,29,253,false,top_speed,NaN,E:\2026\99_seasonTiming\04_RUA\top_speed\Race 10.pdf,2026-04-22 16:49:37
RUA,R10,2,Ryan Wood,30,253,false,top_speed,NaN,E:\2026\99_seasonTiming\04_RUA\top_speed\Race 10.pdf,2026-04-22 16:49:37
RUA,R10,2,Ryan Wood,31,254,false,top_speed,NaN,E:\2026\99_seasonTiming\04_RUA\top_speed\Race 10.pdf,2026-04-22 16:49:37
RUA,R10,2,Ryan Wood,32,254,false,top_speed,NaN,E:\2026\99_seasonTiming\04_RUA\top_speed\Race 10.pdf,2026-04-22 16:49:37
RUA,R10,2,Ryan Wood,33,254,false,top_speed,NaN,E:\2026\99_seasonTiming\04_RUA\top_speed\Race 10.pdf,2026-04-22 16:49:37
RUA,R10,2,Ryan Wood,34,255,false,top_speed,NaN,E:\2026\99_seasonTiming\04_RUA\top_speed\Race 10.pdf,2026-04-22 16:49:37
RUA,R10,2,Ryan Wood,35,255,false,top_speed,NaN,E:\2026\99_seasonTiming\04_RUA\top_speed\Race 10.pdf,2026-04-22 16:49:37
RUA,R10,2,Ryan Wood,36,256,false,top_speed,NaN,E:\2026\99_seasonTiming\04_RUA\top_speed\Race 10.pdf,2026-04-22 16:49:37
RUA,R10,2,Ryan Wood,37,254,false,top_speed,NaN,E:\2026\99_seasonTiming\04_RUA\top_speed\Race 10.pdf,2026-04-22 16:49:37
RUA,R10,3,Aaron Cameron,1,210,false,top_speed,NaN,E:\2026\99_seasonTiming\04_RUA\top_speed\Race 10.pdf,2026-04-22 16:49:37
RUA,R10,3,Aaron Cameron,2,243,false,top_speed,NaN,E:\2026\99_seasonTiming\04_RUA\top_speed\Race 10.pdf,2026-04-22 16:49:37
RUA,R10,3,Aaron Cameron,3,250,false,top_speed,NaN,E:\2026\99_seasonTiming\04_RUA\top_speed\Race 10.pdf,2026-04-22 16:49:37
RUA,R10,3,Aaron Cameron,4,251,false,top_speed,NaN,E:\2026\99_seasonTiming\04_RUA\top_speed\Race 10.pdf,2026-04-22 16:49:37
RUA,R10,3,Aaron Cameron,5,247,false,top_speed,NaN,E:\2026\99_seasonTiming\04_RUA\top_speed\Race 10.pdf,2026-04-22 16:49:37
RUA,R10,3,Aaron Cameron,6,239,false,top_speed,NaN,E:\2026\99_seasonTiming\04_RUA\top_speed\Race 10.pdf,2026-04-22 16:49:37
RUA,R10,3,Aaron Cameron,7,248,false,top_speed,NaN,E:\2026\99_seasonTiming\04_RUA\top_speed\Race 10.pdf,2026-04-22 16:49:37
RUA,R10,3,Aaron Cameron,8,249,false,top_speed,NaN,E:\2026\99_seasonTiming\04_RUA\top_speed\Race 10.pdf,2026-04-22 16:49:37
RUA,R10,3,Aaron Cameron,9,249,false,top_speed,NaN,E:\2026\99_seasonTiming\04_RUA\top_speed\Race 10.pdf,2026-04-22 16:49:37
RUA,R10,3,Aaron Cameron,10,249,false,top_speed,NaN,E:\2026\99_seasonTiming\04_RUA\top_speed\Race 10.pdf,2026-04-22 16:49:37
RUA,R10,3,Aaron Cameron,11,249,false,top_speed,NaN,E:\2026\99_seasonTiming\04_RUA\top_speed\Race 10.pdf,2026-04-22 16:49:37
RUA,R10,3,Aaron Cameron,12,248,false,top_speed,NaN,E:\2026\99_seasonTiming\04_RUA\top_speed\Race 10.pdf,2026-04-22 16:49:37
RUA,R10,3,Aaron Cameron,13,190,false,top_speed,NaN,E:\2026\99_seasonTiming\04_RUA\top_speed\Race 10.pdf,2026-04-22 16:49:37
RUA,R10,3,Aaron Cameron,14,247,false,top_speed,NaN,E:\2026\99_seasonTiming\04_RUA\top_speed\Race 10.pdf,2026-04-22 16:49:37
RUA,R10,3,Aaron Cameron,15,248,false,top_speed,NaN,E:\2026\99_seasonTiming\04_RUA\top_speed\Race 10.pdf,2026-04-22 16:49:37
RUA,R10,3,Aaron Cameron,16,249,false,top_speed,NaN,E:\2026\99_seasonTiming\04_RUA\top_speed\Race 10.pdf,2026-04-22 16:49:37
RUA,R10,3,Aaron Cameron,17,250,false,top_speed,NaN,E:\2026\99_seasonTiming\04_RUA\top_speed\Race 10.pdf,2026-04-22 16:49:37
RUA,R10,3,Aaron Cameron,18,251,false,top_speed,NaN,E:\2026\99_seasonTiming\04_RUA\top_speed\Race 10.pdf,2026-04-22 16:49:37
RUA,R10,3,Aaron Cameron,19,252,false,top_speed,NaN,E:\2026\99_seasonTiming\04_RUA\top_speed\Race 10.pdf,2026-04-22 16:49:37
RUA,R10,3,Aaron Cameron,20,249,false,top_speed,NaN,E:\2026\99_seasonTiming\04_RUA\top_speed\Race 10.pdf,2026-04-22 16:49:37
RUA,R10,3,Aaron Cameron,21,249,false,top_speed,NaN,E:\2026\99_seasonTiming\04_RUA\top_speed\Race 10.pdf,2026-04-22 16:49:37
RUA,R10,3,Aaron Cameron,22,232,false,top_speed,NaN,E:\2026\99_seasonTiming\04_RUA\top_speed\Race 10.pdf,2026-04-22 16:49:37
RUA,R10,3,Aaron Cameron,23,252,false,top_speed,NaN,E:\2026\99_seasonTiming\04_RUA\top_speed\Race 10.pdf,2026-04-22 16:49:37
RUA,R10,3,Aaron Cameron,24,238,false,top_speed,NaN,E:\2026\99_seasonTiming\04_RUA\top_speed\Race 10.pdf,2026-04-22 16:49:37
RUA,R10,3,Aaron Cameron,25,252,false,top_speed,NaN,E:\2026\99_seasonTiming\04_RUA\top_speed\Race 10.pdf,2026-04-22 16:49:37
RUA,R10,3,Aaron Cameron,26,251,false,top_speed,NaN,E:\2026\99_seasonTiming\04_RUA\top_speed\Race 10.pdf,2026-04-22 16:49:37
RUA,R10,3,Aaron Cameron,27,253,false,top_speed,NaN,E:\2026\99_seasonTiming\04_RUA\top_speed\Race 10.pdf,2026-04-22 16:49:37
RUA,R10,3,Aaron Cameron,28,252,false,top_speed,NaN,E:\2026\99_seasonTiming\04_RUA\top_speed\Race 10.pdf,2026-04-22 16:49:37
RUA,R10,3,Aaron Cameron,29,251,false,top_speed,NaN,E:\2026\99_seasonTiming\04_RUA\top_speed\Race 10.pdf,2026-04-22 16:49:37
RUA,R10,3,Aaron Cameron,30,252,false,top_speed,NaN,E:\2026\99_seasonTiming\04_RUA\top_speed\Race 10.pdf,2026-04-22 16:49:37
RUA,R10,3,Aaron Cameron,31,252,false,top_speed,NaN,E:\2026\99_seasonTiming\04_RUA\top_speed\Race 10.pdf,2026-04-22 16:49:37
RUA,R10,3,Aaron Cameron,32,252,false,top_speed,NaN,E:\2026\99_seasonTiming\04_RUA\top_speed\Race 10.pdf,2026-04-22 16:49:37
RUA,R10,3,Aaron Cameron,33,253,false,top_speed,NaN,E:\2026\99_seasonTiming\04_RUA\top_speed\Race 10.pdf,2026-04-22 16:49:37
RUA,R10,3,Aaron Cameron,34,252,false,top_speed,NaN,E:\2026\99_seasonTiming\04_RUA\top_speed\Race 10.pdf,2026-04-22 16:49:37
RUA,R10,3,Aaron Cameron,35,252,false,top_speed,NaN,E:\2026\99_seasonTiming\04_RUA\top_speed\Race 10.pdf,2026-04-22 16:49:37
RUA,R10,3,Aaron Cameron,36,253,false,top_speed,NaN,E:\2026\99_seasonTiming\04_RUA\top_speed\Race 10.pdf,2026-04-22 16:49:37
RUA,R10,3,Aaron Cameron,37,252,false,top_speed,NaN,E:\2026\99_seasonTiming\04_RUA\top_speed\Race 10.pdf,2026-04-22 16:49:37
RUA,R10,4,Jack Le Brocq,1,208,false,top_speed,NaN,E:\2026\99_seasonTiming\04_RUA\top_speed\Race 10.pdf,2026-04-22 16:49:37
RUA,R10,4,Jack Le Brocq,2,237,false,top_speed,NaN,E:\2026\99_seasonTiming\04_RUA\top_speed\Race 10.pdf,2026-04-22 16:49:37
RUA,R10,4,Jack Le Brocq,3,232,false,top_speed,NaN,E:\2026\99_seasonTiming\04_RUA\top_speed\Race 10.pdf,2026-04-22 16:49:37
RUA,R10,4,Jack Le Brocq,4,242,false,top_speed,NaN,E:\2026\99_seasonTiming\04_RUA\top_speed\Race 10.pdf,2026-04-22 16:49:37
RUA,R10,4,Jack Le Brocq,5,234,false,top_speed,NaN,E:\2026\99_seasonTiming\04_RUA\top_speed\Race 10.pdf,2026-04-22 16:49:37
RUA,R10,4,Jack Le Brocq,6,250,false,top_speed,NaN,E:\2026\99_seasonTiming\04_RUA\top_speed\Race 10.pdf,2026-04-22 16:49:37
RUA,R10,4,Jack Le Brocq,7,247,false,top_speed,NaN,E:\2026\99_seasonTiming\04_RUA\top_speed\Race 10.pdf,2026-04-22 16:49:37
RUA,R10,4,Jack Le Brocq,8,251,false,top_speed,NaN,E:\2026\99_seasonTiming\04_RUA\top_speed\Race 10.pdf,2026-04-22 16:49:37
RUA,R10,4,Jack Le Brocq,9,252,false,top_speed,NaN,E:\2026\99_seasonTiming\04_RUA\top_speed\Race 10.pdf,2026-04-22 16:49:37
RUA,R10,4,Jack Le Brocq,10,246,false,top_speed,NaN,E:\2026\99_seasonTiming\04_RUA\top_speed\Race 10.pdf,2026-04-22 16:49:37
RUA,R10,4,Jack Le Brocq,11,249,false,top_speed,NaN,E:\2026\99_seasonTiming\04_RUA\top_speed\Race 10.pdf,2026-04-22 16:49:37
RUA,R10,4,Jack Le Brocq,12,250,false,top_speed,NaN,E:\2026\99_seasonTiming\04_RUA\top_speed\Race 10.pdf,2026-04-22 16:49:37
RUA,R10,4,Jack Le Brocq,13,252,false,top_speed,NaN,E:\2026\99_seasonTiming\04_RUA\top_speed\Race 10.pdf,2026-04-22 16:49:37
RUA,R10,4,Jack Le Brocq,14,253,false,top_speed,NaN,E:\2026\99_seasonTiming\04_RUA\top_speed\Race 10.pdf,2026-04-22 16:49:37
RUA,R10,4,Jack Le Brocq,15,190,false,top_speed,NaN,E:\2026\99_seasonTiming\04_RUA\top_speed\Race 10.pdf,2026-04-22 16:49:37
RUA,R10,4,Jack Le Brocq,16,249,false,top_speed,NaN,E:\2026\99_seasonTiming\04_RUA\top_speed\Race 10.pdf,2026-04-22 16:49:37
RUA,R10,4,Jack Le Brocq,17,250,false,top_speed,NaN,E:\2026\99_seasonTiming\04_RUA\top_speed\Race 10.pdf,2026-04-22 16:49:37
RUA,R10,4,Jack Le Brocq,18,250,false,top_speed,NaN,E:\2026\99_seasonTiming\04_RUA\top_speed\Race 10.pdf,2026-04-22 16:49:37
RUA,R10,4,Jack Le Brocq,19,244,false,top_speed,NaN,E:\2026\99_seasonTiming\04_RUA\top_speed\Race 10.pdf,2026-04-22 16:49:37
RUA,R10,4,Jack Le Brocq,20,249,false,top_speed,NaN,E:\2026\99_seasonTiming\04_RUA\top_speed\Race 10.pdf,2026-04-22 16:49:37
RUA,R10,4,Jack Le Brocq,21,248,false,top_speed,NaN,E:\2026\99_seasonTiming\04_RUA\top_speed\Race 10.pdf,2026-04-22 16:49:37
RUA,R10,4,Jack Le Brocq,22,236,false,top_speed,NaN,E:\2026\99_seasonTiming\04_RUA\top_speed\Race 10.pdf,2026-04-22 16:49:37
RUA,R10,4,Jack Le Brocq,23,242,false,top_speed,NaN,E:\2026\99_seasonTiming\04_RUA\top_speed\Race 10.pdf,2026-04-22 16:49:37
RUA,R10,4,Jack Le Brocq,24,234,false,top_speed,NaN,E:\2026\99_seasonTiming\04_RUA\top_speed\Race 10.pdf,2026-04-22 16:49:37
RUA,R10,4,Jack Le Brocq,25,253,false,top_speed,NaN,E:\2026\99_seasonTiming\04_RUA\top_speed\Race 10.pdf,2026-04-22 16:49:37
RUA,R10,4,Jack Le Brocq,26,251,false,top_speed,NaN,E:\2026\99_seasonTiming\04_RUA\top_speed\Race 10.pdf,2026-04-22 16:49:37
RUA,R10,4,Jack Le Brocq,27,251,false,top_speed,NaN,E:\2026\99_seasonTiming\04_RUA\top_speed\Race 10.pdf,2026-04-22 16:49:37
RUA,R10,4,Jack Le Brocq,28,248,false,top_speed,NaN,E:\2026\99_seasonTiming\04_RUA\top_speed\Race 10.pdf,2026-04-22 16:49:37
RUA,R10,4,Jack Le Brocq,29,251,false,top_speed,NaN,E:\2026\99_seasonTiming\04_RUA\top_speed\Race 10.pdf,2026-04-22 16:49:37
RUA,R10,4,Jack Le Brocq,30,250,false,top_speed,NaN,E:\2026\99_seasonTiming\04_RUA\top_speed\Race 10.pdf,2026-04-22 16:49:37
RUA,R10,4,Jack Le Brocq,31,252,false,top_speed,NaN,E:\2026\99_seasonTiming\04_RUA\top_speed\Race 10.pdf,2026-04-22 16:49:37
RUA,R10,4,Jack Le Brocq,32,252,false,top_speed,NaN,E:\2026\99_seasonTiming\04_RUA\top_speed\Race 10.pdf,2026-04-22 16:49:37
RUA,R10,4,Jack Le Brocq,33,251,false,top_speed,NaN,E:\2026\99_seasonTiming\04_RUA\top_speed\Race 10.pdf,2026-04-22 16:49:37
RUA,R10,4,Jack Le Brocq,34,251,false,top_speed,NaN,E:\2026\99_seasonTiming\04_RUA\top_speed\Race 10.pdf,2026-04-22 16:49:37
RUA,R10,4,Jack Le Brocq,35,252,false,top_speed,NaN,E:\2026\99_seasonTiming\04_RUA\top_speed\Race 10.pdf,2026-04-22 16:49:37
RUA,R10,4,Jack Le Brocq,36,251,false,top_speed,NaN,E:\2026\99_seasonTiming\04_RUA\top_speed\Race 10.pdf,2026-04-22 16:49:37
RUA,R10,4,Jack Le Brocq,37,251,false,top_speed,NaN,E:\2026\99_seasonTiming\04_RUA\top_speed\Race 10.pdf,2026-04-22 16:49:37
RUA,R10,6,Cameron Waters,1,190,false,top_speed,NaN,E:\2026\99_seasonTiming\04_RUA\top_speed\Race 10.pdf,2026-04-22 16:49:37
RUA,R10,6,Cameron Waters,2,231,false,top_speed,NaN,E:\2026\99_seasonTiming\04_RUA\top_speed\Race 10.pdf,2026-04-22 16:49:37
RUA,R10,6,Cameron Waters,3,235,false,top_speed,NaN,E:\2026\99_seasonTiming\04_RUA\top_speed\Race 10.pdf,2026-04-22 16:49:37
RUA,R10,6,Cameron Waters,4,249,false,top_speed,NaN,E:\2026\99_seasonTiming\04_RUA\top_speed\Race 10.pdf,2026-04-22 16:49:37
RUA,R10,6,Cameron Waters,5,251,false,top_speed,NaN,E:\2026\99_seasonTiming\04_RUA\top_speed\Race 10.pdf,2026-04-22 16:49:37
RUA,R10,6,Cameron Waters,6,252,false,top_speed,NaN,E:\2026\99_seasonTiming\04_RUA\top_speed\Race 10.pdf,2026-04-22 16:49:37
RUA,R10,6,Cameron Waters,7,251,false,top_speed,NaN,E:\2026\99_seasonTiming\04_RUA\top_speed\Race 10.pdf,2026-04-22 16:49:37
RUA,R10,6,Cameron Waters,8,245,false,top_speed,NaN,E:\2026\99_seasonTiming\04_RUA\top_speed\Race 10.pdf,2026-04-22 16:49:37
RUA,R10,6,Cameron Waters,9,252,false,top_speed,NaN,E:\2026\99_seasonTiming\04_RUA\top_speed\Race 10.pdf,2026-04-22 16:49:37
RUA,R10,6,Cameron Waters,10,252,false,top_speed,NaN,E:\2026\99_seasonTiming\04_RUA\top_speed\Race 10.pdf,2026-04-22 16:49:37
RUA,R10,6,Cameron Waters,11,251,false,top_speed,NaN,E:\2026\99_seasonTiming\04_RUA\top_speed\Race 10.pdf,2026-04-22 16:49:37
RUA,R10,6,Cameron Waters,12,248,false,top_speed,NaN,E:\2026\99_seasonTiming\04_RUA\top_speed\Race 10.pdf,2026-04-22 16:49:37
RUA,R10,6,Cameron Waters,13,244,false,top_speed,NaN,E:\2026\99_seasonTiming\04_RUA\top_speed\Race 10.pdf,2026-04-22 16:49:37
RUA,R10,6,Cameron Waters,14,247,false,top_speed,NaN,E:\2026\99_seasonTiming\04_RUA\top_speed\Race 10.pdf,2026-04-22 16:49:37
RUA,R10,6,Cameron Waters,15,251,false,top_speed,NaN,E:\2026\99_seasonTiming\04_RUA\top_speed\Race 10.pdf,2026-04-22 16:49:37
RUA,R10,6,Cameron Waters,16,250,false,top_speed,NaN,E:\2026\99_seasonTiming\04_RUA\top_speed\Race 10.pdf,2026-04-22 16:49:37
RUA,R10,6,Cameron Waters,17,252,false,top_speed,NaN,E:\2026\99_seasonTiming\04_RUA\top_speed\Race 10.pdf,2026-04-22 16:49:37
RUA,R10,6,Cameron Waters,18,252,false,top_speed,NaN,E:\2026\99_seasonTiming\04_RUA\top_speed\Race 10.pdf,2026-04-22 16:49:37
RUA,R10,6,Cameron Waters,19,249,false,top_speed,NaN,E:\2026\99_seasonTiming\04_RUA\top_speed\Race 10.pdf,2026-04-22 16:49:37
RUA,R10,6,Cameron Waters,20,192,false,top_speed,NaN,E:\2026\99_seasonTiming\04_RUA\top_speed\Race 10.pdf,2026-04-22 16:49:37
RUA,R10,6,Cameron Waters,21,241,false,top_speed,NaN,E:\2026\99_seasonTiming\04_RUA\top_speed\Race 10.pdf,2026-04-22 16:49:37
RUA,R10,6,Cameron Waters,22,250,false,top_speed,NaN,E:\2026\99_seasonTiming\04_RUA\top_speed\Race 10.pdf,2026-04-22 16:49:37
RUA,R10,6,Cameron Waters,23,251,false,top_speed,NaN,E:\2026\99_seasonTiming\04_RUA\top_speed\Race 10.pdf,2026-04-22 16:49:37
RUA,R10,6,Cameron Waters,24,251,false,top_speed,NaN,E:\2026\99_seasonTiming\04_RUA\top_speed\Race 10.pdf,2026-04-22 16:49:37
RUA,R10,6,Cameron Waters,25,252,false,top_speed,NaN,E:\2026\99_seasonTiming\04_RUA\top_speed\Race 10.pdf,2026-04-22 16:49:37
RUA,R10,6,Cameron Waters,26,251,false,top_speed,NaN,E:\2026\99_seasonTiming\04_RUA\top_speed\Race 10.pdf,2026-04-22 16:49:37
RUA,R10,6,Cameron Waters,27,251,false,top_speed,NaN,E:\2026\99_seasonTiming\04_RUA\top_speed\Race 10.pdf,2026-04-22 16:49:37
RUA,R10,6,Cameron Waters,28,251,false,top_speed,NaN,E:\2026\99_seasonTiming\04_RUA\top_speed\Race 10.pdf,2026-04-22 16:49:37
RUA,R10,6,Cameron Waters,29,252,false,top_speed,NaN,E:\2026\99_seasonTiming\04_RUA\top_speed\Race 10.pdf,2026-04-22 16:49:37
RUA,R10,6,Cameron Waters,30,251,false,top_speed,NaN,E:\2026\99_seasonTiming\04_RUA\top_speed\Race 10.pdf,2026-04-22 16:49:37
RUA,R10,6,Cameron Waters,31,250,false,top_speed,NaN,E:\2026\99_seasonTiming\04_RUA\top_speed\Race 10.pdf,2026-04-22 16:49:37
RUA,R10,6,Cameron Waters,32,254,false,top_speed,NaN,E:\2026\99_seasonTiming\04_RUA\top_speed\Race 10.pdf,2026-04-22 16:49:37
RUA,R10,6,Cameron Waters,33,252,false,top_speed,NaN,E:\2026\99_seasonTiming\04_RUA\top_speed\Race 10.pdf,2026-04-22 16:49:37
RUA,R10,6,Cameron Waters,34,253,false,top_speed,NaN,E:\2026\99_seasonTiming\04_RUA\top_speed\Race 10.pdf,2026-04-22 16:49:37
RUA,R10,6,Cameron Waters,35,245,false,top_speed,NaN,E:\2026\99_seasonTiming\04_RUA\top_speed\Race 10.pdf,2026-04-22 16:49:37
RUA,R10,6,Cameron Waters,36,246,false,top_speed,NaN,E:\2026\99_seasonTiming\04_RUA\top_speed\Race 10.pdf,2026-04-22 16:49:37
RUA,R10,6,Cameron Waters,37,247,false,top_speed,NaN,E:\2026\99_seasonTiming\04_RUA\top_speed\Race 10.pdf,2026-04-22 16:49:37
RUA,R10,7,James Golding,1,191,false,top_speed,NaN,E:\2026\99_seasonTiming\04_RUA\top_speed\Race 10.pdf,2026-04-22 16:49:37
RUA,R10,7,James Golding,2,237,false,top_speed,NaN,E:\2026\99_seasonTiming\04_RUA\top_speed\Race 10.pdf,2026-04-22 16:49:37
RUA,R10,7,James Golding,3,247,false,top_speed,NaN,E:\2026\99_seasonTiming\04_RUA\top_speed\Race 10.pdf,2026-04-22 16:49:37
RUA,R10,7,James Golding,4,251,false,top_speed,NaN,E:\2026\99_seasonTiming\04_RUA\top_speed\Race 10.pdf,2026-04-22 16:49:37
RUA,R10,7,James Golding,5,251,false,top_speed,NaN,E:\2026\99_seasonTiming\04_RUA\top_speed\Race 10.pdf,2026-04-22 16:49:37
RUA,R10,7,James Golding,6,251,false,top_speed,NaN,E:\2026\99_seasonTiming\04_RUA\top_speed\Race 10.pdf,2026-04-22 16:49:37
RUA,R10,7,James Golding,7,253,false,top_speed,NaN,E:\2026\99_seasonTiming\04_RUA\top_speed\Race 10.pdf,2026-04-22 16:49:37
RUA,R10,7,James Golding,8,248,false,top_speed,NaN,E:\2026\99_seasonTiming\04_RUA\top_speed\Race 10.pdf,2026-04-22 16:49:37
RUA,R10,7,James Golding,9,254,false,top_speed,NaN,E:\2026\99_seasonTiming\04_RUA\top_speed\Race 10.pdf,2026-04-22 16:49:37
RUA,R10,7,James Golding,10,250,false,top_speed,NaN,E:\2026\99_seasonTiming\04_RUA\top_speed\Race 10.pdf,2026-04-22 16:49:37
RUA,R10,7,James Golding,11,247,false,top_speed,NaN,E:\2026\99_seasonTiming\04_RUA\top_speed\Race 10.pdf,2026-04-22 16:49:37
RUA,R10,7,James Golding,12,246,false,top_speed,NaN,E:\2026\99_seasonTiming\04_RUA\top_speed\Race 10.pdf,2026-04-22 16:49:37
RUA,R10,7,James Golding,13,248,false,top_speed,NaN,E:\2026\99_seasonTiming\04_RUA\top_speed\Race 10.pdf,2026-04-22 16:49:37
RUA,R10,7,James Golding,14,247,false,top_speed,NaN,E:\2026\99_seasonTiming\04_RUA\top_speed\Race 10.pdf,2026-04-22 16:49:37
RUA,R10,7,James Golding,15,193,false,top_speed,NaN,E:\2026\99_seasonTiming\04_RUA\top_speed\Race 10.pdf,2026-04-22 16:49:37
RUA,R10,7,James Golding,16,251,false,top_speed,NaN,E:\2026\99_seasonTiming\04_RUA\top_speed\Race 10.pdf,2026-04-22 16:49:37
RUA,R10,7,James Golding,17,251,false,top_speed,NaN,E:\2026\99_seasonTiming\04_RUA\top_speed\Race 10.pdf,2026-04-22 16:49:37
RUA,R10,7,James Golding,18,252,false,top_speed,NaN,E:\2026\99_seasonTiming\04_RUA\top_speed\Race 10.pdf,2026-04-22 16:49:37
RUA,R10,7,James Golding,19,252,false,top_speed,NaN,E:\2026\99_seasonTiming\04_RUA\top_speed\Race 10.pdf,2026-04-22 16:49:37
RUA,R10,7,James Golding,20,251,false,top_speed,NaN,E:\2026\99_seasonTiming\04_RUA\top_speed\Race 10.pdf,2026-04-22 16:49:37
RUA,R10,7,James Golding,21,251,false,top_speed,NaN,E:\2026\99_seasonTiming\04_RUA\top_speed\Race 10.pdf,2026-04-22 16:49:37
RUA,R10,7,James Golding,22,251,false,top_speed,NaN,E:\2026\99_seasonTiming\04_RUA\top_speed\Race 10.pdf,2026-04-22 16:49:37
RUA,R10,7,James Golding,23,252,false,top_speed,NaN,E:\2026\99_seasonTiming\04_RUA\top_speed\Race 10.pdf,2026-04-22 16:49:37
RUA,R10,7,James Golding,24,252,false,top_speed,NaN,E:\2026\99_seasonTiming\04_RUA\top_speed\Race 10.pdf,2026-04-22 16:49:37
RUA,R10,7,James Golding,25,252,false,top_speed,NaN,E:\2026\99_seasonTiming\04_RUA\top_speed\Race 10.pdf,2026-04-22 16:49:37
RUA,R10,7,James Golding,26,252,false,top_speed,NaN,E:\2026\99_seasonTiming\04_RUA\top_speed\Race 10.pdf,2026-04-22 16:49:37
RUA,R10,7,James Golding,27,252,false,top_speed,NaN,E:\2026\99_seasonTiming\04_RUA\top_speed\Race 10.pdf,2026-04-22 16:49:37
RUA,R10,7,James Golding,28,252,false,top_speed,NaN,E:\2026\99_seasonTiming\04_RUA\top_speed\Race 10.pdf,2026-04-22 16:49:37
RUA,R10,7,James Golding,29,252,false,top_speed,NaN,E:\2026\99_seasonTiming\04_RUA\top_speed\Race 10.pdf,2026-04-22 16:49:37
RUA,R10,7,James Golding,30,254,false,top_speed,NaN,E:\2026\99_seasonTiming\04_RUA\top_speed\Race 10.pdf,2026-04-22 16:49:37
RUA,R10,7,James Golding,31,254,false,top_speed,NaN,E:\2026\99_seasonTiming\04_RUA\top_speed\Race 10.pdf,2026-04-22 16:49:37
RUA,R10,7,James Golding,32,254,false,top_speed,NaN,E:\2026\99_seasonTiming\04_RUA\top_speed\Race 10.pdf,2026-04-22 16:49:37
RUA,R10,7,James Golding,33,254,false,top_speed,NaN,E:\2026\99_seasonTiming\04_RUA\top_speed\Race 10.pdf,2026-04-22 16:49:37
RUA,R10,7,James Golding,34,254,false,top_speed,NaN,E:\2026\99_seasonTiming\04_RUA\top_speed\Race 10.pdf,2026-04-22 16:49:37
RUA,R10,7,James Golding,35,255,false,top_speed,NaN,E:\2026\99_seasonTiming\04_RUA\top_speed\Race 10.pdf,2026-04-22 16:49:37
RUA,R10,7,James Golding,36,254,false,top_speed,NaN,E:\2026\99_seasonTiming\04_RUA\top_speed\Race 10.pdf,2026-04-22 16:49:37
RUA,R10,7,James Golding,37,253,false,top_speed,NaN,E:\2026\99_seasonTiming\04_RUA\top_speed\Race 10.pdf,2026-04-22 16:49:37
RUA,R10,8,Andre Heimgartner,1,205,false,top_speed,NaN,E:\2026\99_seasonTiming\04_RUA\top_speed\Race 10.pdf,2026-04-22 16:49:37
RUA,R10,8,Andre Heimgartner,2,232,false,top_speed,NaN,E:\2026\99_seasonTiming\04_RUA\top_speed\Race 10.pdf,2026-04-22 16:49:37
RUA,R10,8,Andre Heimgartner,3,243,false,top_speed,NaN,E:\2026\99_seasonTiming\04_RUA\top_speed\Race 10.pdf,2026-04-22 16:49:37
RUA,R10,8,Andre Heimgartner,4,247,false,top_speed,NaN,E:\2026\99_seasonTiming\04_RUA\top_speed\Race 10.pdf,2026-04-22 16:49:37
RUA,R10,8,Andre Heimgartner,5,238,false,top_speed,NaN,E:\2026\99_seasonTiming\04_RUA\top_speed\Race 10.pdf,2026-04-22 16:49:37
RUA,R10,8,Andre Heimgartner,6,250,false,top_speed,NaN,E:\2026\99_seasonTiming\04_RUA\top_speed\Race 10.pdf,2026-04-22 16:49:37
RUA,R10,8,Andre Heimgartner,7,252,false,top_speed,NaN,E:\2026\99_seasonTiming\04_RUA\top_speed\Race 10.pdf,2026-04-22 16:49:37
RUA,R10,8,Andre Heimgartner,8,248,false,top_speed,NaN,E:\2026\99_seasonTiming\04_RUA\top_speed\Race 10.pdf,2026-04-22 16:49:37
RUA,R10,8,Andre Heimgartner,9,252,false,top_speed,NaN,E:\2026\99_seasonTiming\04_RUA\top_speed\Race 10.pdf,2026-04-22 16:49:37
RUA,R10,8,Andre Heimgartner,10,252,false,top_speed,NaN,E:\2026\99_seasonTiming\04_RUA\top_speed\Race 10.pdf,2026-04-22 16:49:37
RUA,R10,8,Andre Heimgartner,11,251,false,top_speed,NaN,E:\2026\99_seasonTiming\04_RUA\top_speed\Race 10.pdf,2026-04-22 16:49:37
RUA,R10,8,Andre Heimgartner,12,251,false,top_speed,NaN,E:\2026\99_seasonTiming\04_RUA\top_speed\Race 10.pdf,2026-04-22 16:49:37
RUA,R10,8,Andre Heimgartner,13,250,false,top_speed,NaN,E:\2026\99_seasonTiming\04_RUA\top_speed\Race 10.pdf,2026-04-22 16:49:37
RUA,R10,8,Andre Heimgartner,14,250,false,top_speed,NaN,E:\2026\99_seasonTiming\04_RUA\top_speed\Race 10.pdf,2026-04-22 16:49:37
RUA,R10,8,Andre Heimgartner,15,251,false,top_speed,NaN,E:\2026\99_seasonTiming\04_RUA\top_speed\Race 10.pdf,2026-04-22 16:49:37
RUA,R10,8,Andre Heimgartner,16,252,false,top_speed,NaN,E:\2026\99_seasonTiming\04_RUA\top_speed\Race 10.pdf,2026-04-22 16:49:37
RUA,R10,8,Andre Heimgartner,17,251,false,top_speed,NaN,E:\2026\99_seasonTiming\04_RUA\top_speed\Race 10.pdf,2026-04-22 16:49:37
RUA,R10,8,Andre Heimgartner,18,253,false,top_speed,NaN,E:\2026\99_seasonTiming\04_RUA\top_speed\Race 10.pdf,2026-04-22 16:49:37
RUA,R10,8,Andre Heimgartner,19,252,false,top_speed,NaN,E:\2026\99_seasonTiming\04_RUA\top_speed\Race 10.pdf,2026-04-22 16:49:37
RUA,R10,8,Andre Heimgartner,20,252,false,top_speed,NaN,E:\2026\99_seasonTiming\04_RUA\top_speed\Race 10.pdf,2026-04-22 16:49:37
RUA,R10,8,Andre Heimgartner,21,250,false,top_speed,NaN,E:\2026\99_seasonTiming\04_RUA\top_speed\Race 10.pdf,2026-04-22 16:49:37
RUA,R10,8,Andre Heimgartner,22,250,false,top_speed,NaN,E:\2026\99_seasonTiming\04_RUA\top_speed\Race 10.pdf,2026-04-22 16:49:37
RUA,R10,8,Andre Heimgartner,23,248,false,top_speed,NaN,E:\2026\99_seasonTiming\04_RUA\top_speed\Race 10.pdf,2026-04-22 16:49:37
RUA,R10,8,Andre Heimgartner,24,191,false,top_speed,NaN,E:\2026\99_seasonTiming\04_RUA\top_speed\Race 10.pdf,2026-04-22 16:49:37
RUA,R10,8,Andre Heimgartner,25,251,false,top_speed,NaN,E:\2026\99_seasonTiming\04_RUA\top_speed\Race 10.pdf,2026-04-22 16:49:37
RUA,R10,8,Andre Heimgartner,26,251,false,top_speed,NaN,E:\2026\99_seasonTiming\04_RUA\top_speed\Race 10.pdf,2026-04-22 16:49:37
RUA,R10,8,Andre Heimgartner,27,251,false,top_speed,NaN,E:\2026\99_seasonTiming\04_RUA\top_speed\Race 10.pdf,2026-04-22 16:49:37
RUA,R10,8,Andre Heimgartner,28,249,false,top_speed,NaN,E:\2026\99_seasonTiming\04_RUA\top_speed\Race 10.pdf,2026-04-22 16:49:37
RUA,R10,8,Andre Heimgartner,29,249,false,top_speed,NaN,E:\2026\99_seasonTiming\04_RUA\top_speed\Race 10.pdf,2026-04-22 16:49:37
RUA,R10,8,Andre Heimgartner,30,251,false,top_speed,NaN,E:\2026\99_seasonTiming\04_RUA\top_speed\Race 10.pdf,2026-04-22 16:49:37
RUA,R10,8,Andre Heimgartner,31,251,false,top_speed,NaN,E:\2026\99_seasonTiming\04_RUA\top_speed\Race 10.pdf,2026-04-22 16:49:37
RUA,R10,8,Andre Heimgartner,32,250,false,top_speed,NaN,E:\2026\99_seasonTiming\04_RUA\top_speed\Race 10.pdf,2026-04-22 16:49:37
RUA,R10,8,Andre Heimgartner,33,253,false,top_speed,NaN,E:\2026\99_seasonTiming\04_RUA\top_speed\Race 10.pdf,2026-04-22 16:49:37
RUA,R10,8,Andre Heimgartner,34,252,false,top_speed,NaN,E:\2026\99_seasonTiming\04_RUA\top_speed\Race 10.pdf,2026-04-22 16:49:37
RUA,R10,8,Andre Heimgartner,35,253,false,top_speed,NaN,E:\2026\99_seasonTiming\04_RUA\top_speed\Race 10.pdf,2026-04-22 16:49:37
RUA,R10,8,Andre Heimgartner,36,252,false,top_speed,NaN,E:\2026\99_seasonTiming\04_RUA\top_speed\Race 10.pdf,2026-04-22 16:49:37
RUA,R10,8,Andre Heimgartner,37,253,false,top_speed,NaN,E:\2026\99_seasonTiming\04_RUA\top_speed\Race 10.pdf,2026-04-22 16:49:37
RUA,R10,9,Jobe Stewart,1,209,false,top_speed,NaN,E:\2026\99_seasonTiming\04_RUA\top_speed\Race 10.pdf,2026-04-22 16:49:37
RUA,R10,9,Jobe Stewart,2,241,false,top_speed,NaN,E:\2026\99_seasonTiming\04_RUA\top_speed\Race 10.pdf,2026-04-22 16:49:37
RUA,R10,9,Jobe Stewart,3,245,false,top_speed,NaN,E:\2026\99_seasonTiming\04_RUA\top_speed\Race 10.pdf,2026-04-22 16:49:37
RUA,R10,9,Jobe Stewart,4,249,false,top_speed,NaN,E:\2026\99_seasonTiming\04_RUA\top_speed\Race 10.pdf,2026-04-22 16:49:37
RUA,R10,9,Jobe Stewart,5,249,false,top_speed,NaN,E:\2026\99_seasonTiming\04_RUA\top_speed\Race 10.pdf,2026-04-22 16:49:37
RUA,R10,9,Jobe Stewart,6,251,false,top_speed,NaN,E:\2026\99_seasonTiming\04_RUA\top_speed\Race 10.pdf,2026-04-22 16:49:37
RUA,R10,9,Jobe Stewart,7,251,false,top_speed,NaN,E:\2026\99_seasonTiming\04_RUA\top_speed\Race 10.pdf,2026-04-22 16:49:37
RUA,R10,9,Jobe Stewart,8,250,false,top_speed,NaN,E:\2026\99_seasonTiming\04_RUA\top_speed\Race 10.pdf,2026-04-22 16:49:37
RUA,R10,9,Jobe Stewart,9,250,false,top_speed,NaN,E:\2026\99_seasonTiming\04_RUA\top_speed\Race 10.pdf,2026-04-22 16:49:37
RUA,R10,9,Jobe Stewart,10,250,false,top_speed,NaN,E:\2026\99_seasonTiming\04_RUA\top_speed\Race 10.pdf,2026-04-22 16:49:37
RUA,R10,9,Jobe Stewart,11,249,false,top_speed,NaN,E:\2026\99_seasonTiming\04_RUA\top_speed\Race 10.pdf,2026-04-22 16:49:37
RUA,R10,9,Jobe Stewart,12,248,false,top_speed,NaN,E:\2026\99_seasonTiming\04_RUA\top_speed\Race 10.pdf,2026-04-22 16:49:37
RUA,R10,9,Jobe Stewart,13,249,false,top_speed,NaN,E:\2026\99_seasonTiming\04_RUA\top_speed\Race 10.pdf,2026-04-22 16:49:37
RUA,R10,9,Jobe Stewart,14,248,false,top_speed,NaN,E:\2026\99_seasonTiming\04_RUA\top_speed\Race 10.pdf,2026-04-22 16:49:37
RUA,R10,9,Jobe Stewart,15,248,false,top_speed,NaN,E:\2026\99_seasonTiming\04_RUA\top_speed\Race 10.pdf,2026-04-22 16:49:37
RUA,R10,9,Jobe Stewart,16,249,false,top_speed,NaN,E:\2026\99_seasonTiming\04_RUA\top_speed\Race 10.pdf,2026-04-22 16:49:37
RUA,R10,9,Jobe Stewart,17,250,false,top_speed,NaN,E:\2026\99_seasonTiming\04_RUA\top_speed\Race 10.pdf,2026-04-22 16:49:37
RUA,R10,9,Jobe Stewart,18,249,false,top_speed,NaN,E:\2026\99_seasonTiming\04_RUA\top_speed\Race 10.pdf,2026-04-22 16:49:37
RUA,R10,9,Jobe Stewart,19,250,false,top_speed,NaN,E:\2026\99_seasonTiming\04_RUA\top_speed\Race 10.pdf,2026-04-22 16:49:37
RUA,R10,9,Jobe Stewart,20,189,false,top_speed,NaN,E:\2026\99_seasonTiming\04_RUA\top_speed\Race 10.pdf,2026-04-22 16:49:37
RUA,R10,9,Jobe Stewart,21,252,false,top_speed,NaN,E:\2026\99_seasonTiming\04_RUA\top_speed\Race 10.pdf,2026-04-22 16:49:37
RUA,R10,9,Jobe Stewart,22,244,false,top_speed,NaN,E:\2026\99_seasonTiming\04_RUA\top_speed\Race 10.pdf,2026-04-22 16:49:37
RUA,R10,9,Jobe Stewart,23,249,false,top_speed,NaN,E:\2026\99_seasonTiming\04_RUA\top_speed\Race 10.pdf,2026-04-22 16:49:37
RUA,R10,9,Jobe Stewart,24,250,false,top_speed,NaN,E:\2026\99_seasonTiming\04_RUA\top_speed\Race 10.pdf,2026-04-22 16:49:37
RUA,R10,9,Jobe Stewart,25,250,false,top_speed,NaN,E:\2026\99_seasonTiming\04_RUA\top_speed\Race 10.pdf,2026-04-22 16:49:37
RUA,R10,9,Jobe Stewart,26,250,false,top_speed,NaN,E:\2026\99_seasonTiming\04_RUA\top_speed\Race 10.pdf,2026-04-22 16:49:37
RUA,R10,9,Jobe Stewart,27,251,false,top_speed,NaN,E:\2026\99_seasonTiming\04_RUA\top_speed\Race 10.pdf,2026-04-22 16:49:37
RUA,R10,9,Jobe Stewart,28,250,false,top_speed,NaN,E:\2026\99_seasonTiming\04_RUA\top_speed\Race 10.pdf,2026-04-22 16:49:37
RUA,R10,9,Jobe Stewart,29,250,false,top_speed,NaN,E:\2026\99_seasonTiming\04_RUA\top_speed\Race 10.pdf,2026-04-22 16:49:37
RUA,R10,9,Jobe Stewart,30,252,false,top_speed,NaN,E:\2026\99_seasonTiming\04_RUA\top_speed\Race 10.pdf,2026-04-22 16:49:37
RUA,R10,9,Jobe Stewart,31,251,false,top_speed,NaN,E:\2026\99_seasonTiming\04_RUA\top_speed\Race 10.pdf,2026-04-22 16:49:37
RUA,R10,9,Jobe Stewart,32,251,false,top_speed,NaN,E:\2026\99_seasonTiming\04_RUA\top_speed\Race 10.pdf,2026-04-22 16:49:37
RUA,R10,9,Jobe Stewart,33,252,false,top_speed,NaN,E:\2026\99_seasonTiming\04_RUA\top_speed\Race 10.pdf,2026-04-22 16:49:37
RUA,R10,9,Jobe Stewart,34,252,false,top_speed,NaN,E:\2026\99_seasonTiming\04_RUA\top_speed\Race 10.pdf,2026-04-22 16:49:37
RUA,R10,9,Jobe Stewart,35,252,false,top_speed,NaN,E:\2026\99_seasonTiming\04_RUA\top_speed\Race 10.pdf,2026-04-22 16:49:37
RUA,R10,9,Jobe Stewart,36,251,false,top_speed,NaN,E:\2026\99_seasonTiming\04_RUA\top_speed\Race 10.pdf,2026-04-22 16:49:37
RUA,R10,9,Jobe Stewart,37,251,false,top_speed,NaN,E:\2026\99_seasonTiming\04_RUA\top_speed\Race 10.pdf,2026-04-22 16:49:37
RUA,R10,10,Zach Bates,1,195,false,top_speed,NaN,E:\2026\99_seasonTiming\04_RUA\top_speed\Race 10.pdf,2026-04-22 16:49:37
RUA,R10,10,Zach Bates,2,235,false,top_speed,NaN,E:\2026\99_seasonTiming\04_RUA\top_speed\Race 10.pdf,2026-04-22 16:49:37
RUA,R10,10,Zach Bates,3,244,false,top_speed,NaN,E:\2026\99_seasonTiming\04_RUA\top_speed\Race 10.pdf,2026-04-22 16:49:37
RUA,R10,10,Zach Bates,4,244,false,top_speed,NaN,E:\2026\99_seasonTiming\04_RUA\top_speed\Race 10.pdf,2026-04-22 16:49:37
RUA,R10,10,Zach Bates,5,243,false,top_speed,NaN,E:\2026\99_seasonTiming\04_RUA\top_speed\Race 10.pdf,2026-04-22 16:49:37
RUA,R10,10,Zach Bates,6,255,false,top_speed,NaN,E:\2026\99_seasonTiming\04_RUA\top_speed\Race 10.pdf,2026-04-22 16:49:37
RUA,R10,10,Zach Bates,7,252,false,top_speed,NaN,E:\2026\99_seasonTiming\04_RUA\top_speed\Race 10.pdf,2026-04-22 16:49:37
RUA,R10,10,Zach Bates,8,252,false,top_speed,NaN,E:\2026\99_seasonTiming\04_RUA\top_speed\Race 10.pdf,2026-04-22 16:49:37
RUA,R10,10,Zach Bates,9,253,false,top_speed,NaN,E:\2026\99_seasonTiming\04_RUA\top_speed\Race 10.pdf,2026-04-22 16:49:37
RUA,R10,10,Zach Bates,10,253,false,top_speed,NaN,E:\2026\99_seasonTiming\04_RUA\top_speed\Race 10.pdf,2026-04-22 16:49:37
RUA,R10,10,Zach Bates,11,253,false,top_speed,NaN,E:\2026\99_seasonTiming\04_RUA\top_speed\Race 10.pdf,2026-04-22 16:49:37
RUA,R10,10,Zach Bates,12,251,false,top_speed,NaN,E:\2026\99_seasonTiming\04_RUA\top_speed\Race 10.pdf,2026-04-22 16:49:37
RUA,R10,10,Zach Bates,13,251,false,top_speed,NaN,E:\2026\99_seasonTiming\04_RUA\top_speed\Race 10.pdf,2026-04-22 16:49:37
RUA,R10,10,Zach Bates,14,251,false,top_speed,NaN,E:\2026\99_seasonTiming\04_RUA\top_speed\Race 10.pdf,2026-04-22 16:49:37
RUA,R10,10,Zach Bates,15,252,false,top_speed,NaN,E:\2026\99_seasonTiming\04_RUA\top_speed\Race 10.pdf,2026-04-22 16:49:37
RUA,R10,10,Zach Bates,16,253,false,top_speed,NaN,E:\2026\99_seasonTiming\04_RUA\top_speed\Race 10.pdf,2026-04-22 16:49:37
RUA,R10,10,Zach Bates,17,193,false,top_speed,NaN,E:\2026\99_seasonTiming\04_RUA\top_speed\Race 10.pdf,2026-04-22 16:49:37
RUA,R10,10,Zach Bates,18,250,false,top_speed,NaN,E:\2026\99_seasonTiming\04_RUA\top_speed\Race 10.pdf,2026-04-22 16:49:37
RUA,R10,10,Zach Bates,19,250,false,top_speed,NaN,E:\2026\99_seasonTiming\04_RUA\top_speed\Race 10.pdf,2026-04-22 16:49:37
RUA,R10,10,Zach Bates,20,251,false,top_speed,NaN,E:\2026\99_seasonTiming\04_RUA\top_speed\Race 10.pdf,2026-04-22 16:49:37
RUA,R10,10,Zach Bates,21,250,false,top_speed,NaN,E:\2026\99_seasonTiming\04_RUA\top_speed\Race 10.pdf,2026-04-22 16:49:37
RUA,R10,10,Zach Bates,22,249,false,top_speed,NaN,E:\2026\99_seasonTiming\04_RUA\top_speed\Race 10.pdf,2026-04-22 16:49:37
RUA,R10,10,Zach Bates,23,251,false,top_speed,NaN,E:\2026\99_seasonTiming\04_RUA\top_speed\Race 10.pdf,2026-04-22 16:49:37
RUA,R10,10,Zach Bates,24,252,false,top_speed,NaN,E:\2026\99_seasonTiming\04_RUA\top_speed\Race 10.pdf,2026-04-22 16:49:37
RUA,R10,10,Zach Bates,25,253,false,top_speed,NaN,E:\2026\99_seasonTiming\04_RUA\top_speed\Race 10.pdf,2026-04-22 16:49:37
RUA,R10,10,Zach Bates,26,252,false,top_speed,NaN,E:\2026\99_seasonTiming\04_RUA\top_speed\Race 10.pdf,2026-04-22 16:49:37
RUA,R10,10,Zach Bates,27,252,false,top_speed,NaN,E:\2026\99_seasonTiming\04_RUA\top_speed\Race 10.pdf,2026-04-22 16:49:37
RUA,R10,10,Zach Bates,28,251,false,top_speed,NaN,E:\2026\99_seasonTiming\04_RUA\top_speed\Race 10.pdf,2026-04-22 16:49:37
RUA,R10,10,Zach Bates,29,252,false,top_speed,NaN,E:\2026\99_seasonTiming\04_RUA\top_speed\Race 10.pdf,2026-04-22 16:49:37
RUA,R10,10,Zach Bates,30,252,false,top_speed,NaN,E:\2026\99_seasonTiming\04_RUA\top_speed\Race 10.pdf,2026-04-22 16:49:37
RUA,R10,10,Zach Bates,31,253,false,top_speed,NaN,E:\2026\99_seasonTiming\04_RUA\top_speed\Race 10.pdf,2026-04-22 16:49:37
RUA,R10,10,Zach Bates,32,253,false,top_speed,NaN,E:\2026\99_seasonTiming\04_RUA\top_speed\Race 10.pdf,2026-04-22 16:49:37
RUA,R10,10,Zach Bates,33,252,false,top_speed,NaN,E:\2026\99_seasonTiming\04_RUA\top_speed\Race 10.pdf,2026-04-22 16:49:37
RUA,R10,10,Zach Bates,34,253,false,top_speed,NaN,E:\2026\99_seasonTiming\04_RUA\top_speed\Race 10.pdf,2026-04-22 16:49:37
RUA,R10,10,Zach Bates,35,253,false,top_speed,NaN,E:\2026\99_seasonTiming\04_RUA\top_speed\Race 10.pdf,2026-04-22 16:49:37
RUA,R10,10,Zach Bates,36,250,false,top_speed,NaN,E:\2026\99_seasonTiming\04_RUA\top_speed\Race 10.pdf,2026-04-22 16:49:37
RUA,R10,10,Zach Bates,37,251,false,top_speed,NaN,E:\2026\99_seasonTiming\04_RUA\top_speed\Race 10.pdf,2026-04-22 16:49:37
RUA,R10,11,Jackson Walls,1,209,false,top_speed,NaN,E:\2026\99_seasonTiming\04_RUA\top_speed\Race 10.pdf,2026-04-22 16:49:37
RUA,R10,11,Jackson Walls,2,214,false,top_speed,NaN,E:\2026\99_seasonTiming\04_RUA\top_speed\Race 10.pdf,2026-04-22 16:49:37
RUA,R10,11,Jackson Walls,3,247,false,top_speed,NaN,E:\2026\99_seasonTiming\04_RUA\top_speed\Race 10.pdf,2026-04-22 16:49:37
RUA,R10,11,Jackson Walls,4,251,false,top_speed,NaN,E:\2026\99_seasonTiming\04_RUA\top_speed\Race 10.pdf,2026-04-22 16:49:37
RUA,R10,11,Jackson Walls,5,244,false,top_speed,NaN,E:\2026\99_seasonTiming\04_RUA\top_speed\Race 10.pdf,2026-04-22 16:49:37
RUA,R10,11,Jackson Walls,6,239,false,top_speed,NaN,E:\2026\99_seasonTiming\04_RUA\top_speed\Race 10.pdf,2026-04-22 16:49:37
RUA,R10,11,Jackson Walls,7,251,false,top_speed,NaN,E:\2026\99_seasonTiming\04_RUA\top_speed\Race 10.pdf,2026-04-22 16:49:37
RUA,R10,11,Jackson Walls,8,245,false,top_speed,NaN,E:\2026\99_seasonTiming\04_RUA\top_speed\Race 10.pdf,2026-04-22 16:49:37
RUA,R10,11,Jackson Walls,9,250,false,top_speed,NaN,E:\2026\99_seasonTiming\04_RUA\top_speed\Race 10.pdf,2026-04-22 16:49:37
RUA,R10,11,Jackson Walls,10,247,false,top_speed,NaN,E:\2026\99_seasonTiming\04_RUA\top_speed\Race 10.pdf,2026-04-22 16:49:37
RUA,R10,11,Jackson Walls,11,249,false,top_speed,NaN,E:\2026\99_seasonTiming\04_RUA\top_speed\Race 10.pdf,2026-04-22 16:49:37
RUA,R10,11,Jackson Walls,12,248,false,top_speed,NaN,E:\2026\99_seasonTiming\04_RUA\top_speed\Race 10.pdf,2026-04-22 16:49:37
RUA,R10,11,Jackson Walls,13,246,false,top_speed,NaN,E:\2026\99_seasonTiming\04_RUA\top_speed\Race 10.pdf,2026-04-22 16:49:37
RUA,R10,11,Jackson Walls,14,246,false,top_speed,NaN,E:\2026\99_seasonTiming\04_RUA\top_speed\Race 10.pdf,2026-04-22 16:49:37
RUA,R10,11,Jackson Walls,15,249,false,top_speed,NaN,E:\2026\99_seasonTiming\04_RUA\top_speed\Race 10.pdf,2026-04-22 16:49:37
RUA,R10,11,Jackson Walls,16,248,false,top_speed,NaN,E:\2026\99_seasonTiming\04_RUA\top_speed\Race 10.pdf,2026-04-22 16:49:37
RUA,R10,11,Jackson Walls,17,247,false,top_speed,NaN,E:\2026\99_seasonTiming\04_RUA\top_speed\Race 10.pdf,2026-04-22 16:49:37
RUA,R10,11,Jackson Walls,18,247,false,top_speed,NaN,E:\2026\99_seasonTiming\04_RUA\top_speed\Race 10.pdf,2026-04-22 16:49:37
RUA,R10,11,Jackson Walls,19,246,false,top_speed,NaN,E:\2026\99_seasonTiming\04_RUA\top_speed\Race 10.pdf,2026-04-22 16:49:37
RUA,R10,11,Jackson Walls,20,189,false,top_speed,NaN,E:\2026\99_seasonTiming\04_RUA\top_speed\Race 10.pdf,2026-04-22 16:49:37
RUA,R10,11,Jackson Walls,21,243,false,top_speed,NaN,E:\2026\99_seasonTiming\04_RUA\top_speed\Race 10.pdf,2026-04-22 16:49:37
RUA,R10,11,Jackson Walls,22,250,false,top_speed,NaN,E:\2026\99_seasonTiming\04_RUA\top_speed\Race 10.pdf,2026-04-22 16:49:37
RUA,R10,11,Jackson Walls,23,248,false,top_speed,NaN,E:\2026\99_seasonTiming\04_RUA\top_speed\Race 10.pdf,2026-04-22 16:49:37
RUA,R10,11,Jackson Walls,24,244,false,top_speed,NaN,E:\2026\99_seasonTiming\04_RUA\top_speed\Race 10.pdf,2026-04-22 16:49:37
RUA,R10,11,Jackson Walls,25,243,false,top_speed,NaN,E:\2026\99_seasonTiming\04_RUA\top_speed\Race 10.pdf,2026-04-22 16:49:37
RUA,R10,11,Jackson Walls,26,251,false,top_speed,NaN,E:\2026\99_seasonTiming\04_RUA\top_speed\Race 10.pdf,2026-04-22 16:49:37
RUA,R10,11,Jackson Walls,27,250,false,top_speed,NaN,E:\2026\99_seasonTiming\04_RUA\top_speed\Race 10.pdf,2026-04-22 16:49:37
RUA,R10,11,Jackson Walls,28,244,false,top_speed,NaN,E:\2026\99_seasonTiming\04_RUA\top_speed\Race 10.pdf,2026-04-22 16:49:37
RUA,R10,11,Jackson Walls,29,234,false,top_speed,NaN,E:\2026\99_seasonTiming\04_RUA\top_speed\Race 10.pdf,2026-04-22 16:49:37
RUA,R10,11,Jackson Walls,30,233,false,top_speed,NaN,E:\2026\99_seasonTiming\04_RUA\top_speed\Race 10.pdf,2026-04-22 16:49:37
RUA,R10,11,Jackson Walls,31,245,false,top_speed,NaN,E:\2026\99_seasonTiming\04_RUA\top_speed\Race 10.pdf,2026-04-22 16:49:37
RUA,R10,11,Jackson Walls,32,248,false,top_speed,NaN,E:\2026\99_seasonTiming\04_RUA\top_speed\Race 10.pdf,2026-04-22 16:49:37
RUA,R10,11,Jackson Walls,33,251,false,top_speed,NaN,E:\2026\99_seasonTiming\04_RUA\top_speed\Race 10.pdf,2026-04-22 16:49:37
RUA,R10,11,Jackson Walls,34,243,false,top_speed,NaN,E:\2026\99_seasonTiming\04_RUA\top_speed\Race 10.pdf,2026-04-22 16:49:37
RUA,R10,11,Jackson Walls,35,241,false,top_speed,NaN,E:\2026\99_seasonTiming\04_RUA\top_speed\Race 10.pdf,2026-04-22 16:49:37
RUA,R10,11,Jackson Walls,36,239,false,top_speed,NaN,E:\2026\99_seasonTiming\04_RUA\top_speed\Race 10.pdf,2026-04-22 16:49:37
RUA,R10,11,Jackson Walls,37,244,false,top_speed,NaN,E:\2026\99_seasonTiming\04_RUA\top_speed\Race 10.pdf,2026-04-22 16:49:37
RUA,R10,14,Cameron Hill,1,99,false,top_speed,NaN,E:\2026\99_seasonTiming\04_RUA\top_speed\Race 10.pdf,2026-04-22 16:49:37
RUA,R10,14,Cameron Hill,2,131,false,top_speed,NaN,E:\2026\99_seasonTiming\04_RUA\top_speed\Race 10.pdf,2026-04-22 16:49:37
RUA,R10,14,Cameron Hill,3,185,false,top_speed,NaN,E:\2026\99_seasonTiming\04_RUA\top_speed\Race 10.pdf,2026-04-22 16:49:37
RUA,R10,14,Cameron Hill,4,249,false,top_speed,NaN,E:\2026\99_seasonTiming\04_RUA\top_speed\Race 10.pdf,2026-04-22 16:49:37
RUA,R10,14,Cameron Hill,5,250,false,top_speed,NaN,E:\2026\99_seasonTiming\04_RUA\top_speed\Race 10.pdf,2026-04-22 16:49:37
RUA,R10,17,Brodie Kostecki,1,200,false,top_speed,NaN,E:\2026\99_seasonTiming\04_RUA\top_speed\Race 10.pdf,2026-04-22 16:49:37
RUA,R10,17,Brodie Kostecki,2,250,false,top_speed,NaN,E:\2026\99_seasonTiming\04_RUA\top_speed\Race 10.pdf,2026-04-22 16:49:37
RUA,R10,17,Brodie Kostecki,3,250,false,top_speed,NaN,E:\2026\99_seasonTiming\04_RUA\top_speed\Race 10.pdf,2026-04-22 16:49:37
RUA,R10,17,Brodie Kostecki,4,251,false,top_speed,NaN,E:\2026\99_seasonTiming\04_RUA\top_speed\Race 10.pdf,2026-04-22 16:49:37
RUA,R10,17,Brodie Kostecki,5,251,false,top_speed,NaN,E:\2026\99_seasonTiming\04_RUA\top_speed\Race 10.pdf,2026-04-22 16:49:37
RUA,R10,17,Brodie Kostecki,6,251,false,top_speed,NaN,E:\2026\99_seasonTiming\04_RUA\top_speed\Race 10.pdf,2026-04-22 16:49:37
RUA,R10,17,Brodie Kostecki,7,251,false,top_speed,NaN,E:\2026\99_seasonTiming\04_RUA\top_speed\Race 10.pdf,2026-04-22 16:49:37
RUA,R10,17,Brodie Kostecki,8,251,false,top_speed,NaN,E:\2026\99_seasonTiming\04_RUA\top_speed\Race 10.pdf,2026-04-22 16:49:37
RUA,R10,17,Brodie Kostecki,9,252,false,top_speed,NaN,E:\2026\99_seasonTiming\04_RUA\top_speed\Race 10.pdf,2026-04-22 16:49:37
RUA,R10,17,Brodie Kostecki,10,251,false,top_speed,NaN,E:\2026\99_seasonTiming\04_RUA\top_speed\Race 10.pdf,2026-04-22 16:49:37
RUA,R10,17,Brodie Kostecki,11,250,false,top_speed,NaN,E:\2026\99_seasonTiming\04_RUA\top_speed\Race 10.pdf,2026-04-22 16:49:37
RUA,R10,17,Brodie Kostecki,12,249,false,top_speed,NaN,E:\2026\99_seasonTiming\04_RUA\top_speed\Race 10.pdf,2026-04-22 16:49:37
RUA,R10,17,Brodie Kostecki,13,250,false,top_speed,NaN,E:\2026\99_seasonTiming\04_RUA\top_speed\Race 10.pdf,2026-04-22 16:49:37
RUA,R10,17,Brodie Kostecki,14,249,false,top_speed,NaN,E:\2026\99_seasonTiming\04_RUA\top_speed\Race 10.pdf,2026-04-22 16:49:37
RUA,R10,17,Brodie Kostecki,15,250,false,top_speed,NaN,E:\2026\99_seasonTiming\04_RUA\top_speed\Race 10.pdf,2026-04-22 16:49:37
RUA,R10,17,Brodie Kostecki,16,251,false,top_speed,NaN,E:\2026\99_seasonTiming\04_RUA\top_speed\Race 10.pdf,2026-04-22 16:49:37
RUA,R10,17,Brodie Kostecki,17,251,false,top_speed,NaN,E:\2026\99_seasonTiming\04_RUA\top_speed\Race 10.pdf,2026-04-22 16:49:37
RUA,R10,17,Brodie Kostecki,18,252,false,top_speed,NaN,E:\2026\99_seasonTiming\04_RUA\top_speed\Race 10.pdf,2026-04-22 16:49:37
RUA,R10,17,Brodie Kostecki,19,252,false,top_speed,NaN,E:\2026\99_seasonTiming\04_RUA\top_speed\Race 10.pdf,2026-04-22 16:49:37
RUA,R10,17,Brodie Kostecki,20,251,false,top_speed,NaN,E:\2026\99_seasonTiming\04_RUA\top_speed\Race 10.pdf,2026-04-22 16:49:37
RUA,R10,17,Brodie Kostecki,21,251,false,top_speed,NaN,E:\2026\99_seasonTiming\04_RUA\top_speed\Race 10.pdf,2026-04-22 16:49:37
RUA,R10,17,Brodie Kostecki,22,194,false,top_speed,NaN,E:\2026\99_seasonTiming\04_RUA\top_speed\Race 10.pdf,2026-04-22 16:49:37
RUA,R10,17,Brodie Kostecki,23,251,false,top_speed,NaN,E:\2026\99_seasonTiming\04_RUA\top_speed\Race 10.pdf,2026-04-22 16:49:37
RUA,R10,17,Brodie Kostecki,24,251,false,top_speed,NaN,E:\2026\99_seasonTiming\04_RUA\top_speed\Race 10.pdf,2026-04-22 16:49:37
RUA,R10,17,Brodie Kostecki,25,252,false,top_speed,NaN,E:\2026\99_seasonTiming\04_RUA\top_speed\Race 10.pdf,2026-04-22 16:49:37
RUA,R10,17,Brodie Kostecki,26,252,false,top_speed,NaN,E:\2026\99_seasonTiming\04_RUA\top_speed\Race 10.pdf,2026-04-22 16:49:37
RUA,R10,17,Brodie Kostecki,27,252,false,top_speed,NaN,E:\2026\99_seasonTiming\04_RUA\top_speed\Race 10.pdf,2026-04-22 16:49:37
RUA,R10,17,Brodie Kostecki,28,253,false,top_speed,NaN,E:\2026\99_seasonTiming\04_RUA\top_speed\Race 10.pdf,2026-04-22 16:49:37
RUA,R10,17,Brodie Kostecki,29,253,false,top_speed,NaN,E:\2026\99_seasonTiming\04_RUA\top_speed\Race 10.pdf,2026-04-22 16:49:37
RUA,R10,17,Brodie Kostecki,30,253,false,top_speed,NaN,E:\2026\99_seasonTiming\04_RUA\top_speed\Race 10.pdf,2026-04-22 16:49:37
RUA,R10,17,Brodie Kostecki,31,255,false,top_speed,NaN,E:\2026\99_seasonTiming\04_RUA\top_speed\Race 10.pdf,2026-04-22 16:49:37
RUA,R10,17,Brodie Kostecki,32,256,false,top_speed,NaN,E:\2026\99_seasonTiming\04_RUA\top_speed\Race 10.pdf,2026-04-22 16:49:37
RUA,R10,17,Brodie Kostecki,33,255,false,top_speed,NaN,E:\2026\99_seasonTiming\04_RUA\top_speed\Race 10.pdf,2026-04-22 16:49:37
RUA,R10,17,Brodie Kostecki,34,253,false,top_speed,NaN,E:\2026\99_seasonTiming\04_RUA\top_speed\Race 10.pdf,2026-04-22 16:49:37
RUA,R10,17,Brodie Kostecki,35,253,false,top_speed,NaN,E:\2026\99_seasonTiming\04_RUA\top_speed\Race 10.pdf,2026-04-22 16:49:37
RUA,R10,17,Brodie Kostecki,36,256,false,top_speed,NaN,E:\2026\99_seasonTiming\04_RUA\top_speed\Race 10.pdf,2026-04-22 16:49:37
RUA,R10,17,Brodie Kostecki,37,256,false,top_speed,NaN,E:\2026\99_seasonTiming\04_RUA\top_speed\Race 10.pdf,2026-04-22 16:49:37
RUA,R10,18,Anton De Pasquale,1,202,false,top_speed,NaN,E:\2026\99_seasonTiming\04_RUA\top_speed\Race 10.pdf,2026-04-22 16:49:37
RUA,R10,18,Anton De Pasquale,2,242,false,top_speed,NaN,E:\2026\99_seasonTiming\04_RUA\top_speed\Race 10.pdf,2026-04-22 16:49:37
RUA,R10,18,Anton De Pasquale,3,249,false,top_speed,NaN,E:\2026\99_seasonTiming\04_RUA\top_speed\Race 10.pdf,2026-04-22 16:49:37
RUA,R10,18,Anton De Pasquale,4,250,false,top_speed,NaN,E:\2026\99_seasonTiming\04_RUA\top_speed\Race 10.pdf,2026-04-22 16:49:37
RUA,R10,18,Anton De Pasquale,5,251,false,top_speed,NaN,E:\2026\99_seasonTiming\04_RUA\top_speed\Race 10.pdf,2026-04-22 16:49:37
RUA,R10,18,Anton De Pasquale,6,250,false,top_speed,NaN,E:\2026\99_seasonTiming\04_RUA\top_speed\Race 10.pdf,2026-04-22 16:49:37
RUA,R10,18,Anton De Pasquale,7,251,false,top_speed,NaN,E:\2026\99_seasonTiming\04_RUA\top_speed\Race 10.pdf,2026-04-22 16:49:37
RUA,R10,18,Anton De Pasquale,8,250,false,top_speed,NaN,E:\2026\99_seasonTiming\04_RUA\top_speed\Race 10.pdf,2026-04-22 16:49:37
RUA,R10,18,Anton De Pasquale,9,251,false,top_speed,NaN,E:\2026\99_seasonTiming\04_RUA\top_speed\Race 10.pdf,2026-04-22 16:49:37
RUA,R10,18,Anton De Pasquale,10,250,false,top_speed,NaN,E:\2026\99_seasonTiming\04_RUA\top_speed\Race 10.pdf,2026-04-22 16:49:37
RUA,R10,18,Anton De Pasquale,11,249,false,top_speed,NaN,E:\2026\99_seasonTiming\04_RUA\top_speed\Race 10.pdf,2026-04-22 16:49:37
RUA,R10,18,Anton De Pasquale,12,249,false,top_speed,NaN,E:\2026\99_seasonTiming\04_RUA\top_speed\Race 10.pdf,2026-04-22 16:49:37
RUA,R10,18,Anton De Pasquale,13,249,false,top_speed,NaN,E:\2026\99_seasonTiming\04_RUA\top_speed\Race 10.pdf,2026-04-22 16:49:37
RUA,R10,18,Anton De Pasquale,14,249,false,top_speed,NaN,E:\2026\99_seasonTiming\04_RUA\top_speed\Race 10.pdf,2026-04-22 16:49:37
RUA,R10,18,Anton De Pasquale,15,250,false,top_speed,NaN,E:\2026\99_seasonTiming\04_RUA\top_speed\Race 10.pdf,2026-04-22 16:49:37
RUA,R10,18,Anton De Pasquale,16,250,false,top_speed,NaN,E:\2026\99_seasonTiming\04_RUA\top_speed\Race 10.pdf,2026-04-22 16:49:37
RUA,R10,18,Anton De Pasquale,17,251,false,top_speed,NaN,E:\2026\99_seasonTiming\04_RUA\top_speed\Race 10.pdf,2026-04-22 16:49:37
RUA,R10,18,Anton De Pasquale,18,250,false,top_speed,NaN,E:\2026\99_seasonTiming\04_RUA\top_speed\Race 10.pdf,2026-04-22 16:49:37
RUA,R10,18,Anton De Pasquale,19,251,false,top_speed,NaN,E:\2026\99_seasonTiming\04_RUA\top_speed\Race 10.pdf,2026-04-22 16:49:37
RUA,R10,18,Anton De Pasquale,20,251,false,top_speed,NaN,E:\2026\99_seasonTiming\04_RUA\top_speed\Race 10.pdf,2026-04-22 16:49:37
RUA,R10,18,Anton De Pasquale,21,250,false,top_speed,NaN,E:\2026\99_seasonTiming\04_RUA\top_speed\Race 10.pdf,2026-04-22 16:49:37
RUA,R10,18,Anton De Pasquale,22,192,false,top_speed,NaN,E:\2026\99_seasonTiming\04_RUA\top_speed\Race 10.pdf,2026-04-22 16:49:37
RUA,R10,18,Anton De Pasquale,23,251,false,top_speed,NaN,E:\2026\99_seasonTiming\04_RUA\top_speed\Race 10.pdf,2026-04-22 16:49:37
RUA,R10,18,Anton De Pasquale,24,251,false,top_speed,NaN,E:\2026\99_seasonTiming\04_RUA\top_speed\Race 10.pdf,2026-04-22 16:49:37
RUA,R10,18,Anton De Pasquale,25,252,false,top_speed,NaN,E:\2026\99_seasonTiming\04_RUA\top_speed\Race 10.pdf,2026-04-22 16:49:37
RUA,R10,18,Anton De Pasquale,26,252,false,top_speed,NaN,E:\2026\99_seasonTiming\04_RUA\top_speed\Race 10.pdf,2026-04-22 16:49:37
RUA,R10,18,Anton De Pasquale,27,252,false,top_speed,NaN,E:\2026\99_seasonTiming\04_RUA\top_speed\Race 10.pdf,2026-04-22 16:49:37
RUA,R10,18,Anton De Pasquale,28,253,false,top_speed,NaN,E:\2026\99_seasonTiming\04_RUA\top_speed\Race 10.pdf,2026-04-22 16:49:37
RUA,R10,18,Anton De Pasquale,29,249,false,top_speed,NaN,E:\2026\99_seasonTiming\04_RUA\top_speed\Race 10.pdf,2026-04-22 16:49:37
RUA,R10,18,Anton De Pasquale,30,252,false,top_speed,NaN,E:\2026\99_seasonTiming\04_RUA\top_speed\Race 10.pdf,2026-04-22 16:49:37
RUA,R10,18,Anton De Pasquale,31,253,false,top_speed,NaN,E:\2026\99_seasonTiming\04_RUA\top_speed\Race 10.pdf,2026-04-22 16:49:37
RUA,R10,18,Anton De Pasquale,32,253,false,top_speed,NaN,E:\2026\99_seasonTiming\04_RUA\top_speed\Race 10.pdf,2026-04-22 16:49:37
RUA,R10,18,Anton De Pasquale,33,250,false,top_speed,NaN,E:\2026\99_seasonTiming\04_RUA\top_speed\Race 10.pdf,2026-04-22 16:49:37
RUA,R10,18,Anton De Pasquale,34,253,false,top_speed,NaN,E:\2026\99_seasonTiming\04_RUA\top_speed\Race 10.pdf,2026-04-22 16:49:37
RUA,R10,18,Anton De Pasquale,35,251,false,top_speed,NaN,E:\2026\99_seasonTiming\04_RUA\top_speed\Race 10.pdf,2026-04-22 16:49:37
RUA,R10,18,Anton De Pasquale,36,246,false,top_speed,NaN,E:\2026\99_seasonTiming\04_RUA\top_speed\Race 10.pdf,2026-04-22 16:49:37
RUA,R10,18,Anton De Pasquale,37,253,false,top_speed,NaN,E:\2026\99_seasonTiming\04_RUA\top_speed\Race 10.pdf,2026-04-22 16:49:37
RUA,R10,19,Matthew Payne,1,200,false,top_speed,NaN,E:\2026\99_seasonTiming\04_RUA\top_speed\Race 10.pdf,2026-04-22 16:49:37
RUA,R10,19,Matthew Payne,2,240,false,top_speed,NaN,E:\2026\99_seasonTiming\04_RUA\top_speed\Race 10.pdf,2026-04-22 16:49:37
RUA,R10,19,Matthew Payne,3,250,false,top_speed,NaN,E:\2026\99_seasonTiming\04_RUA\top_speed\Race 10.pdf,2026-04-22 16:49:37
RUA,R10,19,Matthew Payne,4,252,false,top_speed,NaN,E:\2026\99_seasonTiming\04_RUA\top_speed\Race 10.pdf,2026-04-22 16:49:37
RUA,R10,19,Matthew Payne,5,252,false,top_speed,NaN,E:\2026\99_seasonTiming\04_RUA\top_speed\Race 10.pdf,2026-04-22 16:49:37
RUA,R10,19,Matthew Payne,6,252,false,top_speed,NaN,E:\2026\99_seasonTiming\04_RUA\top_speed\Race 10.pdf,2026-04-22 16:49:37
RUA,R10,19,Matthew Payne,7,252,false,top_speed,NaN,E:\2026\99_seasonTiming\04_RUA\top_speed\Race 10.pdf,2026-04-22 16:49:37
RUA,R10,19,Matthew Payne,8,251,false,top_speed,NaN,E:\2026\99_seasonTiming\04_RUA\top_speed\Race 10.pdf,2026-04-22 16:49:37
RUA,R10,19,Matthew Payne,9,252,false,top_speed,NaN,E:\2026\99_seasonTiming\04_RUA\top_speed\Race 10.pdf,2026-04-22 16:49:37
RUA,R10,19,Matthew Payne,10,251,false,top_speed,NaN,E:\2026\99_seasonTiming\04_RUA\top_speed\Race 10.pdf,2026-04-22 16:49:37
RUA,R10,19,Matthew Payne,11,252,false,top_speed,NaN,E:\2026\99_seasonTiming\04_RUA\top_speed\Race 10.pdf,2026-04-22 16:49:37
RUA,R10,19,Matthew Payne,12,251,false,top_speed,NaN,E:\2026\99_seasonTiming\04_RUA\top_speed\Race 10.pdf,2026-04-22 16:49:37
RUA,R10,19,Matthew Payne,13,251,false,top_speed,NaN,E:\2026\99_seasonTiming\04_RUA\top_speed\Race 10.pdf,2026-04-22 16:49:37
RUA,R10,19,Matthew Payne,14,251,false,top_speed,NaN,E:\2026\99_seasonTiming\04_RUA\top_speed\Race 10.pdf,2026-04-22 16:49:37
RUA,R10,19,Matthew Payne,15,252,false,top_speed,NaN,E:\2026\99_seasonTiming\04_RUA\top_speed\Race 10.pdf,2026-04-22 16:49:37
RUA,R10,19,Matthew Payne,16,253,false,top_speed,NaN,E:\2026\99_seasonTiming\04_RUA\top_speed\Race 10.pdf,2026-04-22 16:49:37
RUA,R10,19,Matthew Payne,17,251,false,top_speed,NaN,E:\2026\99_seasonTiming\04_RUA\top_speed\Race 10.pdf,2026-04-22 16:49:37
RUA,R10,19,Matthew Payne,18,251,false,top_speed,NaN,E:\2026\99_seasonTiming\04_RUA\top_speed\Race 10.pdf,2026-04-22 16:49:37
RUA,R10,19,Matthew Payne,19,252,false,top_speed,NaN,E:\2026\99_seasonTiming\04_RUA\top_speed\Race 10.pdf,2026-04-22 16:49:37
RUA,R10,19,Matthew Payne,20,251,false,top_speed,NaN,E:\2026\99_seasonTiming\04_RUA\top_speed\Race 10.pdf,2026-04-22 16:49:37
RUA,R10,19,Matthew Payne,21,194,false,top_speed,NaN,E:\2026\99_seasonTiming\04_RUA\top_speed\Race 10.pdf,2026-04-22 16:49:37
RUA,R10,19,Matthew Payne,22,250,false,top_speed,NaN,E:\2026\99_seasonTiming\04_RUA\top_speed\Race 10.pdf,2026-04-22 16:49:37
RUA,R10,19,Matthew Payne,23,252,false,top_speed,NaN,E:\2026\99_seasonTiming\04_RUA\top_speed\Race 10.pdf,2026-04-22 16:49:37
RUA,R10,19,Matthew Payne,24,252,false,top_speed,NaN,E:\2026\99_seasonTiming\04_RUA\top_speed\Race 10.pdf,2026-04-22 16:49:37
RUA,R10,19,Matthew Payne,25,252,false,top_speed,NaN,E:\2026\99_seasonTiming\04_RUA\top_speed\Race 10.pdf,2026-04-22 16:49:37
RUA,R10,19,Matthew Payne,26,252,false,top_speed,NaN,E:\2026\99_seasonTiming\04_RUA\top_speed\Race 10.pdf,2026-04-22 16:49:37
RUA,R10,19,Matthew Payne,27,251,false,top_speed,NaN,E:\2026\99_seasonTiming\04_RUA\top_speed\Race 10.pdf,2026-04-22 16:49:37
RUA,R10,19,Matthew Payne,28,252,false,top_speed,NaN,E:\2026\99_seasonTiming\04_RUA\top_speed\Race 10.pdf,2026-04-22 16:49:37
RUA,R10,19,Matthew Payne,29,252,false,top_speed,NaN,E:\2026\99_seasonTiming\04_RUA\top_speed\Race 10.pdf,2026-04-22 16:49:37
RUA,R10,19,Matthew Payne,30,252,false,top_speed,NaN,E:\2026\99_seasonTiming\04_RUA\top_speed\Race 10.pdf,2026-04-22 16:49:37
RUA,R10,19,Matthew Payne,31,254,false,top_speed,NaN,E:\2026\99_seasonTiming\04_RUA\top_speed\Race 10.pdf,2026-04-22 16:49:37
RUA,R10,19,Matthew Payne,32,253,false,top_speed,NaN,E:\2026\99_seasonTiming\04_RUA\top_speed\Race 10.pdf,2026-04-22 16:49:37
RUA,R10,19,Matthew Payne,33,253,false,top_speed,NaN,E:\2026\99_seasonTiming\04_RUA\top_speed\Race 10.pdf,2026-04-22 16:49:37
RUA,R10,19,Matthew Payne,34,254,false,top_speed,NaN,E:\2026\99_seasonTiming\04_RUA\top_speed\Race 10.pdf,2026-04-22 16:49:37
RUA,R10,19,Matthew Payne,35,254,false,top_speed,NaN,E:\2026\99_seasonTiming\04_RUA\top_speed\Race 10.pdf,2026-04-22 16:49:37
RUA,R10,19,Matthew Payne,36,252,false,top_speed,NaN,E:\2026\99_seasonTiming\04_RUA\top_speed\Race 10.pdf,2026-04-22 16:49:37
RUA,R10,19,Matthew Payne,37,254,false,top_speed,NaN,E:\2026\99_seasonTiming\04_RUA\top_speed\Race 10.pdf,2026-04-22 16:49:37
RUA,R10,26,Kai Allen,1,201,false,top_speed,NaN,E:\2026\99_seasonTiming\04_RUA\top_speed\Race 10.pdf,2026-04-22 16:49:37
RUA,R10,26,Kai Allen,2,247,false,top_speed,NaN,E:\2026\99_seasonTiming\04_RUA\top_speed\Race 10.pdf,2026-04-22 16:49:37
RUA,R10,26,Kai Allen,3,251,false,top_speed,NaN,E:\2026\99_seasonTiming\04_RUA\top_speed\Race 10.pdf,2026-04-22 16:49:37
RUA,R10,26,Kai Allen,4,252,false,top_speed,NaN,E:\2026\99_seasonTiming\04_RUA\top_speed\Race 10.pdf,2026-04-22 16:49:37
RUA,R10,26,Kai Allen,5,253,false,top_speed,NaN,E:\2026\99_seasonTiming\04_RUA\top_speed\Race 10.pdf,2026-04-22 16:49:37
RUA,R10,26,Kai Allen,6,253,false,top_speed,NaN,E:\2026\99_seasonTiming\04_RUA\top_speed\Race 10.pdf,2026-04-22 16:49:37
RUA,R10,26,Kai Allen,7,253,false,top_speed,NaN,E:\2026\99_seasonTiming\04_RUA\top_speed\Race 10.pdf,2026-04-22 16:49:37
RUA,R10,26,Kai Allen,8,253,false,top_speed,NaN,E:\2026\99_seasonTiming\04_RUA\top_speed\Race 10.pdf,2026-04-22 16:49:37
RUA,R10,26,Kai Allen,9,254,false,top_speed,NaN,E:\2026\99_seasonTiming\04_RUA\top_speed\Race 10.pdf,2026-04-22 16:49:37
RUA,R10,26,Kai Allen,10,253,false,top_speed,NaN,E:\2026\99_seasonTiming\04_RUA\top_speed\Race 10.pdf,2026-04-22 16:49:37
RUA,R10,26,Kai Allen,11,251,false,top_speed,NaN,E:\2026\99_seasonTiming\04_RUA\top_speed\Race 10.pdf,2026-04-22 16:49:37
RUA,R10,26,Kai Allen,12,251,false,top_speed,NaN,E:\2026\99_seasonTiming\04_RUA\top_speed\Race 10.pdf,2026-04-22 16:49:37
RUA,R10,26,Kai Allen,13,251,false,top_speed,NaN,E:\2026\99_seasonTiming\04_RUA\top_speed\Race 10.pdf,2026-04-22 16:49:37
RUA,R10,26,Kai Allen,14,250,false,top_speed,NaN,E:\2026\99_seasonTiming\04_RUA\top_speed\Race 10.pdf,2026-04-22 16:49:37
RUA,R10,26,Kai Allen,15,252,false,top_speed,NaN,E:\2026\99_seasonTiming\04_RUA\top_speed\Race 10.pdf,2026-04-22 16:49:37
RUA,R10,26,Kai Allen,16,252,false,top_speed,NaN,E:\2026\99_seasonTiming\04_RUA\top_speed\Race 10.pdf,2026-04-22 16:49:37
RUA,R10,26,Kai Allen,17,193,false,top_speed,NaN,E:\2026\99_seasonTiming\04_RUA\top_speed\Race 10.pdf,2026-04-22 16:49:37
RUA,R10,26,Kai Allen,18,253,false,top_speed,NaN,E:\2026\99_seasonTiming\04_RUA\top_speed\Race 10.pdf,2026-04-22 16:49:37
RUA,R10,26,Kai Allen,19,252,false,top_speed,NaN,E:\2026\99_seasonTiming\04_RUA\top_speed\Race 10.pdf,2026-04-22 16:49:37
RUA,R10,26,Kai Allen,20,251,false,top_speed,NaN,E:\2026\99_seasonTiming\04_RUA\top_speed\Race 10.pdf,2026-04-22 16:49:37
RUA,R10,26,Kai Allen,21,251,false,top_speed,NaN,E:\2026\99_seasonTiming\04_RUA\top_speed\Race 10.pdf,2026-04-22 16:49:37
RUA,R10,26,Kai Allen,22,252,false,top_speed,NaN,E:\2026\99_seasonTiming\04_RUA\top_speed\Race 10.pdf,2026-04-22 16:49:37
RUA,R10,26,Kai Allen,23,251,false,top_speed,NaN,E:\2026\99_seasonTiming\04_RUA\top_speed\Race 10.pdf,2026-04-22 16:49:37
RUA,R10,26,Kai Allen,24,251,false,top_speed,NaN,E:\2026\99_seasonTiming\04_RUA\top_speed\Race 10.pdf,2026-04-22 16:49:37
RUA,R10,26,Kai Allen,25,251,false,top_speed,NaN,E:\2026\99_seasonTiming\04_RUA\top_speed\Race 10.pdf,2026-04-22 16:49:37
RUA,R10,26,Kai Allen,26,251,false,top_speed,NaN,E:\2026\99_seasonTiming\04_RUA\top_speed\Race 10.pdf,2026-04-22 16:49:37
RUA,R10,26,Kai Allen,27,250,false,top_speed,NaN,E:\2026\99_seasonTiming\04_RUA\top_speed\Race 10.pdf,2026-04-22 16:49:37
RUA,R10,26,Kai Allen,28,251,false,top_speed,NaN,E:\2026\99_seasonTiming\04_RUA\top_speed\Race 10.pdf,2026-04-22 16:49:37
RUA,R10,26,Kai Allen,29,251,false,top_speed,NaN,E:\2026\99_seasonTiming\04_RUA\top_speed\Race 10.pdf,2026-04-22 16:49:37
RUA,R10,26,Kai Allen,30,251,false,top_speed,NaN,E:\2026\99_seasonTiming\04_RUA\top_speed\Race 10.pdf,2026-04-22 16:49:37
RUA,R10,26,Kai Allen,31,252,false,top_speed,NaN,E:\2026\99_seasonTiming\04_RUA\top_speed\Race 10.pdf,2026-04-22 16:49:37
RUA,R10,26,Kai Allen,32,252,false,top_speed,NaN,E:\2026\99_seasonTiming\04_RUA\top_speed\Race 10.pdf,2026-04-22 16:49:37
RUA,R10,26,Kai Allen,33,252,false,top_speed,NaN,E:\2026\99_seasonTiming\04_RUA\top_speed\Race 10.pdf,2026-04-22 16:49:37
RUA,R10,26,Kai Allen,34,252,false,top_speed,NaN,E:\2026\99_seasonTiming\04_RUA\top_speed\Race 10.pdf,2026-04-22 16:49:37
RUA,R10,26,Kai Allen,35,253,false,top_speed,NaN,E:\2026\99_seasonTiming\04_RUA\top_speed\Race 10.pdf,2026-04-22 16:49:37
RUA,R10,26,Kai Allen,36,252,false,top_speed,NaN,E:\2026\99_seasonTiming\04_RUA\top_speed\Race 10.pdf,2026-04-22 16:49:37
RUA,R10,26,Kai Allen,37,252,false,top_speed,NaN,E:\2026\99_seasonTiming\04_RUA\top_speed\Race 10.pdf,2026-04-22 16:49:37
RUA,R10,31,Jayden Ojeda,1,206,false,top_speed,NaN,E:\2026\99_seasonTiming\04_RUA\top_speed\Race 10.pdf,2026-04-22 16:49:37
RUA,R10,31,Jayden Ojeda,2,215,false,top_speed,NaN,E:\2026\99_seasonTiming\04_RUA\top_speed\Race 10.pdf,2026-04-22 16:49:37
RUA,R10,31,Jayden Ojeda,3,238,false,top_speed,NaN,E:\2026\99_seasonTiming\04_RUA\top_speed\Race 10.pdf,2026-04-22 16:49:37
RUA,R10,31,Jayden Ojeda,4,245,false,top_speed,NaN,E:\2026\99_seasonTiming\04_RUA\top_speed\Race 10.pdf,2026-04-22 16:49:37
RUA,R10,31,Jayden Ojeda,5,239,false,top_speed,NaN,E:\2026\99_seasonTiming\04_RUA\top_speed\Race 10.pdf,2026-04-22 16:49:37
RUA,R10,31,Jayden Ojeda,6,248,false,top_speed,NaN,E:\2026\99_seasonTiming\04_RUA\top_speed\Race 10.pdf,2026-04-22 16:49:37
RUA,R10,31,Jayden Ojeda,7,247,false,top_speed,NaN,E:\2026\99_seasonTiming\04_RUA\top_speed\Race 10.pdf,2026-04-22 16:49:37
RUA,R10,31,Jayden Ojeda,8,249,false,top_speed,NaN,E:\2026\99_seasonTiming\04_RUA\top_speed\Race 10.pdf,2026-04-22 16:49:37
RUA,R10,31,Jayden Ojeda,9,251,false,top_speed,NaN,E:\2026\99_seasonTiming\04_RUA\top_speed\Race 10.pdf,2026-04-22 16:49:37
RUA,R10,31,Jayden Ojeda,10,246,false,top_speed,NaN,E:\2026\99_seasonTiming\04_RUA\top_speed\Race 10.pdf,2026-04-22 16:49:37
RUA,R10,31,Jayden Ojeda,11,251,false,top_speed,NaN,E:\2026\99_seasonTiming\04_RUA\top_speed\Race 10.pdf,2026-04-22 16:49:37
RUA,R10,31,Jayden Ojeda,12,248,false,top_speed,NaN,E:\2026\99_seasonTiming\04_RUA\top_speed\Race 10.pdf,2026-04-22 16:49:37
RUA,R10,31,Jayden Ojeda,13,250,false,top_speed,NaN,E:\2026\99_seasonTiming\04_RUA\top_speed\Race 10.pdf,2026-04-22 16:49:37
RUA,R10,31,Jayden Ojeda,14,251,false,top_speed,NaN,E:\2026\99_seasonTiming\04_RUA\top_speed\Race 10.pdf,2026-04-22 16:49:37
RUA,R10,31,Jayden Ojeda,15,246,false,top_speed,NaN,E:\2026\99_seasonTiming\04_RUA\top_speed\Race 10.pdf,2026-04-22 16:49:37
RUA,R10,31,Jayden Ojeda,16,243,false,top_speed,NaN,E:\2026\99_seasonTiming\04_RUA\top_speed\Race 10.pdf,2026-04-22 16:49:37
RUA,R10,31,Jayden Ojeda,17,248,false,top_speed,NaN,E:\2026\99_seasonTiming\04_RUA\top_speed\Race 10.pdf,2026-04-22 16:49:37
RUA,R10,31,Jayden Ojeda,18,250,false,top_speed,NaN,E:\2026\99_seasonTiming\04_RUA\top_speed\Race 10.pdf,2026-04-22 16:49:37
RUA,R10,31,Jayden Ojeda,19,250,false,top_speed,NaN,E:\2026\99_seasonTiming\04_RUA\top_speed\Race 10.pdf,2026-04-22 16:49:37
RUA,R10,31,Jayden Ojeda,20,252,false,top_speed,NaN,E:\2026\99_seasonTiming\04_RUA\top_speed\Race 10.pdf,2026-04-22 16:49:37
RUA,R10,31,Jayden Ojeda,21,247,false,top_speed,NaN,E:\2026\99_seasonTiming\04_RUA\top_speed\Race 10.pdf,2026-04-22 16:49:37
RUA,R10,31,Jayden Ojeda,22,245,false,top_speed,NaN,E:\2026\99_seasonTiming\04_RUA\top_speed\Race 10.pdf,2026-04-22 16:49:37
RUA,R10,31,Jayden Ojeda,23,193,false,top_speed,NaN,E:\2026\99_seasonTiming\04_RUA\top_speed\Race 10.pdf,2026-04-22 16:49:37
RUA,R10,31,Jayden Ojeda,24,239,false,top_speed,NaN,E:\2026\99_seasonTiming\04_RUA\top_speed\Race 10.pdf,2026-04-22 16:49:37
RUA,R10,31,Jayden Ojeda,25,254,false,top_speed,NaN,E:\2026\99_seasonTiming\04_RUA\top_speed\Race 10.pdf,2026-04-22 16:49:37
RUA,R10,31,Jayden Ojeda,26,251,false,top_speed,NaN,E:\2026\99_seasonTiming\04_RUA\top_speed\Race 10.pdf,2026-04-22 16:49:37
RUA,R10,31,Jayden Ojeda,27,253,false,top_speed,NaN,E:\2026\99_seasonTiming\04_RUA\top_speed\Race 10.pdf,2026-04-22 16:49:37
RUA,R10,31,Jayden Ojeda,28,246,false,top_speed,NaN,E:\2026\99_seasonTiming\04_RUA\top_speed\Race 10.pdf,2026-04-22 16:49:37
RUA,R10,31,Jayden Ojeda,29,249,false,top_speed,NaN,E:\2026\99_seasonTiming\04_RUA\top_speed\Race 10.pdf,2026-04-22 16:49:37
RUA,R10,31,Jayden Ojeda,30,249,false,top_speed,NaN,E:\2026\99_seasonTiming\04_RUA\top_speed\Race 10.pdf,2026-04-22 16:49:37
RUA,R10,31,Jayden Ojeda,31,250,false,top_speed,NaN,E:\2026\99_seasonTiming\04_RUA\top_speed\Race 10.pdf,2026-04-22 16:49:37
RUA,R10,31,Jayden Ojeda,32,251,false,top_speed,NaN,E:\2026\99_seasonTiming\04_RUA\top_speed\Race 10.pdf,2026-04-22 16:49:37
RUA,R10,31,Jayden Ojeda,33,253,false,top_speed,NaN,E:\2026\99_seasonTiming\04_RUA\top_speed\Race 10.pdf,2026-04-22 16:49:37
RUA,R10,31,Jayden Ojeda,34,251,false,top_speed,NaN,E:\2026\99_seasonTiming\04_RUA\top_speed\Race 10.pdf,2026-04-22 16:49:37
RUA,R10,31,Jayden Ojeda,35,247,false,top_speed,NaN,E:\2026\99_seasonTiming\04_RUA\top_speed\Race 10.pdf,2026-04-22 16:49:37
RUA,R10,31,Jayden Ojeda,36,226,false,top_speed,NaN,E:\2026\99_seasonTiming\04_RUA\top_speed\Race 10.pdf,2026-04-22 16:49:37
RUA,R10,31,Jayden Ojeda,37,251,false,top_speed,NaN,E:\2026\99_seasonTiming\04_RUA\top_speed\Race 10.pdf,2026-04-22 16:49:37
RUA,R10,38,Rylan Gray,1,205,false,top_speed,NaN,E:\2026\99_seasonTiming\04_RUA\top_speed\Race 10.pdf,2026-04-22 16:49:37
RUA,R10,38,Rylan Gray,2,218,false,top_speed,NaN,E:\2026\99_seasonTiming\04_RUA\top_speed\Race 10.pdf,2026-04-22 16:49:37
RUA,R10,38,Rylan Gray,3,245,false,top_speed,NaN,E:\2026\99_seasonTiming\04_RUA\top_speed\Race 10.pdf,2026-04-22 16:49:37
RUA,R10,38,Rylan Gray,4,250,false,top_speed,NaN,E:\2026\99_seasonTiming\04_RUA\top_speed\Race 10.pdf,2026-04-22 16:49:37
RUA,R10,38,Rylan Gray,5,246,false,top_speed,NaN,E:\2026\99_seasonTiming\04_RUA\top_speed\Race 10.pdf,2026-04-22 16:49:37
RUA,R10,38,Rylan Gray,6,250,false,top_speed,NaN,E:\2026\99_seasonTiming\04_RUA\top_speed\Race 10.pdf,2026-04-22 16:49:37
RUA,R10,38,Rylan Gray,7,252,false,top_speed,NaN,E:\2026\99_seasonTiming\04_RUA\top_speed\Race 10.pdf,2026-04-22 16:49:37
RUA,R10,38,Rylan Gray,8,251,false,top_speed,NaN,E:\2026\99_seasonTiming\04_RUA\top_speed\Race 10.pdf,2026-04-22 16:49:37
RUA,R10,38,Rylan Gray,9,251,false,top_speed,NaN,E:\2026\99_seasonTiming\04_RUA\top_speed\Race 10.pdf,2026-04-22 16:49:37
RUA,R10,38,Rylan Gray,10,252,false,top_speed,NaN,E:\2026\99_seasonTiming\04_RUA\top_speed\Race 10.pdf,2026-04-22 16:49:37
RUA,R10,38,Rylan Gray,11,249,false,top_speed,NaN,E:\2026\99_seasonTiming\04_RUA\top_speed\Race 10.pdf,2026-04-22 16:49:37
RUA,R10,38,Rylan Gray,12,251,false,top_speed,NaN,E:\2026\99_seasonTiming\04_RUA\top_speed\Race 10.pdf,2026-04-22 16:49:37
RUA,R10,38,Rylan Gray,13,251,false,top_speed,NaN,E:\2026\99_seasonTiming\04_RUA\top_speed\Race 10.pdf,2026-04-22 16:49:37
RUA,R10,38,Rylan Gray,14,251,false,top_speed,NaN,E:\2026\99_seasonTiming\04_RUA\top_speed\Race 10.pdf,2026-04-22 16:49:37
RUA,R10,38,Rylan Gray,15,252,false,top_speed,NaN,E:\2026\99_seasonTiming\04_RUA\top_speed\Race 10.pdf,2026-04-22 16:49:37
RUA,R10,38,Rylan Gray,16,251,false,top_speed,NaN,E:\2026\99_seasonTiming\04_RUA\top_speed\Race 10.pdf,2026-04-22 16:49:37
RUA,R10,38,Rylan Gray,17,250,false,top_speed,NaN,E:\2026\99_seasonTiming\04_RUA\top_speed\Race 10.pdf,2026-04-22 16:49:37
RUA,R10,38,Rylan Gray,18,253,false,top_speed,NaN,E:\2026\99_seasonTiming\04_RUA\top_speed\Race 10.pdf,2026-04-22 16:49:37
RUA,R10,38,Rylan Gray,19,189,false,top_speed,NaN,E:\2026\99_seasonTiming\04_RUA\top_speed\Race 10.pdf,2026-04-22 16:49:37
RUA,R10,38,Rylan Gray,20,249,false,top_speed,NaN,E:\2026\99_seasonTiming\04_RUA\top_speed\Race 10.pdf,2026-04-22 16:49:37
RUA,R10,38,Rylan Gray,21,249,false,top_speed,NaN,E:\2026\99_seasonTiming\04_RUA\top_speed\Race 10.pdf,2026-04-22 16:49:37
RUA,R10,38,Rylan Gray,22,250,false,top_speed,NaN,E:\2026\99_seasonTiming\04_RUA\top_speed\Race 10.pdf,2026-04-22 16:49:37
RUA,R10,38,Rylan Gray,23,251,false,top_speed,NaN,E:\2026\99_seasonTiming\04_RUA\top_speed\Race 10.pdf,2026-04-22 16:49:37
RUA,R10,38,Rylan Gray,24,252,false,top_speed,NaN,E:\2026\99_seasonTiming\04_RUA\top_speed\Race 10.pdf,2026-04-22 16:49:37
RUA,R10,38,Rylan Gray,25,252,false,top_speed,NaN,E:\2026\99_seasonTiming\04_RUA\top_speed\Race 10.pdf,2026-04-22 16:49:37
RUA,R10,38,Rylan Gray,26,253,false,top_speed,NaN,E:\2026\99_seasonTiming\04_RUA\top_speed\Race 10.pdf,2026-04-22 16:49:37
RUA,R10,38,Rylan Gray,27,250,false,top_speed,NaN,E:\2026\99_seasonTiming\04_RUA\top_speed\Race 10.pdf,2026-04-22 16:49:37
RUA,R10,38,Rylan Gray,28,251,false,top_speed,NaN,E:\2026\99_seasonTiming\04_RUA\top_speed\Race 10.pdf,2026-04-22 16:49:37
RUA,R10,38,Rylan Gray,29,253,false,top_speed,NaN,E:\2026\99_seasonTiming\04_RUA\top_speed\Race 10.pdf,2026-04-22 16:49:37
RUA,R10,38,Rylan Gray,30,254,false,top_speed,NaN,E:\2026\99_seasonTiming\04_RUA\top_speed\Race 10.pdf,2026-04-22 16:49:37
RUA,R10,38,Rylan Gray,31,253,false,top_speed,NaN,E:\2026\99_seasonTiming\04_RUA\top_speed\Race 10.pdf,2026-04-22 16:49:37
RUA,R10,38,Rylan Gray,32,252,false,top_speed,NaN,E:\2026\99_seasonTiming\04_RUA\top_speed\Race 10.pdf,2026-04-22 16:49:37
RUA,R10,38,Rylan Gray,33,254,false,top_speed,NaN,E:\2026\99_seasonTiming\04_RUA\top_speed\Race 10.pdf,2026-04-22 16:49:37
RUA,R10,38,Rylan Gray,34,253,false,top_speed,NaN,E:\2026\99_seasonTiming\04_RUA\top_speed\Race 10.pdf,2026-04-22 16:49:37
RUA,R10,38,Rylan Gray,35,254,false,top_speed,NaN,E:\2026\99_seasonTiming\04_RUA\top_speed\Race 10.pdf,2026-04-22 16:49:37
RUA,R10,38,Rylan Gray,36,253,false,top_speed,NaN,E:\2026\99_seasonTiming\04_RUA\top_speed\Race 10.pdf,2026-04-22 16:49:37
RUA,R10,38,Rylan Gray,37,254,false,top_speed,NaN,E:\2026\99_seasonTiming\04_RUA\top_speed\Race 10.pdf,2026-04-22 16:49:37
RUA,R10,55,Thomas Randle,1,205,false,top_speed,NaN,E:\2026\99_seasonTiming\04_RUA\top_speed\Race 10.pdf,2026-04-22 16:49:37
RUA,R10,55,Thomas Randle,2,236,false,top_speed,NaN,E:\2026\99_seasonTiming\04_RUA\top_speed\Race 10.pdf,2026-04-22 16:49:37
RUA,R10,55,Thomas Randle,3,234,false,top_speed,NaN,E:\2026\99_seasonTiming\04_RUA\top_speed\Race 10.pdf,2026-04-22 16:49:37
RUA,R10,55,Thomas Randle,4,249,false,top_speed,NaN,E:\2026\99_seasonTiming\04_RUA\top_speed\Race 10.pdf,2026-04-22 16:49:37
RUA,R10,55,Thomas Randle,5,246,false,top_speed,NaN,E:\2026\99_seasonTiming\04_RUA\top_speed\Race 10.pdf,2026-04-22 16:49:37
RUA,R10,55,Thomas Randle,6,250,false,top_speed,NaN,E:\2026\99_seasonTiming\04_RUA\top_speed\Race 10.pdf,2026-04-22 16:49:37
RUA,R10,55,Thomas Randle,7,250,false,top_speed,NaN,E:\2026\99_seasonTiming\04_RUA\top_speed\Race 10.pdf,2026-04-22 16:49:37
RUA,R10,55,Thomas Randle,8,251,false,top_speed,NaN,E:\2026\99_seasonTiming\04_RUA\top_speed\Race 10.pdf,2026-04-22 16:49:37
RUA,R10,55,Thomas Randle,9,252,false,top_speed,NaN,E:\2026\99_seasonTiming\04_RUA\top_speed\Race 10.pdf,2026-04-22 16:49:37
RUA,R10,55,Thomas Randle,10,251,false,top_speed,NaN,E:\2026\99_seasonTiming\04_RUA\top_speed\Race 10.pdf,2026-04-22 16:49:37
RUA,R10,55,Thomas Randle,11,249,false,top_speed,NaN,E:\2026\99_seasonTiming\04_RUA\top_speed\Race 10.pdf,2026-04-22 16:49:37
RUA,R10,55,Thomas Randle,12,250,false,top_speed,NaN,E:\2026\99_seasonTiming\04_RUA\top_speed\Race 10.pdf,2026-04-22 16:49:37
RUA,R10,55,Thomas Randle,13,248,false,top_speed,NaN,E:\2026\99_seasonTiming\04_RUA\top_speed\Race 10.pdf,2026-04-22 16:49:37
RUA,R10,55,Thomas Randle,14,248,false,top_speed,NaN,E:\2026\99_seasonTiming\04_RUA\top_speed\Race 10.pdf,2026-04-22 16:49:37
RUA,R10,55,Thomas Randle,15,249,false,top_speed,NaN,E:\2026\99_seasonTiming\04_RUA\top_speed\Race 10.pdf,2026-04-22 16:49:37
RUA,R10,55,Thomas Randle,16,250,false,top_speed,NaN,E:\2026\99_seasonTiming\04_RUA\top_speed\Race 10.pdf,2026-04-22 16:49:37
RUA,R10,55,Thomas Randle,17,249,false,top_speed,NaN,E:\2026\99_seasonTiming\04_RUA\top_speed\Race 10.pdf,2026-04-22 16:49:37
RUA,R10,55,Thomas Randle,18,249,false,top_speed,NaN,E:\2026\99_seasonTiming\04_RUA\top_speed\Race 10.pdf,2026-04-22 16:49:37
RUA,R10,55,Thomas Randle,19,249,false,top_speed,NaN,E:\2026\99_seasonTiming\04_RUA\top_speed\Race 10.pdf,2026-04-22 16:49:37
RUA,R10,55,Thomas Randle,20,250,false,top_speed,NaN,E:\2026\99_seasonTiming\04_RUA\top_speed\Race 10.pdf,2026-04-22 16:49:37
RUA,R10,55,Thomas Randle,21,249,false,top_speed,NaN,E:\2026\99_seasonTiming\04_RUA\top_speed\Race 10.pdf,2026-04-22 16:49:37
RUA,R10,55,Thomas Randle,22,189,false,top_speed,NaN,E:\2026\99_seasonTiming\04_RUA\top_speed\Race 10.pdf,2026-04-22 16:49:37
RUA,R10,55,Thomas Randle,23,252,false,top_speed,NaN,E:\2026\99_seasonTiming\04_RUA\top_speed\Race 10.pdf,2026-04-22 16:49:37
RUA,R10,55,Thomas Randle,24,252,false,top_speed,NaN,E:\2026\99_seasonTiming\04_RUA\top_speed\Race 10.pdf,2026-04-22 16:49:37
RUA,R10,55,Thomas Randle,25,246,false,top_speed,NaN,E:\2026\99_seasonTiming\04_RUA\top_speed\Race 10.pdf,2026-04-22 16:49:37
RUA,R10,55,Thomas Randle,26,241,false,top_speed,NaN,E:\2026\99_seasonTiming\04_RUA\top_speed\Race 10.pdf,2026-04-22 16:49:37
RUA,R10,55,Thomas Randle,27,253,false,top_speed,NaN,E:\2026\99_seasonTiming\04_RUA\top_speed\Race 10.pdf,2026-04-22 16:49:37
RUA,R10,55,Thomas Randle,28,252,false,top_speed,NaN,E:\2026\99_seasonTiming\04_RUA\top_speed\Race 10.pdf,2026-04-22 16:49:37
RUA,R10,55,Thomas Randle,29,249,false,top_speed,NaN,E:\2026\99_seasonTiming\04_RUA\top_speed\Race 10.pdf,2026-04-22 16:49:37
RUA,R10,55,Thomas Randle,30,248,false,top_speed,NaN,E:\2026\99_seasonTiming\04_RUA\top_speed\Race 10.pdf,2026-04-22 16:49:37
RUA,R10,55,Thomas Randle,31,250,false,top_speed,NaN,E:\2026\99_seasonTiming\04_RUA\top_speed\Race 10.pdf,2026-04-22 16:49:37
RUA,R10,55,Thomas Randle,32,250,false,top_speed,NaN,E:\2026\99_seasonTiming\04_RUA\top_speed\Race 10.pdf,2026-04-22 16:49:37
RUA,R10,55,Thomas Randle,33,251,false,top_speed,NaN,E:\2026\99_seasonTiming\04_RUA\top_speed\Race 10.pdf,2026-04-22 16:49:37
RUA,R10,55,Thomas Randle,34,249,false,top_speed,NaN,E:\2026\99_seasonTiming\04_RUA\top_speed\Race 10.pdf,2026-04-22 16:49:37
RUA,R10,55,Thomas Randle,35,248,false,top_speed,NaN,E:\2026\99_seasonTiming\04_RUA\top_speed\Race 10.pdf,2026-04-22 16:49:37
RUA,R10,55,Thomas Randle,36,226,false,top_speed,NaN,E:\2026\99_seasonTiming\04_RUA\top_speed\Race 10.pdf,2026-04-22 16:49:37
RUA,R10,55,Thomas Randle,37,251,false,top_speed,NaN,E:\2026\99_seasonTiming\04_RUA\top_speed\Race 10.pdf,2026-04-22 16:49:37
RUA,R10,88,Broc Feeney,1,190,false,top_speed,NaN,E:\2026\99_seasonTiming\04_RUA\top_speed\Race 10.pdf,2026-04-22 16:49:37
RUA,R10,88,Broc Feeney,2,220,false,top_speed,NaN,E:\2026\99_seasonTiming\04_RUA\top_speed\Race 10.pdf,2026-04-22 16:49:37
RUA,R10,88,Broc Feeney,3,246,false,top_speed,NaN,E:\2026\99_seasonTiming\04_RUA\top_speed\Race 10.pdf,2026-04-22 16:49:37
RUA,R10,88,Broc Feeney,4,248,false,top_speed,NaN,E:\2026\99_seasonTiming\04_RUA\top_speed\Race 10.pdf,2026-04-22 16:49:37
RUA,R10,88,Broc Feeney,5,233,false,top_speed,NaN,E:\2026\99_seasonTiming\04_RUA\top_speed\Race 10.pdf,2026-04-22 16:49:37
RUA,R10,88,Broc Feeney,6,252,false,top_speed,NaN,E:\2026\99_seasonTiming\04_RUA\top_speed\Race 10.pdf,2026-04-22 16:49:37
RUA,R10,88,Broc Feeney,7,253,false,top_speed,NaN,E:\2026\99_seasonTiming\04_RUA\top_speed\Race 10.pdf,2026-04-22 16:49:37
RUA,R10,88,Broc Feeney,8,251,false,top_speed,NaN,E:\2026\99_seasonTiming\04_RUA\top_speed\Race 10.pdf,2026-04-22 16:49:37
RUA,R10,88,Broc Feeney,9,253,false,top_speed,NaN,E:\2026\99_seasonTiming\04_RUA\top_speed\Race 10.pdf,2026-04-22 16:49:37
RUA,R10,88,Broc Feeney,10,252,false,top_speed,NaN,E:\2026\99_seasonTiming\04_RUA\top_speed\Race 10.pdf,2026-04-22 16:49:37
RUA,R10,88,Broc Feeney,11,251,false,top_speed,NaN,E:\2026\99_seasonTiming\04_RUA\top_speed\Race 10.pdf,2026-04-22 16:49:37
RUA,R10,88,Broc Feeney,12,253,false,top_speed,NaN,E:\2026\99_seasonTiming\04_RUA\top_speed\Race 10.pdf,2026-04-22 16:49:37
RUA,R10,88,Broc Feeney,13,248,false,top_speed,NaN,E:\2026\99_seasonTiming\04_RUA\top_speed\Race 10.pdf,2026-04-22 16:49:37
RUA,R10,88,Broc Feeney,14,250,false,top_speed,NaN,E:\2026\99_seasonTiming\04_RUA\top_speed\Race 10.pdf,2026-04-22 16:49:37
RUA,R10,88,Broc Feeney,15,246,false,top_speed,NaN,E:\2026\99_seasonTiming\04_RUA\top_speed\Race 10.pdf,2026-04-22 16:49:37
RUA,R10,88,Broc Feeney,16,251,false,top_speed,NaN,E:\2026\99_seasonTiming\04_RUA\top_speed\Race 10.pdf,2026-04-22 16:49:37
RUA,R10,88,Broc Feeney,17,251,false,top_speed,NaN,E:\2026\99_seasonTiming\04_RUA\top_speed\Race 10.pdf,2026-04-22 16:49:37
RUA,R10,88,Broc Feeney,18,250,false,top_speed,NaN,E:\2026\99_seasonTiming\04_RUA\top_speed\Race 10.pdf,2026-04-22 16:49:37
RUA,R10,88,Broc Feeney,19,251,false,top_speed,NaN,E:\2026\99_seasonTiming\04_RUA\top_speed\Race 10.pdf,2026-04-22 16:49:37
RUA,R10,88,Broc Feeney,20,251,false,top_speed,NaN,E:\2026\99_seasonTiming\04_RUA\top_speed\Race 10.pdf,2026-04-22 16:49:37
RUA,R10,88,Broc Feeney,21,250,false,top_speed,NaN,E:\2026\99_seasonTiming\04_RUA\top_speed\Race 10.pdf,2026-04-22 16:49:37
RUA,R10,88,Broc Feeney,22,193,false,top_speed,NaN,E:\2026\99_seasonTiming\04_RUA\top_speed\Race 10.pdf,2026-04-22 16:49:37
RUA,R10,88,Broc Feeney,23,244,false,top_speed,NaN,E:\2026\99_seasonTiming\04_RUA\top_speed\Race 10.pdf,2026-04-22 16:49:37
RUA,R10,88,Broc Feeney,24,250,false,top_speed,NaN,E:\2026\99_seasonTiming\04_RUA\top_speed\Race 10.pdf,2026-04-22 16:49:37
RUA,R10,88,Broc Feeney,25,251,false,top_speed,NaN,E:\2026\99_seasonTiming\04_RUA\top_speed\Race 10.pdf,2026-04-22 16:49:37
RUA,R10,88,Broc Feeney,26,250,false,top_speed,NaN,E:\2026\99_seasonTiming\04_RUA\top_speed\Race 10.pdf,2026-04-22 16:49:37
RUA,R10,88,Broc Feeney,27,251,false,top_speed,NaN,E:\2026\99_seasonTiming\04_RUA\top_speed\Race 10.pdf,2026-04-22 16:49:37
RUA,R10,88,Broc Feeney,28,251,false,top_speed,NaN,E:\2026\99_seasonTiming\04_RUA\top_speed\Race 10.pdf,2026-04-22 16:49:37
RUA,R10,88,Broc Feeney,29,251,false,top_speed,NaN,E:\2026\99_seasonTiming\04_RUA\top_speed\Race 10.pdf,2026-04-22 16:49:37
RUA,R10,88,Broc Feeney,30,252,false,top_speed,NaN,E:\2026\99_seasonTiming\04_RUA\top_speed\Race 10.pdf,2026-04-22 16:49:37
RUA,R10,88,Broc Feeney,31,252,false,top_speed,NaN,E:\2026\99_seasonTiming\04_RUA\top_speed\Race 10.pdf,2026-04-22 16:49:37
RUA,R10,88,Broc Feeney,32,250,false,top_speed,NaN,E:\2026\99_seasonTiming\04_RUA\top_speed\Race 10.pdf,2026-04-22 16:49:37
RUA,R10,88,Broc Feeney,33,248,false,top_speed,NaN,E:\2026\99_seasonTiming\04_RUA\top_speed\Race 10.pdf,2026-04-22 16:49:37
RUA,R10,88,Broc Feeney,34,244,false,top_speed,NaN,E:\2026\99_seasonTiming\04_RUA\top_speed\Race 10.pdf,2026-04-22 16:49:37
RUA,R10,88,Broc Feeney,35,248,false,top_speed,NaN,E:\2026\99_seasonTiming\04_RUA\top_speed\Race 10.pdf,2026-04-22 16:49:37
RUA,R10,88,Broc Feeney,36,234,false,top_speed,NaN,E:\2026\99_seasonTiming\04_RUA\top_speed\Race 10.pdf,2026-04-22 16:49:37
RUA,R10,88,Broc Feeney,37,251,false,top_speed,NaN,E:\2026\99_seasonTiming\04_RUA\top_speed\Race 10.pdf,2026-04-22 16:49:37
RUA,R10,96,Macauley Jones,1,87,false,top_speed,NaN,E:\2026\99_seasonTiming\04_RUA\top_speed\Race 10.pdf,2026-04-22 16:49:37
RUA,R10,96,Macauley Jones,2,179,false,top_speed,NaN,E:\2026\99_seasonTiming\04_RUA\top_speed\Race 10.pdf,2026-04-22 16:49:37
RUA,R10,96,Macauley Jones,3,240,false,top_speed,NaN,E:\2026\99_seasonTiming\04_RUA\top_speed\Race 10.pdf,2026-04-22 16:49:37
RUA,R10,96,Macauley Jones,4,246,false,top_speed,NaN,E:\2026\99_seasonTiming\04_RUA\top_speed\Race 10.pdf,2026-04-22 16:49:37
RUA,R10,96,Macauley Jones,5,245,false,top_speed,NaN,E:\2026\99_seasonTiming\04_RUA\top_speed\Race 10.pdf,2026-04-22 16:49:37
RUA,R10,96,Macauley Jones,6,247,false,top_speed,NaN,E:\2026\99_seasonTiming\04_RUA\top_speed\Race 10.pdf,2026-04-22 16:49:37
RUA,R10,96,Macauley Jones,7,247,false,top_speed,NaN,E:\2026\99_seasonTiming\04_RUA\top_speed\Race 10.pdf,2026-04-22 16:49:37
RUA,R10,96,Macauley Jones,8,247,false,top_speed,NaN,E:\2026\99_seasonTiming\04_RUA\top_speed\Race 10.pdf,2026-04-22 16:49:37
RUA,R10,96,Macauley Jones,9,246,false,top_speed,NaN,E:\2026\99_seasonTiming\04_RUA\top_speed\Race 10.pdf,2026-04-22 16:49:37
RUA,R10,96,Macauley Jones,10,245,false,top_speed,NaN,E:\2026\99_seasonTiming\04_RUA\top_speed\Race 10.pdf,2026-04-22 16:49:37
RUA,R10,96,Macauley Jones,11,245,false,top_speed,NaN,E:\2026\99_seasonTiming\04_RUA\top_speed\Race 10.pdf,2026-04-22 16:49:37
RUA,R10,96,Macauley Jones,12,244,false,top_speed,NaN,E:\2026\99_seasonTiming\04_RUA\top_speed\Race 10.pdf,2026-04-22 16:49:37
RUA,R10,96,Macauley Jones,13,246,false,top_speed,NaN,E:\2026\99_seasonTiming\04_RUA\top_speed\Race 10.pdf,2026-04-22 16:49:37
RUA,R10,96,Macauley Jones,14,246,false,top_speed,NaN,E:\2026\99_seasonTiming\04_RUA\top_speed\Race 10.pdf,2026-04-22 16:49:37
RUA,R10,96,Macauley Jones,15,247,false,top_speed,NaN,E:\2026\99_seasonTiming\04_RUA\top_speed\Race 10.pdf,2026-04-22 16:49:37
RUA,R10,96,Macauley Jones,16,248,false,top_speed,NaN,E:\2026\99_seasonTiming\04_RUA\top_speed\Race 10.pdf,2026-04-22 16:49:37
RUA,R10,96,Macauley Jones,17,247,false,top_speed,NaN,E:\2026\99_seasonTiming\04_RUA\top_speed\Race 10.pdf,2026-04-22 16:49:37
RUA,R10,96,Macauley Jones,18,247,false,top_speed,NaN,E:\2026\99_seasonTiming\04_RUA\top_speed\Race 10.pdf,2026-04-22 16:49:37
RUA,R10,96,Macauley Jones,19,197,false,top_speed,NaN,E:\2026\99_seasonTiming\04_RUA\top_speed\Race 10.pdf,2026-04-22 16:49:37
RUA,R10,96,Macauley Jones,20,248,false,top_speed,NaN,E:\2026\99_seasonTiming\04_RUA\top_speed\Race 10.pdf,2026-04-22 16:49:37
RUA,R10,96,Macauley Jones,21,248,false,top_speed,NaN,E:\2026\99_seasonTiming\04_RUA\top_speed\Race 10.pdf,2026-04-22 16:49:37
RUA,R10,96,Macauley Jones,22,249,false,top_speed,NaN,E:\2026\99_seasonTiming\04_RUA\top_speed\Race 10.pdf,2026-04-22 16:49:37
RUA,R10,96,Macauley Jones,23,249,false,top_speed,NaN,E:\2026\99_seasonTiming\04_RUA\top_speed\Race 10.pdf,2026-04-22 16:49:37
RUA,R10,96,Macauley Jones,24,249,false,top_speed,NaN,E:\2026\99_seasonTiming\04_RUA\top_speed\Race 10.pdf,2026-04-22 16:49:37
RUA,R10,96,Macauley Jones,25,248,false,top_speed,NaN,E:\2026\99_seasonTiming\04_RUA\top_speed\Race 10.pdf,2026-04-22 16:49:37
RUA,R10,96,Macauley Jones,26,188,false,top_speed,NaN,E:\2026\99_seasonTiming\04_RUA\top_speed\Race 10.pdf,2026-04-22 16:49:37
RUA,R10,96,Macauley Jones,27,247,false,top_speed,NaN,E:\2026\99_seasonTiming\04_RUA\top_speed\Race 10.pdf,2026-04-22 16:49:37
RUA,R10,96,Macauley Jones,28,249,false,top_speed,NaN,E:\2026\99_seasonTiming\04_RUA\top_speed\Race 10.pdf,2026-04-22 16:49:37
RUA,R10,96,Macauley Jones,29,249,false,top_speed,NaN,E:\2026\99_seasonTiming\04_RUA\top_speed\Race 10.pdf,2026-04-22 16:49:37
RUA,R10,96,Macauley Jones,30,250,false,top_speed,NaN,E:\2026\99_seasonTiming\04_RUA\top_speed\Race 10.pdf,2026-04-22 16:49:37
RUA,R10,96,Macauley Jones,31,249,false,top_speed,NaN,E:\2026\99_seasonTiming\04_RUA\top_speed\Race 10.pdf,2026-04-22 16:49:37
RUA,R10,96,Macauley Jones,32,250,false,top_speed,NaN,E:\2026\99_seasonTiming\04_RUA\top_speed\Race 10.pdf,2026-04-22 16:49:37
RUA,R10,96,Macauley Jones,33,251,false,top_speed,NaN,E:\2026\99_seasonTiming\04_RUA\top_speed\Race 10.pdf,2026-04-22 16:49:37
RUA,R10,96,Macauley Jones,34,251,false,top_speed,NaN,E:\2026\99_seasonTiming\04_RUA\top_speed\Race 10.pdf,2026-04-22 16:49:37
RUA,R10,96,Macauley Jones,35,246,false,top_speed,NaN,E:\2026\99_seasonTiming\04_RUA\top_speed\Race 10.pdf,2026-04-22 16:49:37
RUA,R10,99,Cooper Murray,1,201,false,top_speed,NaN,E:\2026\99_seasonTiming\04_RUA\top_speed\Race 10.pdf,2026-04-22 16:49:37
RUA,R10,99,Cooper Murray,2,217,false,top_speed,NaN,E:\2026\99_seasonTiming\04_RUA\top_speed\Race 10.pdf,2026-04-22 16:49:37
RUA,R10,99,Cooper Murray,3,246,false,top_speed,NaN,E:\2026\99_seasonTiming\04_RUA\top_speed\Race 10.pdf,2026-04-22 16:49:37
RUA,R10,99,Cooper Murray,4,250,false,top_speed,NaN,E:\2026\99_seasonTiming\04_RUA\top_speed\Race 10.pdf,2026-04-22 16:49:37
RUA,R10,99,Cooper Murray,5,252,false,top_speed,NaN,E:\2026\99_seasonTiming\04_RUA\top_speed\Race 10.pdf,2026-04-22 16:49:37
RUA,R10,99,Cooper Murray,6,251,false,top_speed,NaN,E:\2026\99_seasonTiming\04_RUA\top_speed\Race 10.pdf,2026-04-22 16:49:37
RUA,R10,99,Cooper Murray,7,254,false,top_speed,NaN,E:\2026\99_seasonTiming\04_RUA\top_speed\Race 10.pdf,2026-04-22 16:49:37
RUA,R10,99,Cooper Murray,8,249,false,top_speed,NaN,E:\2026\99_seasonTiming\04_RUA\top_speed\Race 10.pdf,2026-04-22 16:49:37
RUA,R10,99,Cooper Murray,9,251,false,top_speed,NaN,E:\2026\99_seasonTiming\04_RUA\top_speed\Race 10.pdf,2026-04-22 16:49:37
RUA,R10,99,Cooper Murray,10,249,false,top_speed,NaN,E:\2026\99_seasonTiming\04_RUA\top_speed\Race 10.pdf,2026-04-22 16:49:37
RUA,R10,99,Cooper Murray,11,248,false,top_speed,NaN,E:\2026\99_seasonTiming\04_RUA\top_speed\Race 10.pdf,2026-04-22 16:49:37
RUA,R10,99,Cooper Murray,12,249,false,top_speed,NaN,E:\2026\99_seasonTiming\04_RUA\top_speed\Race 10.pdf,2026-04-22 16:49:37
RUA,R10,99,Cooper Murray,13,247,false,top_speed,NaN,E:\2026\99_seasonTiming\04_RUA\top_speed\Race 10.pdf,2026-04-22 16:49:37
RUA,R10,99,Cooper Murray,14,249,false,top_speed,NaN,E:\2026\99_seasonTiming\04_RUA\top_speed\Race 10.pdf,2026-04-22 16:49:37
RUA,R10,99,Cooper Murray,15,191,false,top_speed,NaN,E:\2026\99_seasonTiming\04_RUA\top_speed\Race 10.pdf,2026-04-22 16:49:37
RUA,R10,99,Cooper Murray,16,250,false,top_speed,NaN,E:\2026\99_seasonTiming\04_RUA\top_speed\Race 10.pdf,2026-04-22 16:49:37
RUA,R10,99,Cooper Murray,17,251,false,top_speed,NaN,E:\2026\99_seasonTiming\04_RUA\top_speed\Race 10.pdf,2026-04-22 16:49:37
RUA,R10,99,Cooper Murray,18,251,false,top_speed,NaN,E:\2026\99_seasonTiming\04_RUA\top_speed\Race 10.pdf,2026-04-22 16:49:37
RUA,R10,99,Cooper Murray,19,251,false,top_speed,NaN,E:\2026\99_seasonTiming\04_RUA\top_speed\Race 10.pdf,2026-04-22 16:49:37
RUA,R10,99,Cooper Murray,20,248,false,top_speed,NaN,E:\2026\99_seasonTiming\04_RUA\top_speed\Race 10.pdf,2026-04-22 16:49:37
RUA,R10,99,Cooper Murray,21,248,false,top_speed,NaN,E:\2026\99_seasonTiming\04_RUA\top_speed\Race 10.pdf,2026-04-22 16:49:37
RUA,R10,99,Cooper Murray,22,251,false,top_speed,NaN,E:\2026\99_seasonTiming\04_RUA\top_speed\Race 10.pdf,2026-04-22 16:49:37
RUA,R10,99,Cooper Murray,23,254,false,top_speed,NaN,E:\2026\99_seasonTiming\04_RUA\top_speed\Race 10.pdf,2026-04-22 16:49:37
RUA,R10,99,Cooper Murray,24,253,false,top_speed,NaN,E:\2026\99_seasonTiming\04_RUA\top_speed\Race 10.pdf,2026-04-22 16:49:37
RUA,R10,99,Cooper Murray,25,254,false,top_speed,NaN,E:\2026\99_seasonTiming\04_RUA\top_speed\Race 10.pdf,2026-04-22 16:49:37
RUA,R10,99,Cooper Murray,26,254,false,top_speed,NaN,E:\2026\99_seasonTiming\04_RUA\top_speed\Race 10.pdf,2026-04-22 16:49:37
RUA,R10,99,Cooper Murray,27,251,false,top_speed,NaN,E:\2026\99_seasonTiming\04_RUA\top_speed\Race 10.pdf,2026-04-22 16:49:37
RUA,R10,99,Cooper Murray,28,252,false,top_speed,NaN,E:\2026\99_seasonTiming\04_RUA\top_speed\Race 10.pdf,2026-04-22 16:49:37
RUA,R10,99,Cooper Murray,29,251,false,top_speed,NaN,E:\2026\99_seasonTiming\04_RUA\top_speed\Race 10.pdf,2026-04-22 16:49:37
RUA,R10,99,Cooper Murray,30,252,false,top_speed,NaN,E:\2026\99_seasonTiming\04_RUA\top_speed\Race 10.pdf,2026-04-22 16:49:37
RUA,R10,99,Cooper Murray,31,253,false,top_speed,NaN,E:\2026\99_seasonTiming\04_RUA\top_speed\Race 10.pdf,2026-04-22 16:49:37
RUA,R10,99,Cooper Murray,32,253,false,top_speed,NaN,E:\2026\99_seasonTiming\04_RUA\top_speed\Race 10.pdf,2026-04-22 16:49:37
RUA,R10,99,Cooper Murray,33,254,false,top_speed,NaN,E:\2026\99_seasonTiming\04_RUA\top_speed\Race 10.pdf,2026-04-22 16:49:37
RUA,R10,99,Cooper Murray,34,254,false,top_speed,NaN,E:\2026\99_seasonTiming\04_RUA\top_speed\Race 10.pdf,2026-04-22 16:49:37
RUA,R10,99,Cooper Murray,35,253,false,top_speed,NaN,E:\2026\99_seasonTiming\04_RUA\top_speed\Race 10.pdf,2026-04-22 16:49:37
RUA,R10,99,Cooper Murray,36,253,false,top_speed,NaN,E:\2026\99_seasonTiming\04_RUA\top_speed\Race 10.pdf,2026-04-22 16:49:37
RUA,R10,99,Cooper Murray,37,252,false,top_speed,NaN,E:\2026\99_seasonTiming\04_RUA\top_speed\Race 10.pdf,2026-04-22 16:49:37
RUA,R10,777,Declan Fraser,1,209,false,top_speed,NaN,E:\2026\99_seasonTiming\04_RUA\top_speed\Race 10.pdf,2026-04-22 16:49:37
RUA,R10,777,Declan Fraser,2,226,false,top_speed,NaN,E:\2026\99_seasonTiming\04_RUA\top_speed\Race 10.pdf,2026-04-22 16:49:37
RUA,R10,777,Declan Fraser,3,252,false,top_speed,NaN,E:\2026\99_seasonTiming\04_RUA\top_speed\Race 10.pdf,2026-04-22 16:49:37
RUA,R10,777,Declan Fraser,4,245,false,top_speed,NaN,E:\2026\99_seasonTiming\04_RUA\top_speed\Race 10.pdf,2026-04-22 16:49:37
RUA,R10,777,Declan Fraser,5,241,false,top_speed,NaN,E:\2026\99_seasonTiming\04_RUA\top_speed\Race 10.pdf,2026-04-22 16:49:37
RUA,R10,777,Declan Fraser,6,245,false,top_speed,NaN,E:\2026\99_seasonTiming\04_RUA\top_speed\Race 10.pdf,2026-04-22 16:49:37
RUA,R10,777,Declan Fraser,7,245,false,top_speed,NaN,E:\2026\99_seasonTiming\04_RUA\top_speed\Race 10.pdf,2026-04-22 16:49:37
RUA,R10,777,Declan Fraser,8,251,false,top_speed,NaN,E:\2026\99_seasonTiming\04_RUA\top_speed\Race 10.pdf,2026-04-22 16:49:37
RUA,R10,777,Declan Fraser,9,253,false,top_speed,NaN,E:\2026\99_seasonTiming\04_RUA\top_speed\Race 10.pdf,2026-04-22 16:49:37
RUA,R10,777,Declan Fraser,10,253,false,top_speed,NaN,E:\2026\99_seasonTiming\04_RUA\top_speed\Race 10.pdf,2026-04-22 16:49:37
RUA,R10,777,Declan Fraser,11,240,false,top_speed,NaN,E:\2026\99_seasonTiming\04_RUA\top_speed\Race 10.pdf,2026-04-22 16:49:37
RUA,R10,777,Declan Fraser,12,246,false,top_speed,NaN,E:\2026\99_seasonTiming\04_RUA\top_speed\Race 10.pdf,2026-04-22 16:49:37
RUA,R10,777,Declan Fraser,13,243,false,top_speed,NaN,E:\2026\99_seasonTiming\04_RUA\top_speed\Race 10.pdf,2026-04-22 16:49:37
RUA,R10,777,Declan Fraser,14,245,false,top_speed,NaN,E:\2026\99_seasonTiming\04_RUA\top_speed\Race 10.pdf,2026-04-22 16:49:37
RUA,R10,777,Declan Fraser,15,249,false,top_speed,NaN,E:\2026\99_seasonTiming\04_RUA\top_speed\Race 10.pdf,2026-04-22 16:49:37
RUA,R10,777,Declan Fraser,16,250,false,top_speed,NaN,E:\2026\99_seasonTiming\04_RUA\top_speed\Race 10.pdf,2026-04-22 16:49:37
RUA,R10,777,Declan Fraser,17,251,false,top_speed,NaN,E:\2026\99_seasonTiming\04_RUA\top_speed\Race 10.pdf,2026-04-22 16:49:37
RUA,R10,777,Declan Fraser,18,250,false,top_speed,NaN,E:\2026\99_seasonTiming\04_RUA\top_speed\Race 10.pdf,2026-04-22 16:49:37
RUA,R10,777,Declan Fraser,19,252,false,top_speed,NaN,E:\2026\99_seasonTiming\04_RUA\top_speed\Race 10.pdf,2026-04-22 16:49:37
RUA,R10,777,Declan Fraser,20,249,false,top_speed,NaN,E:\2026\99_seasonTiming\04_RUA\top_speed\Race 10.pdf,2026-04-22 16:49:37
RUA,R10,777,Declan Fraser,21,247,false,top_speed,NaN,E:\2026\99_seasonTiming\04_RUA\top_speed\Race 10.pdf,2026-04-22 16:49:37
RUA,R10,777,Declan Fraser,22,249,false,top_speed,NaN,E:\2026\99_seasonTiming\04_RUA\top_speed\Race 10.pdf,2026-04-22 16:49:37
RUA,R10,777,Declan Fraser,23,251,false,top_speed,NaN,E:\2026\99_seasonTiming\04_RUA\top_speed\Race 10.pdf,2026-04-22 16:49:37
RUA,R10,777,Declan Fraser,24,250,false,top_speed,NaN,E:\2026\99_seasonTiming\04_RUA\top_speed\Race 10.pdf,2026-04-22 16:49:37
RUA,R10,777,Declan Fraser,25,249,false,top_speed,NaN,E:\2026\99_seasonTiming\04_RUA\top_speed\Race 10.pdf,2026-04-22 16:49:37
RUA,R10,777,Declan Fraser,26,189,false,top_speed,NaN,E:\2026\99_seasonTiming\04_RUA\top_speed\Race 10.pdf,2026-04-22 16:49:37
RUA,R10,777,Declan Fraser,27,251,false,top_speed,NaN,E:\2026\99_seasonTiming\04_RUA\top_speed\Race 10.pdf,2026-04-22 16:49:37
RUA,R10,777,Declan Fraser,28,253,false,top_speed,NaN,E:\2026\99_seasonTiming\04_RUA\top_speed\Race 10.pdf,2026-04-22 16:49:37
RUA,R10,777,Declan Fraser,29,233,false,top_speed,NaN,E:\2026\99_seasonTiming\04_RUA\top_speed\Race 10.pdf,2026-04-22 16:49:37
RUA,R10,777,Declan Fraser,30,251,false,top_speed,NaN,E:\2026\99_seasonTiming\04_RUA\top_speed\Race 10.pdf,2026-04-22 16:49:37
RUA,R10,777,Declan Fraser,31,244,false,top_speed,NaN,E:\2026\99_seasonTiming\04_RUA\top_speed\Race 10.pdf,2026-04-22 16:49:37
RUA,R10,777,Declan Fraser,32,249,false,top_speed,NaN,E:\2026\99_seasonTiming\04_RUA\top_speed\Race 10.pdf,2026-04-22 16:49:37
RUA,R10,777,Declan Fraser,33,253,false,top_speed,NaN,E:\2026\99_seasonTiming\04_RUA\top_speed\Race 10.pdf,2026-04-22 16:49:37
RUA,R10,777,Declan Fraser,34,253,false,top_speed,NaN,E:\2026\99_seasonTiming\04_RUA\top_speed\Race 10.pdf,2026-04-22 16:49:37
RUA,R10,777,Declan Fraser,35,255,false,top_speed,NaN,E:\2026\99_seasonTiming\04_RUA\top_speed\Race 10.pdf,2026-04-22 16:49:37
RUA,R10,777,Declan Fraser,36,254,false,top_speed,NaN,E:\2026\99_seasonTiming\04_RUA\top_speed\Race 10.pdf,2026-04-22 16:49:37
RUA,R10,777,Declan Fraser,37,252,false,top_speed,NaN,E:\2026\99_seasonTiming\04_RUA\top_speed\Race 10.pdf,2026-04-22 16:49:37
RUA,R10,888,William Brown,1,204,false,top_speed,NaN,E:\2026\99_seasonTiming\04_RUA\top_speed\Race 10.pdf,2026-04-22 16:49:37
RUA,R10,888,William Brown,2,244,false,top_speed,NaN,E:\2026\99_seasonTiming\04_RUA\top_speed\Race 10.pdf,2026-04-22 16:49:37
RUA,R10,888,William Brown,3,248,false,top_speed,NaN,E:\2026\99_seasonTiming\04_RUA\top_speed\Race 10.pdf,2026-04-22 16:49:37
RUA,R10,888,William Brown,4,248,false,top_speed,NaN,E:\2026\99_seasonTiming\04_RUA\top_speed\Race 10.pdf,2026-04-22 16:49:37
RUA,R10,888,William Brown,5,249,false,top_speed,NaN,E:\2026\99_seasonTiming\04_RUA\top_speed\Race 10.pdf,2026-04-22 16:49:37
RUA,R10,888,William Brown,6,249,false,top_speed,NaN,E:\2026\99_seasonTiming\04_RUA\top_speed\Race 10.pdf,2026-04-22 16:49:37
RUA,R10,888,William Brown,7,248,false,top_speed,NaN,E:\2026\99_seasonTiming\04_RUA\top_speed\Race 10.pdf,2026-04-22 16:49:37
RUA,R10,888,William Brown,8,248,false,top_speed,NaN,E:\2026\99_seasonTiming\04_RUA\top_speed\Race 10.pdf,2026-04-22 16:49:37
RUA,R10,888,William Brown,9,249,false,top_speed,NaN,E:\2026\99_seasonTiming\04_RUA\top_speed\Race 10.pdf,2026-04-22 16:49:37
RUA,R10,888,William Brown,10,248,false,top_speed,NaN,E:\2026\99_seasonTiming\04_RUA\top_speed\Race 10.pdf,2026-04-22 16:49:37
RUA,R10,888,William Brown,11,247,false,top_speed,NaN,E:\2026\99_seasonTiming\04_RUA\top_speed\Race 10.pdf,2026-04-22 16:49:37
RUA,R10,888,William Brown,12,247,false,top_speed,NaN,E:\2026\99_seasonTiming\04_RUA\top_speed\Race 10.pdf,2026-04-22 16:49:37
RUA,R10,888,William Brown,13,246,false,top_speed,NaN,E:\2026\99_seasonTiming\04_RUA\top_speed\Race 10.pdf,2026-04-22 16:49:37
RUA,R10,888,William Brown,14,246,false,top_speed,NaN,E:\2026\99_seasonTiming\04_RUA\top_speed\Race 10.pdf,2026-04-22 16:49:37
RUA,R10,888,William Brown,15,247,false,top_speed,NaN,E:\2026\99_seasonTiming\04_RUA\top_speed\Race 10.pdf,2026-04-22 16:49:37
RUA,R10,888,William Brown,16,248,false,top_speed,NaN,E:\2026\99_seasonTiming\04_RUA\top_speed\Race 10.pdf,2026-04-22 16:49:37
RUA,R10,888,William Brown,17,248,false,top_speed,NaN,E:\2026\99_seasonTiming\04_RUA\top_speed\Race 10.pdf,2026-04-22 16:49:37
RUA,R10,888,William Brown,18,248,false,top_speed,NaN,E:\2026\99_seasonTiming\04_RUA\top_speed\Race 10.pdf,2026-04-22 16:49:37
RUA,R10,888,William Brown,19,248,false,top_speed,NaN,E:\2026\99_seasonTiming\04_RUA\top_speed\Race 10.pdf,2026-04-22 16:49:37
RUA,R10,888,William Brown,20,249,false,top_speed,NaN,E:\2026\99_seasonTiming\04_RUA\top_speed\Race 10.pdf,2026-04-22 16:49:37
RUA,R10,888,William Brown,21,190,false,top_speed,NaN,E:\2026\99_seasonTiming\04_RUA\top_speed\Race 10.pdf,2026-04-22 16:49:37
RUA,R10,888,William Brown,22,249,false,top_speed,NaN,E:\2026\99_seasonTiming\04_RUA\top_speed\Race 10.pdf,2026-04-22 16:49:37
RUA,R10,888,William Brown,23,251,false,top_speed,NaN,E:\2026\99_seasonTiming\04_RUA\top_speed\Race 10.pdf,2026-04-22 16:49:37
RUA,R10,888,William Brown,24,250,false,top_speed,NaN,E:\2026\99_seasonTiming\04_RUA\top_speed\Race 10.pdf,2026-04-22 16:49:37
RUA,R10,888,William Brown,25,250,false,top_speed,NaN,E:\2026\99_seasonTiming\04_RUA\top_speed\Race 10.pdf,2026-04-22 16:49:37
RUA,R10,888,William Brown,26,250,false,top_speed,NaN,E:\2026\99_seasonTiming\04_RUA\top_speed\Race 10.pdf,2026-04-22 16:49:37
RUA,R10,888,William Brown,27,251,false,top_speed,NaN,E:\2026\99_seasonTiming\04_RUA\top_speed\Race 10.pdf,2026-04-22 16:49:37
RUA,R10,888,William Brown,28,251,false,top_speed,NaN,E:\2026\99_seasonTiming\04_RUA\top_speed\Race 10.pdf,2026-04-22 16:49:37
RUA,R10,888,William Brown,29,252,false,top_speed,NaN,E:\2026\99_seasonTiming\04_RUA\top_speed\Race 10.pdf,2026-04-22 16:49:37
RUA,R10,888,William Brown,30,249,false,top_speed,NaN,E:\2026\99_seasonTiming\04_RUA\top_speed\Race 10.pdf,2026-04-22 16:49:37
RUA,R10,888,William Brown,31,254,false,top_speed,NaN,E:\2026\99_seasonTiming\04_RUA\top_speed\Race 10.pdf,2026-04-22 16:49:37
RUA,R10,888,William Brown,32,251,false,top_speed,NaN,E:\2026\99_seasonTiming\04_RUA\top_speed\Race 10.pdf,2026-04-22 16:49:37
RUA,R10,888,William Brown,33,253,false,top_speed,NaN,E:\2026\99_seasonTiming\04_RUA\top_speed\Race 10.pdf,2026-04-22 16:49:37
RUA,R10,888,William Brown,34,248,false,top_speed,NaN,E:\2026\99_seasonTiming\04_RUA\top_speed\Race 10.pdf,2026-04-22 16:49:37
RUA,R10,888,William Brown,35,251,false,top_speed,NaN,E:\2026\99_seasonTiming\04_RUA\top_speed\Race 10.pdf,2026-04-22 16:49:37
RUA,R10,888,William Brown,36,248,false,top_speed,NaN,E:\2026\99_seasonTiming\04_RUA\top_speed\Race 10.pdf,2026-04-22 16:49:37
RUA,R10,888,William Brown,37,246,false,top_speed,NaN,E:\2026\99_seasonTiming\04_RUA\top_speed\Race 10.pdf,2026-04-22 16:49:37
RUA,R11,1,Chaz Mostert,1,209,false,top_speed,NaN,E:\2026\99_seasonTiming\04_RUA\top_speed\Race 11.pdf,2026-04-22 16:49:37
RUA,R11,1,Chaz Mostert,2,249,false,top_speed,NaN,E:\2026\99_seasonTiming\04_RUA\top_speed\Race 11.pdf,2026-04-22 16:49:37
RUA,R11,1,Chaz Mostert,3,249,false,top_speed,NaN,E:\2026\99_seasonTiming\04_RUA\top_speed\Race 11.pdf,2026-04-22 16:49:37
RUA,R11,1,Chaz Mostert,4,248,false,top_speed,NaN,E:\2026\99_seasonTiming\04_RUA\top_speed\Race 11.pdf,2026-04-22 16:49:37
RUA,R11,1,Chaz Mostert,5,249,false,top_speed,NaN,E:\2026\99_seasonTiming\04_RUA\top_speed\Race 11.pdf,2026-04-22 16:49:37
RUA,R11,1,Chaz Mostert,6,249,false,top_speed,NaN,E:\2026\99_seasonTiming\04_RUA\top_speed\Race 11.pdf,2026-04-22 16:49:37
RUA,R11,1,Chaz Mostert,7,249,false,top_speed,NaN,E:\2026\99_seasonTiming\04_RUA\top_speed\Race 11.pdf,2026-04-22 16:49:37
RUA,R11,1,Chaz Mostert,8,250,false,top_speed,NaN,E:\2026\99_seasonTiming\04_RUA\top_speed\Race 11.pdf,2026-04-22 16:49:37
RUA,R11,1,Chaz Mostert,9,250,false,top_speed,NaN,E:\2026\99_seasonTiming\04_RUA\top_speed\Race 11.pdf,2026-04-22 16:49:37
RUA,R11,1,Chaz Mostert,10,250,false,top_speed,NaN,E:\2026\99_seasonTiming\04_RUA\top_speed\Race 11.pdf,2026-04-22 16:49:37
RUA,R11,1,Chaz Mostert,11,250,false,top_speed,NaN,E:\2026\99_seasonTiming\04_RUA\top_speed\Race 11.pdf,2026-04-22 16:49:37
RUA,R11,1,Chaz Mostert,12,249,false,top_speed,NaN,E:\2026\99_seasonTiming\04_RUA\top_speed\Race 11.pdf,2026-04-22 16:49:37
RUA,R11,1,Chaz Mostert,13,249,false,top_speed,NaN,E:\2026\99_seasonTiming\04_RUA\top_speed\Race 11.pdf,2026-04-22 16:49:37
RUA,R11,1,Chaz Mostert,14,249,false,top_speed,NaN,E:\2026\99_seasonTiming\04_RUA\top_speed\Race 11.pdf,2026-04-22 16:49:37
RUA,R11,1,Chaz Mostert,15,248,false,top_speed,NaN,E:\2026\99_seasonTiming\04_RUA\top_speed\Race 11.pdf,2026-04-22 16:49:37
RUA,R11,1,Chaz Mostert,16,249,false,top_speed,NaN,E:\2026\99_seasonTiming\04_RUA\top_speed\Race 11.pdf,2026-04-22 16:49:37
RUA,R11,1,Chaz Mostert,17,191,false,top_speed,NaN,E:\2026\99_seasonTiming\04_RUA\top_speed\Race 11.pdf,2026-04-22 16:49:37
RUA,R11,1,Chaz Mostert,18,248,false,top_speed,NaN,E:\2026\99_seasonTiming\04_RUA\top_speed\Race 11.pdf,2026-04-22 16:49:37
RUA,R11,1,Chaz Mostert,19,248,false,top_speed,NaN,E:\2026\99_seasonTiming\04_RUA\top_speed\Race 11.pdf,2026-04-22 16:49:37
RUA,R11,1,Chaz Mostert,20,248,false,top_speed,NaN,E:\2026\99_seasonTiming\04_RUA\top_speed\Race 11.pdf,2026-04-22 16:49:37
RUA,R11,1,Chaz Mostert,21,248,false,top_speed,NaN,E:\2026\99_seasonTiming\04_RUA\top_speed\Race 11.pdf,2026-04-22 16:49:37
RUA,R11,1,Chaz Mostert,22,249,false,top_speed,NaN,E:\2026\99_seasonTiming\04_RUA\top_speed\Race 11.pdf,2026-04-22 16:49:37
RUA,R11,1,Chaz Mostert,23,249,false,top_speed,NaN,E:\2026\99_seasonTiming\04_RUA\top_speed\Race 11.pdf,2026-04-22 16:49:37
RUA,R11,1,Chaz Mostert,24,250,false,top_speed,NaN,E:\2026\99_seasonTiming\04_RUA\top_speed\Race 11.pdf,2026-04-22 16:49:37
RUA,R11,1,Chaz Mostert,25,250,false,top_speed,NaN,E:\2026\99_seasonTiming\04_RUA\top_speed\Race 11.pdf,2026-04-22 16:49:37
RUA,R11,1,Chaz Mostert,26,251,false,top_speed,NaN,E:\2026\99_seasonTiming\04_RUA\top_speed\Race 11.pdf,2026-04-22 16:49:37
RUA,R11,1,Chaz Mostert,27,249,false,top_speed,NaN,E:\2026\99_seasonTiming\04_RUA\top_speed\Race 11.pdf,2026-04-22 16:49:37
RUA,R11,1,Chaz Mostert,28,249,false,top_speed,NaN,E:\2026\99_seasonTiming\04_RUA\top_speed\Race 11.pdf,2026-04-22 16:49:37
RUA,R11,1,Chaz Mostert,29,250,false,top_speed,NaN,E:\2026\99_seasonTiming\04_RUA\top_speed\Race 11.pdf,2026-04-22 16:49:37
RUA,R11,1,Chaz Mostert,30,249,false,top_speed,NaN,E:\2026\99_seasonTiming\04_RUA\top_speed\Race 11.pdf,2026-04-22 16:49:37
RUA,R11,1,Chaz Mostert,31,246,false,top_speed,NaN,E:\2026\99_seasonTiming\04_RUA\top_speed\Race 11.pdf,2026-04-22 16:49:37
RUA,R11,1,Chaz Mostert,32,247,false,top_speed,NaN,E:\2026\99_seasonTiming\04_RUA\top_speed\Race 11.pdf,2026-04-22 16:49:37
RUA,R11,1,Chaz Mostert,33,248,false,top_speed,NaN,E:\2026\99_seasonTiming\04_RUA\top_speed\Race 11.pdf,2026-04-22 16:49:37
RUA,R11,1,Chaz Mostert,34,248,false,top_speed,NaN,E:\2026\99_seasonTiming\04_RUA\top_speed\Race 11.pdf,2026-04-22 16:49:37
RUA,R11,1,Chaz Mostert,35,245,false,top_speed,NaN,E:\2026\99_seasonTiming\04_RUA\top_speed\Race 11.pdf,2026-04-22 16:49:37
RUA,R11,1,Chaz Mostert,36,246,false,top_speed,NaN,E:\2026\99_seasonTiming\04_RUA\top_speed\Race 11.pdf,2026-04-22 16:49:37
RUA,R11,1,Chaz Mostert,37,246,false,top_speed,NaN,E:\2026\99_seasonTiming\04_RUA\top_speed\Race 11.pdf,2026-04-22 16:49:37
RUA,R11,2,Ryan Wood,1,202,false,top_speed,NaN,E:\2026\99_seasonTiming\04_RUA\top_speed\Race 11.pdf,2026-04-22 16:49:37
RUA,R11,2,Ryan Wood,2,249,false,top_speed,NaN,E:\2026\99_seasonTiming\04_RUA\top_speed\Race 11.pdf,2026-04-22 16:49:37
RUA,R11,2,Ryan Wood,3,250,false,top_speed,NaN,E:\2026\99_seasonTiming\04_RUA\top_speed\Race 11.pdf,2026-04-22 16:49:37
RUA,R11,2,Ryan Wood,4,251,false,top_speed,NaN,E:\2026\99_seasonTiming\04_RUA\top_speed\Race 11.pdf,2026-04-22 16:49:37
RUA,R11,2,Ryan Wood,5,251,false,top_speed,NaN,E:\2026\99_seasonTiming\04_RUA\top_speed\Race 11.pdf,2026-04-22 16:49:37
RUA,R11,2,Ryan Wood,6,250,false,top_speed,NaN,E:\2026\99_seasonTiming\04_RUA\top_speed\Race 11.pdf,2026-04-22 16:49:37
RUA,R11,2,Ryan Wood,7,250,false,top_speed,NaN,E:\2026\99_seasonTiming\04_RUA\top_speed\Race 11.pdf,2026-04-22 16:49:37
RUA,R11,2,Ryan Wood,8,249,false,top_speed,NaN,E:\2026\99_seasonTiming\04_RUA\top_speed\Race 11.pdf,2026-04-22 16:49:37
RUA,R11,2,Ryan Wood,9,251,false,top_speed,NaN,E:\2026\99_seasonTiming\04_RUA\top_speed\Race 11.pdf,2026-04-22 16:49:37
RUA,R11,2,Ryan Wood,10,250,false,top_speed,NaN,E:\2026\99_seasonTiming\04_RUA\top_speed\Race 11.pdf,2026-04-22 16:49:37
RUA,R11,2,Ryan Wood,11,249,false,top_speed,NaN,E:\2026\99_seasonTiming\04_RUA\top_speed\Race 11.pdf,2026-04-22 16:49:37
RUA,R11,2,Ryan Wood,12,250,false,top_speed,NaN,E:\2026\99_seasonTiming\04_RUA\top_speed\Race 11.pdf,2026-04-22 16:49:37
RUA,R11,2,Ryan Wood,13,250,false,top_speed,NaN,E:\2026\99_seasonTiming\04_RUA\top_speed\Race 11.pdf,2026-04-22 16:49:37
RUA,R11,2,Ryan Wood,14,250,false,top_speed,NaN,E:\2026\99_seasonTiming\04_RUA\top_speed\Race 11.pdf,2026-04-22 16:49:37
RUA,R11,2,Ryan Wood,15,250,false,top_speed,NaN,E:\2026\99_seasonTiming\04_RUA\top_speed\Race 11.pdf,2026-04-22 16:49:37
RUA,R11,2,Ryan Wood,16,249,false,top_speed,NaN,E:\2026\99_seasonTiming\04_RUA\top_speed\Race 11.pdf,2026-04-22 16:49:37
RUA,R11,2,Ryan Wood,17,248,false,top_speed,NaN,E:\2026\99_seasonTiming\04_RUA\top_speed\Race 11.pdf,2026-04-22 16:49:37
RUA,R11,2,Ryan Wood,18,191,false,top_speed,NaN,E:\2026\99_seasonTiming\04_RUA\top_speed\Race 11.pdf,2026-04-22 16:49:37
RUA,R11,2,Ryan Wood,19,250,false,top_speed,NaN,E:\2026\99_seasonTiming\04_RUA\top_speed\Race 11.pdf,2026-04-22 16:49:37
RUA,R11,2,Ryan Wood,20,248,false,top_speed,NaN,E:\2026\99_seasonTiming\04_RUA\top_speed\Race 11.pdf,2026-04-22 16:49:37
RUA,R11,2,Ryan Wood,21,248,false,top_speed,NaN,E:\2026\99_seasonTiming\04_RUA\top_speed\Race 11.pdf,2026-04-22 16:49:37
RUA,R11,2,Ryan Wood,22,249,false,top_speed,NaN,E:\2026\99_seasonTiming\04_RUA\top_speed\Race 11.pdf,2026-04-22 16:49:37
RUA,R11,2,Ryan Wood,23,250,false,top_speed,NaN,E:\2026\99_seasonTiming\04_RUA\top_speed\Race 11.pdf,2026-04-22 16:49:37
RUA,R11,2,Ryan Wood,24,249,false,top_speed,NaN,E:\2026\99_seasonTiming\04_RUA\top_speed\Race 11.pdf,2026-04-22 16:49:37
RUA,R11,2,Ryan Wood,25,249,false,top_speed,NaN,E:\2026\99_seasonTiming\04_RUA\top_speed\Race 11.pdf,2026-04-22 16:49:37
RUA,R11,2,Ryan Wood,26,249,false,top_speed,NaN,E:\2026\99_seasonTiming\04_RUA\top_speed\Race 11.pdf,2026-04-22 16:49:37
RUA,R11,2,Ryan Wood,27,248,false,top_speed,NaN,E:\2026\99_seasonTiming\04_RUA\top_speed\Race 11.pdf,2026-04-22 16:49:37
RUA,R11,2,Ryan Wood,28,249,false,top_speed,NaN,E:\2026\99_seasonTiming\04_RUA\top_speed\Race 11.pdf,2026-04-22 16:49:37
RUA,R11,2,Ryan Wood,29,248,false,top_speed,NaN,E:\2026\99_seasonTiming\04_RUA\top_speed\Race 11.pdf,2026-04-22 16:49:37
RUA,R11,2,Ryan Wood,30,248,false,top_speed,NaN,E:\2026\99_seasonTiming\04_RUA\top_speed\Race 11.pdf,2026-04-22 16:49:37
RUA,R11,2,Ryan Wood,31,249,false,top_speed,NaN,E:\2026\99_seasonTiming\04_RUA\top_speed\Race 11.pdf,2026-04-22 16:49:37
RUA,R11,2,Ryan Wood,32,250,false,top_speed,NaN,E:\2026\99_seasonTiming\04_RUA\top_speed\Race 11.pdf,2026-04-22 16:49:37
RUA,R11,2,Ryan Wood,33,248,false,top_speed,NaN,E:\2026\99_seasonTiming\04_RUA\top_speed\Race 11.pdf,2026-04-22 16:49:37
RUA,R11,2,Ryan Wood,34,248,false,top_speed,NaN,E:\2026\99_seasonTiming\04_RUA\top_speed\Race 11.pdf,2026-04-22 16:49:37
RUA,R11,2,Ryan Wood,35,248,false,top_speed,NaN,E:\2026\99_seasonTiming\04_RUA\top_speed\Race 11.pdf,2026-04-22 16:49:37
RUA,R11,2,Ryan Wood,36,248,false,top_speed,NaN,E:\2026\99_seasonTiming\04_RUA\top_speed\Race 11.pdf,2026-04-22 16:49:37
RUA,R11,2,Ryan Wood,37,248,false,top_speed,NaN,E:\2026\99_seasonTiming\04_RUA\top_speed\Race 11.pdf,2026-04-22 16:49:37
RUA,R11,3,Aaron Cameron,1,198,false,top_speed,NaN,E:\2026\99_seasonTiming\04_RUA\top_speed\Race 11.pdf,2026-04-22 16:49:37
RUA,R11,3,Aaron Cameron,2,243,false,top_speed,NaN,E:\2026\99_seasonTiming\04_RUA\top_speed\Race 11.pdf,2026-04-22 16:49:37
RUA,R11,3,Aaron Cameron,3,251,false,top_speed,NaN,E:\2026\99_seasonTiming\04_RUA\top_speed\Race 11.pdf,2026-04-22 16:49:37
RUA,R11,3,Aaron Cameron,4,250,false,top_speed,NaN,E:\2026\99_seasonTiming\04_RUA\top_speed\Race 11.pdf,2026-04-22 16:49:37
RUA,R11,3,Aaron Cameron,5,250,false,top_speed,NaN,E:\2026\99_seasonTiming\04_RUA\top_speed\Race 11.pdf,2026-04-22 16:49:37
RUA,R11,3,Aaron Cameron,6,251,false,top_speed,NaN,E:\2026\99_seasonTiming\04_RUA\top_speed\Race 11.pdf,2026-04-22 16:49:37
RUA,R11,3,Aaron Cameron,7,251,false,top_speed,NaN,E:\2026\99_seasonTiming\04_RUA\top_speed\Race 11.pdf,2026-04-22 16:49:37
RUA,R11,3,Aaron Cameron,8,251,false,top_speed,NaN,E:\2026\99_seasonTiming\04_RUA\top_speed\Race 11.pdf,2026-04-22 16:49:37
RUA,R11,3,Aaron Cameron,9,251,false,top_speed,NaN,E:\2026\99_seasonTiming\04_RUA\top_speed\Race 11.pdf,2026-04-22 16:49:37
RUA,R11,3,Aaron Cameron,10,250,false,top_speed,NaN,E:\2026\99_seasonTiming\04_RUA\top_speed\Race 11.pdf,2026-04-22 16:49:37
RUA,R11,3,Aaron Cameron,11,251,false,top_speed,NaN,E:\2026\99_seasonTiming\04_RUA\top_speed\Race 11.pdf,2026-04-22 16:49:37
RUA,R11,3,Aaron Cameron,12,251,false,top_speed,NaN,E:\2026\99_seasonTiming\04_RUA\top_speed\Race 11.pdf,2026-04-22 16:49:37
RUA,R11,3,Aaron Cameron,13,252,false,top_speed,NaN,E:\2026\99_seasonTiming\04_RUA\top_speed\Race 11.pdf,2026-04-22 16:49:37
RUA,R11,3,Aaron Cameron,14,251,false,top_speed,NaN,E:\2026\99_seasonTiming\04_RUA\top_speed\Race 11.pdf,2026-04-22 16:49:37
RUA,R11,3,Aaron Cameron,15,251,false,top_speed,NaN,E:\2026\99_seasonTiming\04_RUA\top_speed\Race 11.pdf,2026-04-22 16:49:37
RUA,R11,3,Aaron Cameron,16,251,false,top_speed,NaN,E:\2026\99_seasonTiming\04_RUA\top_speed\Race 11.pdf,2026-04-22 16:49:37
RUA,R11,3,Aaron Cameron,17,251,false,top_speed,NaN,E:\2026\99_seasonTiming\04_RUA\top_speed\Race 11.pdf,2026-04-22 16:49:37
RUA,R11,3,Aaron Cameron,18,252,false,top_speed,NaN,E:\2026\99_seasonTiming\04_RUA\top_speed\Race 11.pdf,2026-04-22 16:49:37
RUA,R11,3,Aaron Cameron,19,252,false,top_speed,NaN,E:\2026\99_seasonTiming\04_RUA\top_speed\Race 11.pdf,2026-04-22 16:49:37
RUA,R11,3,Aaron Cameron,20,252,false,top_speed,NaN,E:\2026\99_seasonTiming\04_RUA\top_speed\Race 11.pdf,2026-04-22 16:49:37
RUA,R11,3,Aaron Cameron,21,194,false,top_speed,NaN,E:\2026\99_seasonTiming\04_RUA\top_speed\Race 11.pdf,2026-04-22 16:49:37
RUA,R11,3,Aaron Cameron,22,252,false,top_speed,NaN,E:\2026\99_seasonTiming\04_RUA\top_speed\Race 11.pdf,2026-04-22 16:49:37
RUA,R11,3,Aaron Cameron,23,253,false,top_speed,NaN,E:\2026\99_seasonTiming\04_RUA\top_speed\Race 11.pdf,2026-04-22 16:49:37
RUA,R11,3,Aaron Cameron,24,252,false,top_speed,NaN,E:\2026\99_seasonTiming\04_RUA\top_speed\Race 11.pdf,2026-04-22 16:49:37
RUA,R11,3,Aaron Cameron,25,251,false,top_speed,NaN,E:\2026\99_seasonTiming\04_RUA\top_speed\Race 11.pdf,2026-04-22 16:49:37
RUA,R11,3,Aaron Cameron,26,252,false,top_speed,NaN,E:\2026\99_seasonTiming\04_RUA\top_speed\Race 11.pdf,2026-04-22 16:49:37
RUA,R11,3,Aaron Cameron,27,246,false,top_speed,NaN,E:\2026\99_seasonTiming\04_RUA\top_speed\Race 11.pdf,2026-04-22 16:49:37
RUA,R11,3,Aaron Cameron,28,253,false,top_speed,NaN,E:\2026\99_seasonTiming\04_RUA\top_speed\Race 11.pdf,2026-04-22 16:49:37
RUA,R11,3,Aaron Cameron,29,249,false,top_speed,NaN,E:\2026\99_seasonTiming\04_RUA\top_speed\Race 11.pdf,2026-04-22 16:49:37
RUA,R11,3,Aaron Cameron,30,250,false,top_speed,NaN,E:\2026\99_seasonTiming\04_RUA\top_speed\Race 11.pdf,2026-04-22 16:49:37
RUA,R11,3,Aaron Cameron,31,252,false,top_speed,NaN,E:\2026\99_seasonTiming\04_RUA\top_speed\Race 11.pdf,2026-04-22 16:49:37
RUA,R11,3,Aaron Cameron,32,251,false,top_speed,NaN,E:\2026\99_seasonTiming\04_RUA\top_speed\Race 11.pdf,2026-04-22 16:49:37
RUA,R11,3,Aaron Cameron,33,250,false,top_speed,NaN,E:\2026\99_seasonTiming\04_RUA\top_speed\Race 11.pdf,2026-04-22 16:49:37
RUA,R11,3,Aaron Cameron,34,252,false,top_speed,NaN,E:\2026\99_seasonTiming\04_RUA\top_speed\Race 11.pdf,2026-04-22 16:49:37
RUA,R11,3,Aaron Cameron,35,252,false,top_speed,NaN,E:\2026\99_seasonTiming\04_RUA\top_speed\Race 11.pdf,2026-04-22 16:49:37
RUA,R11,3,Aaron Cameron,36,250,false,top_speed,NaN,E:\2026\99_seasonTiming\04_RUA\top_speed\Race 11.pdf,2026-04-22 16:49:37
RUA,R11,3,Aaron Cameron,37,251,false,top_speed,NaN,E:\2026\99_seasonTiming\04_RUA\top_speed\Race 11.pdf,2026-04-22 16:49:37
RUA,R11,4,Jack Le Brocq,1,213,false,top_speed,NaN,E:\2026\99_seasonTiming\04_RUA\top_speed\Race 11.pdf,2026-04-22 16:49:37
RUA,R11,4,Jack Le Brocq,2,239,false,top_speed,NaN,E:\2026\99_seasonTiming\04_RUA\top_speed\Race 11.pdf,2026-04-22 16:49:37
RUA,R11,4,Jack Le Brocq,3,245,false,top_speed,NaN,E:\2026\99_seasonTiming\04_RUA\top_speed\Race 11.pdf,2026-04-22 16:49:37
RUA,R11,4,Jack Le Brocq,4,247,false,top_speed,NaN,E:\2026\99_seasonTiming\04_RUA\top_speed\Race 11.pdf,2026-04-22 16:49:37
RUA,R11,4,Jack Le Brocq,5,251,false,top_speed,NaN,E:\2026\99_seasonTiming\04_RUA\top_speed\Race 11.pdf,2026-04-22 16:49:37
RUA,R11,4,Jack Le Brocq,6,250,false,top_speed,NaN,E:\2026\99_seasonTiming\04_RUA\top_speed\Race 11.pdf,2026-04-22 16:49:37
RUA,R11,4,Jack Le Brocq,7,250,false,top_speed,NaN,E:\2026\99_seasonTiming\04_RUA\top_speed\Race 11.pdf,2026-04-22 16:49:37
RUA,R11,4,Jack Le Brocq,8,252,false,top_speed,NaN,E:\2026\99_seasonTiming\04_RUA\top_speed\Race 11.pdf,2026-04-22 16:49:37
RUA,R11,4,Jack Le Brocq,9,249,false,top_speed,NaN,E:\2026\99_seasonTiming\04_RUA\top_speed\Race 11.pdf,2026-04-22 16:49:37
RUA,R11,4,Jack Le Brocq,10,249,false,top_speed,NaN,E:\2026\99_seasonTiming\04_RUA\top_speed\Race 11.pdf,2026-04-22 16:49:37
RUA,R11,4,Jack Le Brocq,11,190,false,top_speed,NaN,E:\2026\99_seasonTiming\04_RUA\top_speed\Race 11.pdf,2026-04-22 16:49:37
RUA,R11,4,Jack Le Brocq,12,248,false,top_speed,NaN,E:\2026\99_seasonTiming\04_RUA\top_speed\Race 11.pdf,2026-04-22 16:49:37
RUA,R11,4,Jack Le Brocq,13,249,false,top_speed,NaN,E:\2026\99_seasonTiming\04_RUA\top_speed\Race 11.pdf,2026-04-22 16:49:37
RUA,R11,4,Jack Le Brocq,14,250,false,top_speed,NaN,E:\2026\99_seasonTiming\04_RUA\top_speed\Race 11.pdf,2026-04-22 16:49:37
RUA,R11,4,Jack Le Brocq,15,250,false,top_speed,NaN,E:\2026\99_seasonTiming\04_RUA\top_speed\Race 11.pdf,2026-04-22 16:49:37
RUA,R11,4,Jack Le Brocq,16,249,false,top_speed,NaN,E:\2026\99_seasonTiming\04_RUA\top_speed\Race 11.pdf,2026-04-22 16:49:37
RUA,R11,4,Jack Le Brocq,17,249,false,top_speed,NaN,E:\2026\99_seasonTiming\04_RUA\top_speed\Race 11.pdf,2026-04-22 16:49:37
RUA,R11,4,Jack Le Brocq,18,250,false,top_speed,NaN,E:\2026\99_seasonTiming\04_RUA\top_speed\Race 11.pdf,2026-04-22 16:49:37
RUA,R11,4,Jack Le Brocq,19,250,false,top_speed,NaN,E:\2026\99_seasonTiming\04_RUA\top_speed\Race 11.pdf,2026-04-22 16:49:37
RUA,R11,4,Jack Le Brocq,20,250,false,top_speed,NaN,E:\2026\99_seasonTiming\04_RUA\top_speed\Race 11.pdf,2026-04-22 16:49:37
RUA,R11,4,Jack Le Brocq,21,249,false,top_speed,NaN,E:\2026\99_seasonTiming\04_RUA\top_speed\Race 11.pdf,2026-04-22 16:49:37
RUA,R11,4,Jack Le Brocq,22,251,false,top_speed,NaN,E:\2026\99_seasonTiming\04_RUA\top_speed\Race 11.pdf,2026-04-22 16:49:37
RUA,R11,4,Jack Le Brocq,23,251,false,top_speed,NaN,E:\2026\99_seasonTiming\04_RUA\top_speed\Race 11.pdf,2026-04-22 16:49:37
RUA,R11,4,Jack Le Brocq,24,251,false,top_speed,NaN,E:\2026\99_seasonTiming\04_RUA\top_speed\Race 11.pdf,2026-04-22 16:49:37
RUA,R11,4,Jack Le Brocq,25,251,false,top_speed,NaN,E:\2026\99_seasonTiming\04_RUA\top_speed\Race 11.pdf,2026-04-22 16:49:37
RUA,R11,4,Jack Le Brocq,26,251,false,top_speed,NaN,E:\2026\99_seasonTiming\04_RUA\top_speed\Race 11.pdf,2026-04-22 16:49:37
RUA,R11,4,Jack Le Brocq,27,248,false,top_speed,NaN,E:\2026\99_seasonTiming\04_RUA\top_speed\Race 11.pdf,2026-04-22 16:49:37
RUA,R11,4,Jack Le Brocq,28,250,false,top_speed,NaN,E:\2026\99_seasonTiming\04_RUA\top_speed\Race 11.pdf,2026-04-22 16:49:37
RUA,R11,4,Jack Le Brocq,29,250,false,top_speed,NaN,E:\2026\99_seasonTiming\04_RUA\top_speed\Race 11.pdf,2026-04-22 16:49:37
RUA,R11,4,Jack Le Brocq,30,250,false,top_speed,NaN,E:\2026\99_seasonTiming\04_RUA\top_speed\Race 11.pdf,2026-04-22 16:49:37
RUA,R11,4,Jack Le Brocq,31,250,false,top_speed,NaN,E:\2026\99_seasonTiming\04_RUA\top_speed\Race 11.pdf,2026-04-22 16:49:37
RUA,R11,4,Jack Le Brocq,32,251,false,top_speed,NaN,E:\2026\99_seasonTiming\04_RUA\top_speed\Race 11.pdf,2026-04-22 16:49:37
RUA,R11,4,Jack Le Brocq,33,249,false,top_speed,NaN,E:\2026\99_seasonTiming\04_RUA\top_speed\Race 11.pdf,2026-04-22 16:49:37
RUA,R11,4,Jack Le Brocq,34,252,false,top_speed,NaN,E:\2026\99_seasonTiming\04_RUA\top_speed\Race 11.pdf,2026-04-22 16:49:37
RUA,R11,4,Jack Le Brocq,35,247,false,top_speed,NaN,E:\2026\99_seasonTiming\04_RUA\top_speed\Race 11.pdf,2026-04-22 16:49:37
RUA,R11,4,Jack Le Brocq,36,247,false,top_speed,NaN,E:\2026\99_seasonTiming\04_RUA\top_speed\Race 11.pdf,2026-04-22 16:49:37
RUA,R11,4,Jack Le Brocq,37,249,false,top_speed,NaN,E:\2026\99_seasonTiming\04_RUA\top_speed\Race 11.pdf,2026-04-22 16:49:37
RUA,R11,6,Cameron Waters,1,214,false,top_speed,NaN,E:\2026\99_seasonTiming\04_RUA\top_speed\Race 11.pdf,2026-04-22 16:49:37
RUA,R11,6,Cameron Waters,2,235,false,top_speed,NaN,E:\2026\99_seasonTiming\04_RUA\top_speed\Race 11.pdf,2026-04-22 16:49:37
RUA,R11,6,Cameron Waters,3,240,false,top_speed,NaN,E:\2026\99_seasonTiming\04_RUA\top_speed\Race 11.pdf,2026-04-22 16:49:37
RUA,R11,6,Cameron Waters,4,244,false,top_speed,NaN,E:\2026\99_seasonTiming\04_RUA\top_speed\Race 11.pdf,2026-04-22 16:49:37
RUA,R11,6,Cameron Waters,5,249,false,top_speed,NaN,E:\2026\99_seasonTiming\04_RUA\top_speed\Race 11.pdf,2026-04-22 16:49:37
RUA,R11,6,Cameron Waters,6,248,false,top_speed,NaN,E:\2026\99_seasonTiming\04_RUA\top_speed\Race 11.pdf,2026-04-22 16:49:37
RUA,R11,6,Cameron Waters,7,250,false,top_speed,NaN,E:\2026\99_seasonTiming\04_RUA\top_speed\Race 11.pdf,2026-04-22 16:49:37
RUA,R11,6,Cameron Waters,8,249,false,top_speed,NaN,E:\2026\99_seasonTiming\04_RUA\top_speed\Race 11.pdf,2026-04-22 16:49:37
RUA,R11,6,Cameron Waters,9,250,false,top_speed,NaN,E:\2026\99_seasonTiming\04_RUA\top_speed\Race 11.pdf,2026-04-22 16:49:37
RUA,R11,6,Cameron Waters,10,250,false,top_speed,NaN,E:\2026\99_seasonTiming\04_RUA\top_speed\Race 11.pdf,2026-04-22 16:49:37
RUA,R11,6,Cameron Waters,11,249,false,top_speed,NaN,E:\2026\99_seasonTiming\04_RUA\top_speed\Race 11.pdf,2026-04-22 16:49:37
RUA,R11,6,Cameron Waters,12,250,false,top_speed,NaN,E:\2026\99_seasonTiming\04_RUA\top_speed\Race 11.pdf,2026-04-22 16:49:37
RUA,R11,6,Cameron Waters,13,250,false,top_speed,NaN,E:\2026\99_seasonTiming\04_RUA\top_speed\Race 11.pdf,2026-04-22 16:49:37
RUA,R11,6,Cameron Waters,14,251,false,top_speed,NaN,E:\2026\99_seasonTiming\04_RUA\top_speed\Race 11.pdf,2026-04-22 16:49:37
RUA,R11,6,Cameron Waters,15,251,false,top_speed,NaN,E:\2026\99_seasonTiming\04_RUA\top_speed\Race 11.pdf,2026-04-22 16:49:37
RUA,R11,6,Cameron Waters,16,249,false,top_speed,NaN,E:\2026\99_seasonTiming\04_RUA\top_speed\Race 11.pdf,2026-04-22 16:49:37
RUA,R11,6,Cameron Waters,17,250,false,top_speed,NaN,E:\2026\99_seasonTiming\04_RUA\top_speed\Race 11.pdf,2026-04-22 16:49:37
RUA,R11,6,Cameron Waters,18,250,false,top_speed,NaN,E:\2026\99_seasonTiming\04_RUA\top_speed\Race 11.pdf,2026-04-22 16:49:37
RUA,R11,6,Cameron Waters,19,249,false,top_speed,NaN,E:\2026\99_seasonTiming\04_RUA\top_speed\Race 11.pdf,2026-04-22 16:49:37
RUA,R11,6,Cameron Waters,20,249,false,top_speed,NaN,E:\2026\99_seasonTiming\04_RUA\top_speed\Race 11.pdf,2026-04-22 16:49:37
RUA,R11,6,Cameron Waters,21,191,false,top_speed,NaN,E:\2026\99_seasonTiming\04_RUA\top_speed\Race 11.pdf,2026-04-22 16:49:37
RUA,R11,6,Cameron Waters,22,249,false,top_speed,NaN,E:\2026\99_seasonTiming\04_RUA\top_speed\Race 11.pdf,2026-04-22 16:49:37
RUA,R11,6,Cameron Waters,23,250,false,top_speed,NaN,E:\2026\99_seasonTiming\04_RUA\top_speed\Race 11.pdf,2026-04-22 16:49:37
RUA,R11,6,Cameron Waters,24,251,false,top_speed,NaN,E:\2026\99_seasonTiming\04_RUA\top_speed\Race 11.pdf,2026-04-22 16:49:37
RUA,R11,6,Cameron Waters,25,252,false,top_speed,NaN,E:\2026\99_seasonTiming\04_RUA\top_speed\Race 11.pdf,2026-04-22 16:49:37
RUA,R11,6,Cameron Waters,26,251,false,top_speed,NaN,E:\2026\99_seasonTiming\04_RUA\top_speed\Race 11.pdf,2026-04-22 16:49:37
RUA,R11,6,Cameron Waters,27,254,false,top_speed,NaN,E:\2026\99_seasonTiming\04_RUA\top_speed\Race 11.pdf,2026-04-22 16:49:37
RUA,R11,6,Cameron Waters,28,250,false,top_speed,NaN,E:\2026\99_seasonTiming\04_RUA\top_speed\Race 11.pdf,2026-04-22 16:49:37
RUA,R11,6,Cameron Waters,29,250,false,top_speed,NaN,E:\2026\99_seasonTiming\04_RUA\top_speed\Race 11.pdf,2026-04-22 16:49:37
RUA,R11,6,Cameron Waters,30,250,false,top_speed,NaN,E:\2026\99_seasonTiming\04_RUA\top_speed\Race 11.pdf,2026-04-22 16:49:37
RUA,R11,6,Cameron Waters,31,253,false,top_speed,NaN,E:\2026\99_seasonTiming\04_RUA\top_speed\Race 11.pdf,2026-04-22 16:49:37
RUA,R11,6,Cameron Waters,32,249,false,top_speed,NaN,E:\2026\99_seasonTiming\04_RUA\top_speed\Race 11.pdf,2026-04-22 16:49:37
RUA,R11,6,Cameron Waters,33,251,false,top_speed,NaN,E:\2026\99_seasonTiming\04_RUA\top_speed\Race 11.pdf,2026-04-22 16:49:37
RUA,R11,6,Cameron Waters,34,244,false,top_speed,NaN,E:\2026\99_seasonTiming\04_RUA\top_speed\Race 11.pdf,2026-04-22 16:49:37
RUA,R11,6,Cameron Waters,35,251,false,top_speed,NaN,E:\2026\99_seasonTiming\04_RUA\top_speed\Race 11.pdf,2026-04-22 16:49:37
RUA,R11,6,Cameron Waters,36,249,false,top_speed,NaN,E:\2026\99_seasonTiming\04_RUA\top_speed\Race 11.pdf,2026-04-22 16:49:37
RUA,R11,6,Cameron Waters,37,249,false,top_speed,NaN,E:\2026\99_seasonTiming\04_RUA\top_speed\Race 11.pdf,2026-04-22 16:49:37
RUA,R11,7,James Golding,1,195,false,top_speed,NaN,E:\2026\99_seasonTiming\04_RUA\top_speed\Race 11.pdf,2026-04-22 16:49:37
RUA,R11,7,James Golding,2,244,false,top_speed,NaN,E:\2026\99_seasonTiming\04_RUA\top_speed\Race 11.pdf,2026-04-22 16:49:37
RUA,R11,7,James Golding,3,247,false,top_speed,NaN,E:\2026\99_seasonTiming\04_RUA\top_speed\Race 11.pdf,2026-04-22 16:49:37
RUA,R11,7,James Golding,4,250,false,top_speed,NaN,E:\2026\99_seasonTiming\04_RUA\top_speed\Race 11.pdf,2026-04-22 16:49:37
RUA,R11,7,James Golding,5,252,false,top_speed,NaN,E:\2026\99_seasonTiming\04_RUA\top_speed\Race 11.pdf,2026-04-22 16:49:37
RUA,R11,7,James Golding,6,253,false,top_speed,NaN,E:\2026\99_seasonTiming\04_RUA\top_speed\Race 11.pdf,2026-04-22 16:49:37
RUA,R11,7,James Golding,7,252,false,top_speed,NaN,E:\2026\99_seasonTiming\04_RUA\top_speed\Race 11.pdf,2026-04-22 16:49:37
RUA,R11,7,James Golding,8,250,false,top_speed,NaN,E:\2026\99_seasonTiming\04_RUA\top_speed\Race 11.pdf,2026-04-22 16:49:37
RUA,R11,7,James Golding,9,251,false,top_speed,NaN,E:\2026\99_seasonTiming\04_RUA\top_speed\Race 11.pdf,2026-04-22 16:49:37
RUA,R11,7,James Golding,10,251,false,top_speed,NaN,E:\2026\99_seasonTiming\04_RUA\top_speed\Race 11.pdf,2026-04-22 16:49:37
RUA,R11,7,James Golding,11,252,false,top_speed,NaN,E:\2026\99_seasonTiming\04_RUA\top_speed\Race 11.pdf,2026-04-22 16:49:37
RUA,R11,7,James Golding,12,250,false,top_speed,NaN,E:\2026\99_seasonTiming\04_RUA\top_speed\Race 11.pdf,2026-04-22 16:49:37
RUA,R11,7,James Golding,13,250,false,top_speed,NaN,E:\2026\99_seasonTiming\04_RUA\top_speed\Race 11.pdf,2026-04-22 16:49:37
RUA,R11,7,James Golding,14,251,false,top_speed,NaN,E:\2026\99_seasonTiming\04_RUA\top_speed\Race 11.pdf,2026-04-22 16:49:37
RUA,R11,7,James Golding,15,250,false,top_speed,NaN,E:\2026\99_seasonTiming\04_RUA\top_speed\Race 11.pdf,2026-04-22 16:49:37
RUA,R11,7,James Golding,16,251,false,top_speed,NaN,E:\2026\99_seasonTiming\04_RUA\top_speed\Race 11.pdf,2026-04-22 16:49:37
RUA,R11,7,James Golding,17,250,false,top_speed,NaN,E:\2026\99_seasonTiming\04_RUA\top_speed\Race 11.pdf,2026-04-22 16:49:37
RUA,R11,7,James Golding,18,251,false,top_speed,NaN,E:\2026\99_seasonTiming\04_RUA\top_speed\Race 11.pdf,2026-04-22 16:49:37
RUA,R11,7,James Golding,19,251,false,top_speed,NaN,E:\2026\99_seasonTiming\04_RUA\top_speed\Race 11.pdf,2026-04-22 16:49:37
RUA,R11,7,James Golding,20,193,false,top_speed,NaN,E:\2026\99_seasonTiming\04_RUA\top_speed\Race 11.pdf,2026-04-22 16:49:37
RUA,R11,7,James Golding,21,249,false,top_speed,NaN,E:\2026\99_seasonTiming\04_RUA\top_speed\Race 11.pdf,2026-04-22 16:49:37
RUA,R11,7,James Golding,22,250,false,top_speed,NaN,E:\2026\99_seasonTiming\04_RUA\top_speed\Race 11.pdf,2026-04-22 16:49:37
RUA,R11,7,James Golding,23,251,false,top_speed,NaN,E:\2026\99_seasonTiming\04_RUA\top_speed\Race 11.pdf,2026-04-22 16:49:37
RUA,R11,7,James Golding,24,251,false,top_speed,NaN,E:\2026\99_seasonTiming\04_RUA\top_speed\Race 11.pdf,2026-04-22 16:49:37
RUA,R11,7,James Golding,25,251,false,top_speed,NaN,E:\2026\99_seasonTiming\04_RUA\top_speed\Race 11.pdf,2026-04-22 16:49:37
RUA,R11,7,James Golding,26,252,false,top_speed,NaN,E:\2026\99_seasonTiming\04_RUA\top_speed\Race 11.pdf,2026-04-22 16:49:37
RUA,R11,7,James Golding,27,251,false,top_speed,NaN,E:\2026\99_seasonTiming\04_RUA\top_speed\Race 11.pdf,2026-04-22 16:49:37
RUA,R11,7,James Golding,28,251,false,top_speed,NaN,E:\2026\99_seasonTiming\04_RUA\top_speed\Race 11.pdf,2026-04-22 16:49:37
RUA,R11,7,James Golding,29,253,false,top_speed,NaN,E:\2026\99_seasonTiming\04_RUA\top_speed\Race 11.pdf,2026-04-22 16:49:37
RUA,R11,7,James Golding,30,252,false,top_speed,NaN,E:\2026\99_seasonTiming\04_RUA\top_speed\Race 11.pdf,2026-04-22 16:49:37
RUA,R11,7,James Golding,31,253,false,top_speed,NaN,E:\2026\99_seasonTiming\04_RUA\top_speed\Race 11.pdf,2026-04-22 16:49:37
RUA,R11,7,James Golding,32,251,false,top_speed,NaN,E:\2026\99_seasonTiming\04_RUA\top_speed\Race 11.pdf,2026-04-22 16:49:37
RUA,R11,7,James Golding,33,251,false,top_speed,NaN,E:\2026\99_seasonTiming\04_RUA\top_speed\Race 11.pdf,2026-04-22 16:49:37
RUA,R11,7,James Golding,34,252,false,top_speed,NaN,E:\2026\99_seasonTiming\04_RUA\top_speed\Race 11.pdf,2026-04-22 16:49:37
RUA,R11,7,James Golding,35,251,false,top_speed,NaN,E:\2026\99_seasonTiming\04_RUA\top_speed\Race 11.pdf,2026-04-22 16:49:37
RUA,R11,7,James Golding,36,251,false,top_speed,NaN,E:\2026\99_seasonTiming\04_RUA\top_speed\Race 11.pdf,2026-04-22 16:49:37
RUA,R11,7,James Golding,37,251,false,top_speed,NaN,E:\2026\99_seasonTiming\04_RUA\top_speed\Race 11.pdf,2026-04-22 16:49:37
RUA,R11,8,Andre Heimgartner,1,206,false,top_speed,NaN,E:\2026\99_seasonTiming\04_RUA\top_speed\Race 11.pdf,2026-04-22 16:49:37
RUA,R11,8,Andre Heimgartner,2,229,false,top_speed,NaN,E:\2026\99_seasonTiming\04_RUA\top_speed\Race 11.pdf,2026-04-22 16:49:37
RUA,R11,8,Andre Heimgartner,3,248,false,top_speed,NaN,E:\2026\99_seasonTiming\04_RUA\top_speed\Race 11.pdf,2026-04-22 16:49:37
RUA,R11,8,Andre Heimgartner,4,251,false,top_speed,NaN,E:\2026\99_seasonTiming\04_RUA\top_speed\Race 11.pdf,2026-04-22 16:49:37
RUA,R11,8,Andre Heimgartner,5,123,false,top_speed,NaN,E:\2026\99_seasonTiming\04_RUA\top_speed\Race 11.pdf,2026-04-22 16:49:37
RUA,R11,8,Andre Heimgartner,6,237,false,top_speed,NaN,E:\2026\99_seasonTiming\04_RUA\top_speed\Race 11.pdf,2026-04-22 16:49:37
RUA,R11,8,Andre Heimgartner,7,234,false,top_speed,NaN,E:\2026\99_seasonTiming\04_RUA\top_speed\Race 11.pdf,2026-04-22 16:49:37
RUA,R11,8,Andre Heimgartner,8,244,false,top_speed,NaN,E:\2026\99_seasonTiming\04_RUA\top_speed\Race 11.pdf,2026-04-22 16:49:37
RUA,R11,8,Andre Heimgartner,9,245,false,top_speed,NaN,E:\2026\99_seasonTiming\04_RUA\top_speed\Race 11.pdf,2026-04-22 16:49:37
RUA,R11,8,Andre Heimgartner,10,246,false,top_speed,NaN,E:\2026\99_seasonTiming\04_RUA\top_speed\Race 11.pdf,2026-04-22 16:49:37
RUA,R11,8,Andre Heimgartner,11,248,false,top_speed,NaN,E:\2026\99_seasonTiming\04_RUA\top_speed\Race 11.pdf,2026-04-22 16:49:37
RUA,R11,8,Andre Heimgartner,12,249,false,top_speed,NaN,E:\2026\99_seasonTiming\04_RUA\top_speed\Race 11.pdf,2026-04-22 16:49:37
RUA,R11,8,Andre Heimgartner,13,246,false,top_speed,NaN,E:\2026\99_seasonTiming\04_RUA\top_speed\Race 11.pdf,2026-04-22 16:49:37
RUA,R11,8,Andre Heimgartner,14,240,false,top_speed,NaN,E:\2026\99_seasonTiming\04_RUA\top_speed\Race 11.pdf,2026-04-22 16:49:37
RUA,R11,8,Andre Heimgartner,15,245,false,top_speed,NaN,E:\2026\99_seasonTiming\04_RUA\top_speed\Race 11.pdf,2026-04-22 16:49:37
RUA,R11,8,Andre Heimgartner,16,193,false,top_speed,NaN,E:\2026\99_seasonTiming\04_RUA\top_speed\Race 11.pdf,2026-04-22 16:49:37
RUA,R11,8,Andre Heimgartner,17,248,false,top_speed,NaN,E:\2026\99_seasonTiming\04_RUA\top_speed\Race 11.pdf,2026-04-22 16:49:37
RUA,R11,8,Andre Heimgartner,18,248,false,top_speed,NaN,E:\2026\99_seasonTiming\04_RUA\top_speed\Race 11.pdf,2026-04-22 16:49:37
RUA,R11,8,Andre Heimgartner,19,249,false,top_speed,NaN,E:\2026\99_seasonTiming\04_RUA\top_speed\Race 11.pdf,2026-04-22 16:49:37
RUA,R11,8,Andre Heimgartner,20,249,false,top_speed,NaN,E:\2026\99_seasonTiming\04_RUA\top_speed\Race 11.pdf,2026-04-22 16:49:37
RUA,R11,8,Andre Heimgartner,21,247,false,top_speed,NaN,E:\2026\99_seasonTiming\04_RUA\top_speed\Race 11.pdf,2026-04-22 16:49:37
RUA,R11,8,Andre Heimgartner,22,247,false,top_speed,NaN,E:\2026\99_seasonTiming\04_RUA\top_speed\Race 11.pdf,2026-04-22 16:49:37
RUA,R11,8,Andre Heimgartner,23,248,false,top_speed,NaN,E:\2026\99_seasonTiming\04_RUA\top_speed\Race 11.pdf,2026-04-22 16:49:37
RUA,R11,8,Andre Heimgartner,24,248,false,top_speed,NaN,E:\2026\99_seasonTiming\04_RUA\top_speed\Race 11.pdf,2026-04-22 16:49:37
RUA,R11,8,Andre Heimgartner,25,250,false,top_speed,NaN,E:\2026\99_seasonTiming\04_RUA\top_speed\Race 11.pdf,2026-04-22 16:49:37
RUA,R11,8,Andre Heimgartner,26,247,false,top_speed,NaN,E:\2026\99_seasonTiming\04_RUA\top_speed\Race 11.pdf,2026-04-22 16:49:37
RUA,R11,8,Andre Heimgartner,27,247,false,top_speed,NaN,E:\2026\99_seasonTiming\04_RUA\top_speed\Race 11.pdf,2026-04-22 16:49:37
RUA,R11,8,Andre Heimgartner,28,248,false,top_speed,NaN,E:\2026\99_seasonTiming\04_RUA\top_speed\Race 11.pdf,2026-04-22 16:49:37
RUA,R11,8,Andre Heimgartner,29,247,false,top_speed,NaN,E:\2026\99_seasonTiming\04_RUA\top_speed\Race 11.pdf,2026-04-22 16:49:37
RUA,R11,8,Andre Heimgartner,30,247,false,top_speed,NaN,E:\2026\99_seasonTiming\04_RUA\top_speed\Race 11.pdf,2026-04-22 16:49:37
RUA,R11,8,Andre Heimgartner,31,243,false,top_speed,NaN,E:\2026\99_seasonTiming\04_RUA\top_speed\Race 11.pdf,2026-04-22 16:49:37
RUA,R11,9,Jobe Stewart,1,214,false,top_speed,NaN,E:\2026\99_seasonTiming\04_RUA\top_speed\Race 11.pdf,2026-04-22 16:49:37
RUA,R11,9,Jobe Stewart,2,236,false,top_speed,NaN,E:\2026\99_seasonTiming\04_RUA\top_speed\Race 11.pdf,2026-04-22 16:49:37
RUA,R11,9,Jobe Stewart,3,243,false,top_speed,NaN,E:\2026\99_seasonTiming\04_RUA\top_speed\Race 11.pdf,2026-04-22 16:49:37
RUA,R11,9,Jobe Stewart,4,253,false,top_speed,NaN,E:\2026\99_seasonTiming\04_RUA\top_speed\Race 11.pdf,2026-04-22 16:49:37
RUA,R11,9,Jobe Stewart,5,250,false,top_speed,NaN,E:\2026\99_seasonTiming\04_RUA\top_speed\Race 11.pdf,2026-04-22 16:49:37
RUA,R11,9,Jobe Stewart,6,249,false,top_speed,NaN,E:\2026\99_seasonTiming\04_RUA\top_speed\Race 11.pdf,2026-04-22 16:49:37
RUA,R11,9,Jobe Stewart,7,248,false,top_speed,NaN,E:\2026\99_seasonTiming\04_RUA\top_speed\Race 11.pdf,2026-04-22 16:49:37
RUA,R11,9,Jobe Stewart,8,247,false,top_speed,NaN,E:\2026\99_seasonTiming\04_RUA\top_speed\Race 11.pdf,2026-04-22 16:49:37
RUA,R11,9,Jobe Stewart,9,248,false,top_speed,NaN,E:\2026\99_seasonTiming\04_RUA\top_speed\Race 11.pdf,2026-04-22 16:49:37
RUA,R11,9,Jobe Stewart,10,250,false,top_speed,NaN,E:\2026\99_seasonTiming\04_RUA\top_speed\Race 11.pdf,2026-04-22 16:49:37
RUA,R11,9,Jobe Stewart,11,249,false,top_speed,NaN,E:\2026\99_seasonTiming\04_RUA\top_speed\Race 11.pdf,2026-04-22 16:49:37
RUA,R11,9,Jobe Stewart,12,250,false,top_speed,NaN,E:\2026\99_seasonTiming\04_RUA\top_speed\Race 11.pdf,2026-04-22 16:49:37
RUA,R11,9,Jobe Stewart,13,250,false,top_speed,NaN,E:\2026\99_seasonTiming\04_RUA\top_speed\Race 11.pdf,2026-04-22 16:49:37
RUA,R11,9,Jobe Stewart,14,191,false,top_speed,NaN,E:\2026\99_seasonTiming\04_RUA\top_speed\Race 11.pdf,2026-04-22 16:49:37
RUA,R11,9,Jobe Stewart,15,249,false,top_speed,NaN,E:\2026\99_seasonTiming\04_RUA\top_speed\Race 11.pdf,2026-04-22 16:49:37
RUA,R11,9,Jobe Stewart,16,248,false,top_speed,NaN,E:\2026\99_seasonTiming\04_RUA\top_speed\Race 11.pdf,2026-04-22 16:49:37
RUA,R11,9,Jobe Stewart,17,249,false,top_speed,NaN,E:\2026\99_seasonTiming\04_RUA\top_speed\Race 11.pdf,2026-04-22 16:49:37
RUA,R11,9,Jobe Stewart,18,249,false,top_speed,NaN,E:\2026\99_seasonTiming\04_RUA\top_speed\Race 11.pdf,2026-04-22 16:49:37
RUA,R11,9,Jobe Stewart,19,249,false,top_speed,NaN,E:\2026\99_seasonTiming\04_RUA\top_speed\Race 11.pdf,2026-04-22 16:49:37
RUA,R11,9,Jobe Stewart,20,249,false,top_speed,NaN,E:\2026\99_seasonTiming\04_RUA\top_speed\Race 11.pdf,2026-04-22 16:49:37
RUA,R11,9,Jobe Stewart,21,248,false,top_speed,NaN,E:\2026\99_seasonTiming\04_RUA\top_speed\Race 11.pdf,2026-04-22 16:49:37
RUA,R11,9,Jobe Stewart,22,249,false,top_speed,NaN,E:\2026\99_seasonTiming\04_RUA\top_speed\Race 11.pdf,2026-04-22 16:49:37
RUA,R11,9,Jobe Stewart,23,249,false,top_speed,NaN,E:\2026\99_seasonTiming\04_RUA\top_speed\Race 11.pdf,2026-04-22 16:49:37
RUA,R11,9,Jobe Stewart,24,251,false,top_speed,NaN,E:\2026\99_seasonTiming\04_RUA\top_speed\Race 11.pdf,2026-04-22 16:49:37
RUA,R11,9,Jobe Stewart,25,250,false,top_speed,NaN,E:\2026\99_seasonTiming\04_RUA\top_speed\Race 11.pdf,2026-04-22 16:49:37
RUA,R11,9,Jobe Stewart,26,250,false,top_speed,NaN,E:\2026\99_seasonTiming\04_RUA\top_speed\Race 11.pdf,2026-04-22 16:49:37
RUA,R11,9,Jobe Stewart,27,249,false,top_speed,NaN,E:\2026\99_seasonTiming\04_RUA\top_speed\Race 11.pdf,2026-04-22 16:49:37
RUA,R11,9,Jobe Stewart,28,248,false,top_speed,NaN,E:\2026\99_seasonTiming\04_RUA\top_speed\Race 11.pdf,2026-04-22 16:49:37
RUA,R11,9,Jobe Stewart,29,249,false,top_speed,NaN,E:\2026\99_seasonTiming\04_RUA\top_speed\Race 11.pdf,2026-04-22 16:49:37
RUA,R11,9,Jobe Stewart,30,248,false,top_speed,NaN,E:\2026\99_seasonTiming\04_RUA\top_speed\Race 11.pdf,2026-04-22 16:49:37
RUA,R11,9,Jobe Stewart,31,250,false,top_speed,NaN,E:\2026\99_seasonTiming\04_RUA\top_speed\Race 11.pdf,2026-04-22 16:49:37
RUA,R11,9,Jobe Stewart,32,248,false,top_speed,NaN,E:\2026\99_seasonTiming\04_RUA\top_speed\Race 11.pdf,2026-04-22 16:49:37
RUA,R11,9,Jobe Stewart,33,248,false,top_speed,NaN,E:\2026\99_seasonTiming\04_RUA\top_speed\Race 11.pdf,2026-04-22 16:49:37
RUA,R11,9,Jobe Stewart,34,249,false,top_speed,NaN,E:\2026\99_seasonTiming\04_RUA\top_speed\Race 11.pdf,2026-04-22 16:49:37
RUA,R11,9,Jobe Stewart,35,248,false,top_speed,NaN,E:\2026\99_seasonTiming\04_RUA\top_speed\Race 11.pdf,2026-04-22 16:49:37
RUA,R11,9,Jobe Stewart,36,248,false,top_speed,NaN,E:\2026\99_seasonTiming\04_RUA\top_speed\Race 11.pdf,2026-04-22 16:49:37
RUA,R11,9,Jobe Stewart,37,247,false,top_speed,NaN,E:\2026\99_seasonTiming\04_RUA\top_speed\Race 11.pdf,2026-04-22 16:49:37
RUA,R11,10,Zach Bates,1,210,false,top_speed,NaN,E:\2026\99_seasonTiming\04_RUA\top_speed\Race 11.pdf,2026-04-22 16:49:37
RUA,R11,10,Zach Bates,2,235,false,top_speed,NaN,E:\2026\99_seasonTiming\04_RUA\top_speed\Race 11.pdf,2026-04-22 16:49:37
RUA,R11,10,Zach Bates,3,251,false,top_speed,NaN,E:\2026\99_seasonTiming\04_RUA\top_speed\Race 11.pdf,2026-04-22 16:49:37
RUA,R11,10,Zach Bates,4,248,false,top_speed,NaN,E:\2026\99_seasonTiming\04_RUA\top_speed\Race 11.pdf,2026-04-22 16:49:37
RUA,R11,10,Zach Bates,5,246,false,top_speed,NaN,E:\2026\99_seasonTiming\04_RUA\top_speed\Race 11.pdf,2026-04-22 16:49:37
RUA,R11,10,Zach Bates,6,249,false,top_speed,NaN,E:\2026\99_seasonTiming\04_RUA\top_speed\Race 11.pdf,2026-04-22 16:49:37
RUA,R11,10,Zach Bates,7,251,false,top_speed,NaN,E:\2026\99_seasonTiming\04_RUA\top_speed\Race 11.pdf,2026-04-22 16:49:37
RUA,R11,10,Zach Bates,8,250,false,top_speed,NaN,E:\2026\99_seasonTiming\04_RUA\top_speed\Race 11.pdf,2026-04-22 16:49:37
RUA,R11,10,Zach Bates,9,248,false,top_speed,NaN,E:\2026\99_seasonTiming\04_RUA\top_speed\Race 11.pdf,2026-04-22 16:49:37
RUA,R11,10,Zach Bates,10,248,false,top_speed,NaN,E:\2026\99_seasonTiming\04_RUA\top_speed\Race 11.pdf,2026-04-22 16:49:37
RUA,R11,10,Zach Bates,11,253,false,top_speed,NaN,E:\2026\99_seasonTiming\04_RUA\top_speed\Race 11.pdf,2026-04-22 16:49:37
RUA,R11,10,Zach Bates,12,244,false,top_speed,NaN,E:\2026\99_seasonTiming\04_RUA\top_speed\Race 11.pdf,2026-04-22 16:49:37
RUA,R11,10,Zach Bates,13,193,false,top_speed,NaN,E:\2026\99_seasonTiming\04_RUA\top_speed\Race 11.pdf,2026-04-22 16:49:37
RUA,R11,10,Zach Bates,14,249,false,top_speed,NaN,E:\2026\99_seasonTiming\04_RUA\top_speed\Race 11.pdf,2026-04-22 16:49:37
RUA,R11,10,Zach Bates,15,249,false,top_speed,NaN,E:\2026\99_seasonTiming\04_RUA\top_speed\Race 11.pdf,2026-04-22 16:49:37
RUA,R11,10,Zach Bates,16,247,false,top_speed,NaN,E:\2026\99_seasonTiming\04_RUA\top_speed\Race 11.pdf,2026-04-22 16:49:37
RUA,R11,10,Zach Bates,17,249,false,top_speed,NaN,E:\2026\99_seasonTiming\04_RUA\top_speed\Race 11.pdf,2026-04-22 16:49:37
RUA,R11,10,Zach Bates,18,248,false,top_speed,NaN,E:\2026\99_seasonTiming\04_RUA\top_speed\Race 11.pdf,2026-04-22 16:49:37
RUA,R11,10,Zach Bates,19,250,false,top_speed,NaN,E:\2026\99_seasonTiming\04_RUA\top_speed\Race 11.pdf,2026-04-22 16:49:37
RUA,R11,10,Zach Bates,20,249,false,top_speed,NaN,E:\2026\99_seasonTiming\04_RUA\top_speed\Race 11.pdf,2026-04-22 16:49:37
RUA,R11,10,Zach Bates,21,250,false,top_speed,NaN,E:\2026\99_seasonTiming\04_RUA\top_speed\Race 11.pdf,2026-04-22 16:49:37
RUA,R11,10,Zach Bates,22,249,false,top_speed,NaN,E:\2026\99_seasonTiming\04_RUA\top_speed\Race 11.pdf,2026-04-22 16:49:37
RUA,R11,10,Zach Bates,23,251,false,top_speed,NaN,E:\2026\99_seasonTiming\04_RUA\top_speed\Race 11.pdf,2026-04-22 16:49:37
RUA,R11,10,Zach Bates,24,251,false,top_speed,NaN,E:\2026\99_seasonTiming\04_RUA\top_speed\Race 11.pdf,2026-04-22 16:49:37
RUA,R11,10,Zach Bates,25,252,false,top_speed,NaN,E:\2026\99_seasonTiming\04_RUA\top_speed\Race 11.pdf,2026-04-22 16:49:37
RUA,R11,10,Zach Bates,26,248,false,top_speed,NaN,E:\2026\99_seasonTiming\04_RUA\top_speed\Race 11.pdf,2026-04-22 16:49:37
RUA,R11,10,Zach Bates,27,235,false,top_speed,NaN,E:\2026\99_seasonTiming\04_RUA\top_speed\Race 11.pdf,2026-04-22 16:49:37
RUA,R11,10,Zach Bates,28,248,false,top_speed,NaN,E:\2026\99_seasonTiming\04_RUA\top_speed\Race 11.pdf,2026-04-22 16:49:37
RUA,R11,10,Zach Bates,29,246,false,top_speed,NaN,E:\2026\99_seasonTiming\04_RUA\top_speed\Race 11.pdf,2026-04-22 16:49:37
RUA,R11,10,Zach Bates,30,246,false,top_speed,NaN,E:\2026\99_seasonTiming\04_RUA\top_speed\Race 11.pdf,2026-04-22 16:49:37
RUA,R11,10,Zach Bates,31,246,false,top_speed,NaN,E:\2026\99_seasonTiming\04_RUA\top_speed\Race 11.pdf,2026-04-22 16:49:37
RUA,R11,10,Zach Bates,32,249,false,top_speed,NaN,E:\2026\99_seasonTiming\04_RUA\top_speed\Race 11.pdf,2026-04-22 16:49:37
RUA,R11,10,Zach Bates,33,249,false,top_speed,NaN,E:\2026\99_seasonTiming\04_RUA\top_speed\Race 11.pdf,2026-04-22 16:49:37
RUA,R11,10,Zach Bates,34,249,false,top_speed,NaN,E:\2026\99_seasonTiming\04_RUA\top_speed\Race 11.pdf,2026-04-22 16:49:37
RUA,R11,10,Zach Bates,35,248,false,top_speed,NaN,E:\2026\99_seasonTiming\04_RUA\top_speed\Race 11.pdf,2026-04-22 16:49:37
RUA,R11,10,Zach Bates,36,247,false,top_speed,NaN,E:\2026\99_seasonTiming\04_RUA\top_speed\Race 11.pdf,2026-04-22 16:49:37
RUA,R11,10,Zach Bates,37,249,false,top_speed,NaN,E:\2026\99_seasonTiming\04_RUA\top_speed\Race 11.pdf,2026-04-22 16:49:37
RUA,R11,11,Jackson Walls,1,213,false,top_speed,NaN,E:\2026\99_seasonTiming\04_RUA\top_speed\Race 11.pdf,2026-04-22 16:49:37
RUA,R11,11,Jackson Walls,2,246,false,top_speed,NaN,E:\2026\99_seasonTiming\04_RUA\top_speed\Race 11.pdf,2026-04-22 16:49:37
RUA,R11,11,Jackson Walls,3,249,false,top_speed,NaN,E:\2026\99_seasonTiming\04_RUA\top_speed\Race 11.pdf,2026-04-22 16:49:37
RUA,R11,11,Jackson Walls,4,251,false,top_speed,NaN,E:\2026\99_seasonTiming\04_RUA\top_speed\Race 11.pdf,2026-04-22 16:49:37
RUA,R11,11,Jackson Walls,5,252,false,top_speed,NaN,E:\2026\99_seasonTiming\04_RUA\top_speed\Race 11.pdf,2026-04-22 16:49:37
RUA,R11,11,Jackson Walls,6,248,false,top_speed,NaN,E:\2026\99_seasonTiming\04_RUA\top_speed\Race 11.pdf,2026-04-22 16:49:37
RUA,R11,11,Jackson Walls,7,249,false,top_speed,NaN,E:\2026\99_seasonTiming\04_RUA\top_speed\Race 11.pdf,2026-04-22 16:49:37
RUA,R11,11,Jackson Walls,8,248,false,top_speed,NaN,E:\2026\99_seasonTiming\04_RUA\top_speed\Race 11.pdf,2026-04-22 16:49:37
RUA,R11,11,Jackson Walls,9,249,false,top_speed,NaN,E:\2026\99_seasonTiming\04_RUA\top_speed\Race 11.pdf,2026-04-22 16:49:37
RUA,R11,11,Jackson Walls,10,248,false,top_speed,NaN,E:\2026\99_seasonTiming\04_RUA\top_speed\Race 11.pdf,2026-04-22 16:49:37
RUA,R11,11,Jackson Walls,11,248,false,top_speed,NaN,E:\2026\99_seasonTiming\04_RUA\top_speed\Race 11.pdf,2026-04-22 16:49:37
RUA,R11,11,Jackson Walls,12,245,false,top_speed,NaN,E:\2026\99_seasonTiming\04_RUA\top_speed\Race 11.pdf,2026-04-22 16:49:37
RUA,R11,11,Jackson Walls,13,247,false,top_speed,NaN,E:\2026\99_seasonTiming\04_RUA\top_speed\Race 11.pdf,2026-04-22 16:49:37
RUA,R11,11,Jackson Walls,14,247,false,top_speed,NaN,E:\2026\99_seasonTiming\04_RUA\top_speed\Race 11.pdf,2026-04-22 16:49:37
RUA,R11,11,Jackson Walls,15,248,false,top_speed,NaN,E:\2026\99_seasonTiming\04_RUA\top_speed\Race 11.pdf,2026-04-22 16:49:37
RUA,R11,11,Jackson Walls,16,246,false,top_speed,NaN,E:\2026\99_seasonTiming\04_RUA\top_speed\Race 11.pdf,2026-04-22 16:49:37
RUA,R11,11,Jackson Walls,17,246,false,top_speed,NaN,E:\2026\99_seasonTiming\04_RUA\top_speed\Race 11.pdf,2026-04-22 16:49:37
RUA,R11,11,Jackson Walls,18,247,false,top_speed,NaN,E:\2026\99_seasonTiming\04_RUA\top_speed\Race 11.pdf,2026-04-22 16:49:37
RUA,R11,11,Jackson Walls,19,247,false,top_speed,NaN,E:\2026\99_seasonTiming\04_RUA\top_speed\Race 11.pdf,2026-04-22 16:49:37
RUA,R11,11,Jackson Walls,20,244,false,top_speed,NaN,E:\2026\99_seasonTiming\04_RUA\top_speed\Race 11.pdf,2026-04-22 16:49:37
RUA,R11,11,Jackson Walls,21,191,false,top_speed,NaN,E:\2026\99_seasonTiming\04_RUA\top_speed\Race 11.pdf,2026-04-22 16:49:37
RUA,R11,11,Jackson Walls,22,243,false,top_speed,NaN,E:\2026\99_seasonTiming\04_RUA\top_speed\Race 11.pdf,2026-04-22 16:49:37
RUA,R11,11,Jackson Walls,23,248,false,top_speed,NaN,E:\2026\99_seasonTiming\04_RUA\top_speed\Race 11.pdf,2026-04-22 16:49:37
RUA,R11,11,Jackson Walls,24,246,false,top_speed,NaN,E:\2026\99_seasonTiming\04_RUA\top_speed\Race 11.pdf,2026-04-22 16:49:37
RUA,R11,11,Jackson Walls,25,249,false,top_speed,NaN,E:\2026\99_seasonTiming\04_RUA\top_speed\Race 11.pdf,2026-04-22 16:49:37
RUA,R11,11,Jackson Walls,26,249,false,top_speed,NaN,E:\2026\99_seasonTiming\04_RUA\top_speed\Race 11.pdf,2026-04-22 16:49:37
RUA,R11,11,Jackson Walls,27,248,false,top_speed,NaN,E:\2026\99_seasonTiming\04_RUA\top_speed\Race 11.pdf,2026-04-22 16:49:37
RUA,R11,11,Jackson Walls,28,247,false,top_speed,NaN,E:\2026\99_seasonTiming\04_RUA\top_speed\Race 11.pdf,2026-04-22 16:49:37
RUA,R11,11,Jackson Walls,29,247,false,top_speed,NaN,E:\2026\99_seasonTiming\04_RUA\top_speed\Race 11.pdf,2026-04-22 16:49:37
RUA,R11,11,Jackson Walls,30,248,false,top_speed,NaN,E:\2026\99_seasonTiming\04_RUA\top_speed\Race 11.pdf,2026-04-22 16:49:37
RUA,R11,11,Jackson Walls,31,248,false,top_speed,NaN,E:\2026\99_seasonTiming\04_RUA\top_speed\Race 11.pdf,2026-04-22 16:49:37
RUA,R11,11,Jackson Walls,32,249,false,top_speed,NaN,E:\2026\99_seasonTiming\04_RUA\top_speed\Race 11.pdf,2026-04-22 16:49:37
RUA,R11,11,Jackson Walls,33,239,false,top_speed,NaN,E:\2026\99_seasonTiming\04_RUA\top_speed\Race 11.pdf,2026-04-22 16:49:37
RUA,R11,11,Jackson Walls,34,246,false,top_speed,NaN,E:\2026\99_seasonTiming\04_RUA\top_speed\Race 11.pdf,2026-04-22 16:49:37
RUA,R11,11,Jackson Walls,35,248,false,top_speed,NaN,E:\2026\99_seasonTiming\04_RUA\top_speed\Race 11.pdf,2026-04-22 16:49:37
RUA,R11,11,Jackson Walls,36,239,false,top_speed,NaN,E:\2026\99_seasonTiming\04_RUA\top_speed\Race 11.pdf,2026-04-22 16:49:37
RUA,R11,11,Jackson Walls,37,235,false,top_speed,NaN,E:\2026\99_seasonTiming\04_RUA\top_speed\Race 11.pdf,2026-04-22 16:49:37
RUA,R11,14,Cameron Hill,1,205,false,top_speed,NaN,E:\2026\99_seasonTiming\04_RUA\top_speed\Race 11.pdf,2026-04-22 16:49:37
RUA,R11,14,Cameron Hill,2,240,false,top_speed,NaN,E:\2026\99_seasonTiming\04_RUA\top_speed\Race 11.pdf,2026-04-22 16:49:37
RUA,R11,14,Cameron Hill,3,248,false,top_speed,NaN,E:\2026\99_seasonTiming\04_RUA\top_speed\Race 11.pdf,2026-04-22 16:49:37
RUA,R11,14,Cameron Hill,4,249,false,top_speed,NaN,E:\2026\99_seasonTiming\04_RUA\top_speed\Race 11.pdf,2026-04-22 16:49:37
RUA,R11,14,Cameron Hill,5,183,false,top_speed,NaN,E:\2026\99_seasonTiming\04_RUA\top_speed\Race 11.pdf,2026-04-22 16:49:37
RUA,R11,14,Cameron Hill,6,244,false,top_speed,NaN,E:\2026\99_seasonTiming\04_RUA\top_speed\Race 11.pdf,2026-04-22 16:49:37
RUA,R11,14,Cameron Hill,7,245,false,top_speed,NaN,E:\2026\99_seasonTiming\04_RUA\top_speed\Race 11.pdf,2026-04-22 16:49:37
RUA,R11,14,Cameron Hill,8,247,false,top_speed,NaN,E:\2026\99_seasonTiming\04_RUA\top_speed\Race 11.pdf,2026-04-22 16:49:37
RUA,R11,14,Cameron Hill,9,247,false,top_speed,NaN,E:\2026\99_seasonTiming\04_RUA\top_speed\Race 11.pdf,2026-04-22 16:49:37
RUA,R11,14,Cameron Hill,10,246,false,top_speed,NaN,E:\2026\99_seasonTiming\04_RUA\top_speed\Race 11.pdf,2026-04-22 16:49:37
RUA,R11,14,Cameron Hill,11,246,false,top_speed,NaN,E:\2026\99_seasonTiming\04_RUA\top_speed\Race 11.pdf,2026-04-22 16:49:37
RUA,R11,14,Cameron Hill,12,247,false,top_speed,NaN,E:\2026\99_seasonTiming\04_RUA\top_speed\Race 11.pdf,2026-04-22 16:49:37
RUA,R11,14,Cameron Hill,13,247,false,top_speed,NaN,E:\2026\99_seasonTiming\04_RUA\top_speed\Race 11.pdf,2026-04-22 16:49:37
RUA,R11,14,Cameron Hill,14,248,false,top_speed,NaN,E:\2026\99_seasonTiming\04_RUA\top_speed\Race 11.pdf,2026-04-22 16:49:37
RUA,R11,14,Cameron Hill,15,247,false,top_speed,NaN,E:\2026\99_seasonTiming\04_RUA\top_speed\Race 11.pdf,2026-04-22 16:49:37
RUA,R11,14,Cameron Hill,16,249,false,top_speed,NaN,E:\2026\99_seasonTiming\04_RUA\top_speed\Race 11.pdf,2026-04-22 16:49:37
RUA,R11,14,Cameron Hill,17,250,false,top_speed,NaN,E:\2026\99_seasonTiming\04_RUA\top_speed\Race 11.pdf,2026-04-22 16:49:37
RUA,R11,14,Cameron Hill,18,250,false,top_speed,NaN,E:\2026\99_seasonTiming\04_RUA\top_speed\Race 11.pdf,2026-04-22 16:49:37
RUA,R11,14,Cameron Hill,19,249,false,top_speed,NaN,E:\2026\99_seasonTiming\04_RUA\top_speed\Race 11.pdf,2026-04-22 16:49:37
RUA,R11,14,Cameron Hill,20,190,false,top_speed,NaN,E:\2026\99_seasonTiming\04_RUA\top_speed\Race 11.pdf,2026-04-22 16:49:37
RUA,R11,14,Cameron Hill,21,248,false,top_speed,NaN,E:\2026\99_seasonTiming\04_RUA\top_speed\Race 11.pdf,2026-04-22 16:49:37
RUA,R11,14,Cameron Hill,22,248,false,top_speed,NaN,E:\2026\99_seasonTiming\04_RUA\top_speed\Race 11.pdf,2026-04-22 16:49:37
RUA,R11,14,Cameron Hill,23,250,false,top_speed,NaN,E:\2026\99_seasonTiming\04_RUA\top_speed\Race 11.pdf,2026-04-22 16:49:37
RUA,R11,14,Cameron Hill,24,250,false,top_speed,NaN,E:\2026\99_seasonTiming\04_RUA\top_speed\Race 11.pdf,2026-04-22 16:49:37
RUA,R11,14,Cameron Hill,25,251,false,top_speed,NaN,E:\2026\99_seasonTiming\04_RUA\top_speed\Race 11.pdf,2026-04-22 16:49:37
RUA,R11,14,Cameron Hill,26,249,false,top_speed,NaN,E:\2026\99_seasonTiming\04_RUA\top_speed\Race 11.pdf,2026-04-22 16:49:37
RUA,R11,14,Cameron Hill,27,249,false,top_speed,NaN,E:\2026\99_seasonTiming\04_RUA\top_speed\Race 11.pdf,2026-04-22 16:49:37
RUA,R11,14,Cameron Hill,28,250,false,top_speed,NaN,E:\2026\99_seasonTiming\04_RUA\top_speed\Race 11.pdf,2026-04-22 16:49:37
RUA,R11,14,Cameron Hill,29,250,false,top_speed,NaN,E:\2026\99_seasonTiming\04_RUA\top_speed\Race 11.pdf,2026-04-22 16:49:37
RUA,R11,14,Cameron Hill,30,249,false,top_speed,NaN,E:\2026\99_seasonTiming\04_RUA\top_speed\Race 11.pdf,2026-04-22 16:49:37
RUA,R11,17,Brodie Kostecki,1,201,false,top_speed,NaN,E:\2026\99_seasonTiming\04_RUA\top_speed\Race 11.pdf,2026-04-22 16:49:37
RUA,R11,17,Brodie Kostecki,2,249,false,top_speed,NaN,E:\2026\99_seasonTiming\04_RUA\top_speed\Race 11.pdf,2026-04-22 16:49:37
RUA,R11,17,Brodie Kostecki,3,249,false,top_speed,NaN,E:\2026\99_seasonTiming\04_RUA\top_speed\Race 11.pdf,2026-04-22 16:49:37
RUA,R11,17,Brodie Kostecki,4,249,false,top_speed,NaN,E:\2026\99_seasonTiming\04_RUA\top_speed\Race 11.pdf,2026-04-22 16:49:37
RUA,R11,17,Brodie Kostecki,5,249,false,top_speed,NaN,E:\2026\99_seasonTiming\04_RUA\top_speed\Race 11.pdf,2026-04-22 16:49:37
RUA,R11,17,Brodie Kostecki,6,249,false,top_speed,NaN,E:\2026\99_seasonTiming\04_RUA\top_speed\Race 11.pdf,2026-04-22 16:49:37
RUA,R11,17,Brodie Kostecki,7,249,false,top_speed,NaN,E:\2026\99_seasonTiming\04_RUA\top_speed\Race 11.pdf,2026-04-22 16:49:37
RUA,R11,17,Brodie Kostecki,8,249,false,top_speed,NaN,E:\2026\99_seasonTiming\04_RUA\top_speed\Race 11.pdf,2026-04-22 16:49:37
RUA,R11,17,Brodie Kostecki,9,249,false,top_speed,NaN,E:\2026\99_seasonTiming\04_RUA\top_speed\Race 11.pdf,2026-04-22 16:49:37
RUA,R11,17,Brodie Kostecki,10,248,false,top_speed,NaN,E:\2026\99_seasonTiming\04_RUA\top_speed\Race 11.pdf,2026-04-22 16:49:37
RUA,R11,17,Brodie Kostecki,11,248,false,top_speed,NaN,E:\2026\99_seasonTiming\04_RUA\top_speed\Race 11.pdf,2026-04-22 16:49:37
RUA,R11,17,Brodie Kostecki,12,249,false,top_speed,NaN,E:\2026\99_seasonTiming\04_RUA\top_speed\Race 11.pdf,2026-04-22 16:49:37
RUA,R11,17,Brodie Kostecki,13,249,false,top_speed,NaN,E:\2026\99_seasonTiming\04_RUA\top_speed\Race 11.pdf,2026-04-22 16:49:37
RUA,R11,17,Brodie Kostecki,14,249,false,top_speed,NaN,E:\2026\99_seasonTiming\04_RUA\top_speed\Race 11.pdf,2026-04-22 16:49:37
RUA,R11,17,Brodie Kostecki,15,250,false,top_speed,NaN,E:\2026\99_seasonTiming\04_RUA\top_speed\Race 11.pdf,2026-04-22 16:49:37
RUA,R11,17,Brodie Kostecki,16,250,false,top_speed,NaN,E:\2026\99_seasonTiming\04_RUA\top_speed\Race 11.pdf,2026-04-22 16:49:37
RUA,R11,17,Brodie Kostecki,17,194,false,top_speed,NaN,E:\2026\99_seasonTiming\04_RUA\top_speed\Race 11.pdf,2026-04-22 16:49:37
RUA,R11,17,Brodie Kostecki,18,249,false,top_speed,NaN,E:\2026\99_seasonTiming\04_RUA\top_speed\Race 11.pdf,2026-04-22 16:49:37
RUA,R11,17,Brodie Kostecki,19,251,false,top_speed,NaN,E:\2026\99_seasonTiming\04_RUA\top_speed\Race 11.pdf,2026-04-22 16:49:37
RUA,R11,17,Brodie Kostecki,20,249,false,top_speed,NaN,E:\2026\99_seasonTiming\04_RUA\top_speed\Race 11.pdf,2026-04-22 16:49:37
RUA,R11,17,Brodie Kostecki,21,250,false,top_speed,NaN,E:\2026\99_seasonTiming\04_RUA\top_speed\Race 11.pdf,2026-04-22 16:49:37
RUA,R11,17,Brodie Kostecki,22,250,false,top_speed,NaN,E:\2026\99_seasonTiming\04_RUA\top_speed\Race 11.pdf,2026-04-22 16:49:37
RUA,R11,17,Brodie Kostecki,23,251,false,top_speed,NaN,E:\2026\99_seasonTiming\04_RUA\top_speed\Race 11.pdf,2026-04-22 16:49:37
RUA,R11,17,Brodie Kostecki,24,251,false,top_speed,NaN,E:\2026\99_seasonTiming\04_RUA\top_speed\Race 11.pdf,2026-04-22 16:49:37
RUA,R11,17,Brodie Kostecki,25,249,false,top_speed,NaN,E:\2026\99_seasonTiming\04_RUA\top_speed\Race 11.pdf,2026-04-22 16:49:37
RUA,R11,17,Brodie Kostecki,26,243,false,top_speed,NaN,E:\2026\99_seasonTiming\04_RUA\top_speed\Race 11.pdf,2026-04-22 16:49:37
RUA,R11,17,Brodie Kostecki,27,249,false,top_speed,NaN,E:\2026\99_seasonTiming\04_RUA\top_speed\Race 11.pdf,2026-04-22 16:49:37
RUA,R11,17,Brodie Kostecki,28,248,false,top_speed,NaN,E:\2026\99_seasonTiming\04_RUA\top_speed\Race 11.pdf,2026-04-22 16:49:37
RUA,R11,17,Brodie Kostecki,29,249,false,top_speed,NaN,E:\2026\99_seasonTiming\04_RUA\top_speed\Race 11.pdf,2026-04-22 16:49:37
RUA,R11,17,Brodie Kostecki,30,248,false,top_speed,NaN,E:\2026\99_seasonTiming\04_RUA\top_speed\Race 11.pdf,2026-04-22 16:49:37
RUA,R11,17,Brodie Kostecki,31,249,false,top_speed,NaN,E:\2026\99_seasonTiming\04_RUA\top_speed\Race 11.pdf,2026-04-22 16:49:37
RUA,R11,17,Brodie Kostecki,32,250,false,top_speed,NaN,E:\2026\99_seasonTiming\04_RUA\top_speed\Race 11.pdf,2026-04-22 16:49:37
RUA,R11,17,Brodie Kostecki,33,248,false,top_speed,NaN,E:\2026\99_seasonTiming\04_RUA\top_speed\Race 11.pdf,2026-04-22 16:49:37
RUA,R11,17,Brodie Kostecki,34,249,false,top_speed,NaN,E:\2026\99_seasonTiming\04_RUA\top_speed\Race 11.pdf,2026-04-22 16:49:37
RUA,R11,17,Brodie Kostecki,35,250,false,top_speed,NaN,E:\2026\99_seasonTiming\04_RUA\top_speed\Race 11.pdf,2026-04-22 16:49:37
RUA,R11,17,Brodie Kostecki,36,249,false,top_speed,NaN,E:\2026\99_seasonTiming\04_RUA\top_speed\Race 11.pdf,2026-04-22 16:49:37
RUA,R11,17,Brodie Kostecki,37,249,false,top_speed,NaN,E:\2026\99_seasonTiming\04_RUA\top_speed\Race 11.pdf,2026-04-22 16:49:37
RUA,R11,18,Anton De Pasquale,1,204,false,top_speed,NaN,E:\2026\99_seasonTiming\04_RUA\top_speed\Race 11.pdf,2026-04-22 16:49:37
RUA,R11,18,Anton De Pasquale,2,241,false,top_speed,NaN,E:\2026\99_seasonTiming\04_RUA\top_speed\Race 11.pdf,2026-04-22 16:49:37
RUA,R11,18,Anton De Pasquale,3,251,false,top_speed,NaN,E:\2026\99_seasonTiming\04_RUA\top_speed\Race 11.pdf,2026-04-22 16:49:37
RUA,R11,18,Anton De Pasquale,4,252,false,top_speed,NaN,E:\2026\99_seasonTiming\04_RUA\top_speed\Race 11.pdf,2026-04-22 16:49:37
RUA,R11,18,Anton De Pasquale,5,252,false,top_speed,NaN,E:\2026\99_seasonTiming\04_RUA\top_speed\Race 11.pdf,2026-04-22 16:49:37
RUA,R11,18,Anton De Pasquale,6,253,false,top_speed,NaN,E:\2026\99_seasonTiming\04_RUA\top_speed\Race 11.pdf,2026-04-22 16:49:37
RUA,R11,18,Anton De Pasquale,7,252,false,top_speed,NaN,E:\2026\99_seasonTiming\04_RUA\top_speed\Race 11.pdf,2026-04-22 16:49:37
RUA,R11,18,Anton De Pasquale,8,253,false,top_speed,NaN,E:\2026\99_seasonTiming\04_RUA\top_speed\Race 11.pdf,2026-04-22 16:49:37
RUA,R11,18,Anton De Pasquale,9,250,false,top_speed,NaN,E:\2026\99_seasonTiming\04_RUA\top_speed\Race 11.pdf,2026-04-22 16:49:37
RUA,R11,18,Anton De Pasquale,10,249,false,top_speed,NaN,E:\2026\99_seasonTiming\04_RUA\top_speed\Race 11.pdf,2026-04-22 16:49:37
RUA,R11,18,Anton De Pasquale,11,192,false,top_speed,NaN,E:\2026\99_seasonTiming\04_RUA\top_speed\Race 11.pdf,2026-04-22 16:49:37
RUA,R11,18,Anton De Pasquale,12,248,false,top_speed,NaN,E:\2026\99_seasonTiming\04_RUA\top_speed\Race 11.pdf,2026-04-22 16:49:37
RUA,R11,18,Anton De Pasquale,13,249,false,top_speed,NaN,E:\2026\99_seasonTiming\04_RUA\top_speed\Race 11.pdf,2026-04-22 16:49:37
RUA,R11,18,Anton De Pasquale,14,249,false,top_speed,NaN,E:\2026\99_seasonTiming\04_RUA\top_speed\Race 11.pdf,2026-04-22 16:49:37
RUA,R11,18,Anton De Pasquale,15,250,false,top_speed,NaN,E:\2026\99_seasonTiming\04_RUA\top_speed\Race 11.pdf,2026-04-22 16:49:37
RUA,R11,18,Anton De Pasquale,16,249,false,top_speed,NaN,E:\2026\99_seasonTiming\04_RUA\top_speed\Race 11.pdf,2026-04-22 16:49:37
RUA,R11,18,Anton De Pasquale,17,250,false,top_speed,NaN,E:\2026\99_seasonTiming\04_RUA\top_speed\Race 11.pdf,2026-04-22 16:49:37
RUA,R11,18,Anton De Pasquale,18,251,false,top_speed,NaN,E:\2026\99_seasonTiming\04_RUA\top_speed\Race 11.pdf,2026-04-22 16:49:37
RUA,R11,18,Anton De Pasquale,19,251,false,top_speed,NaN,E:\2026\99_seasonTiming\04_RUA\top_speed\Race 11.pdf,2026-04-22 16:49:37
RUA,R11,18,Anton De Pasquale,20,252,false,top_speed,NaN,E:\2026\99_seasonTiming\04_RUA\top_speed\Race 11.pdf,2026-04-22 16:49:37
RUA,R11,18,Anton De Pasquale,21,249,false,top_speed,NaN,E:\2026\99_seasonTiming\04_RUA\top_speed\Race 11.pdf,2026-04-22 16:49:37
RUA,R11,18,Anton De Pasquale,22,251,false,top_speed,NaN,E:\2026\99_seasonTiming\04_RUA\top_speed\Race 11.pdf,2026-04-22 16:49:37
RUA,R11,18,Anton De Pasquale,23,254,false,top_speed,NaN,E:\2026\99_seasonTiming\04_RUA\top_speed\Race 11.pdf,2026-04-22 16:49:37
RUA,R11,18,Anton De Pasquale,24,252,false,top_speed,NaN,E:\2026\99_seasonTiming\04_RUA\top_speed\Race 11.pdf,2026-04-22 16:49:37
RUA,R11,18,Anton De Pasquale,25,251,false,top_speed,NaN,E:\2026\99_seasonTiming\04_RUA\top_speed\Race 11.pdf,2026-04-22 16:49:37
RUA,R11,18,Anton De Pasquale,26,251,false,top_speed,NaN,E:\2026\99_seasonTiming\04_RUA\top_speed\Race 11.pdf,2026-04-22 16:49:37
RUA,R11,18,Anton De Pasquale,27,250,false,top_speed,NaN,E:\2026\99_seasonTiming\04_RUA\top_speed\Race 11.pdf,2026-04-22 16:49:37
RUA,R11,18,Anton De Pasquale,28,250,false,top_speed,NaN,E:\2026\99_seasonTiming\04_RUA\top_speed\Race 11.pdf,2026-04-22 16:49:37
RUA,R11,18,Anton De Pasquale,29,250,false,top_speed,NaN,E:\2026\99_seasonTiming\04_RUA\top_speed\Race 11.pdf,2026-04-22 16:49:37
RUA,R11,18,Anton De Pasquale,30,250,false,top_speed,NaN,E:\2026\99_seasonTiming\04_RUA\top_speed\Race 11.pdf,2026-04-22 16:49:37
RUA,R11,18,Anton De Pasquale,31,251,false,top_speed,NaN,E:\2026\99_seasonTiming\04_RUA\top_speed\Race 11.pdf,2026-04-22 16:49:37
RUA,R11,18,Anton De Pasquale,32,251,false,top_speed,NaN,E:\2026\99_seasonTiming\04_RUA\top_speed\Race 11.pdf,2026-04-22 16:49:37
RUA,R11,18,Anton De Pasquale,33,249,false,top_speed,NaN,E:\2026\99_seasonTiming\04_RUA\top_speed\Race 11.pdf,2026-04-22 16:49:37
RUA,R11,18,Anton De Pasquale,34,250,false,top_speed,NaN,E:\2026\99_seasonTiming\04_RUA\top_speed\Race 11.pdf,2026-04-22 16:49:37
RUA,R11,18,Anton De Pasquale,35,249,false,top_speed,NaN,E:\2026\99_seasonTiming\04_RUA\top_speed\Race 11.pdf,2026-04-22 16:49:37
RUA,R11,18,Anton De Pasquale,36,249,false,top_speed,NaN,E:\2026\99_seasonTiming\04_RUA\top_speed\Race 11.pdf,2026-04-22 16:49:37
RUA,R11,18,Anton De Pasquale,37,249,false,top_speed,NaN,E:\2026\99_seasonTiming\04_RUA\top_speed\Race 11.pdf,2026-04-22 16:49:37
RUA,R11,19,Matthew Payne,1,197,false,top_speed,NaN,E:\2026\99_seasonTiming\04_RUA\top_speed\Race 11.pdf,2026-04-22 16:49:37
RUA,R11,19,Matthew Payne,2,242,false,top_speed,NaN,E:\2026\99_seasonTiming\04_RUA\top_speed\Race 11.pdf,2026-04-22 16:49:37
RUA,R11,19,Matthew Payne,3,249,false,top_speed,NaN,E:\2026\99_seasonTiming\04_RUA\top_speed\Race 11.pdf,2026-04-22 16:49:37
RUA,R11,19,Matthew Payne,4,250,false,top_speed,NaN,E:\2026\99_seasonTiming\04_RUA\top_speed\Race 11.pdf,2026-04-22 16:49:37
RUA,R11,19,Matthew Payne,5,250,false,top_speed,NaN,E:\2026\99_seasonTiming\04_RUA\top_speed\Race 11.pdf,2026-04-22 16:49:37
RUA,R11,19,Matthew Payne,6,250,false,top_speed,NaN,E:\2026\99_seasonTiming\04_RUA\top_speed\Race 11.pdf,2026-04-22 16:49:37
RUA,R11,19,Matthew Payne,7,252,false,top_speed,NaN,E:\2026\99_seasonTiming\04_RUA\top_speed\Race 11.pdf,2026-04-22 16:49:37
RUA,R11,19,Matthew Payne,8,253,false,top_speed,NaN,E:\2026\99_seasonTiming\04_RUA\top_speed\Race 11.pdf,2026-04-22 16:49:37
RUA,R11,19,Matthew Payne,9,248,false,top_speed,NaN,E:\2026\99_seasonTiming\04_RUA\top_speed\Race 11.pdf,2026-04-22 16:49:37
RUA,R11,19,Matthew Payne,10,250,false,top_speed,NaN,E:\2026\99_seasonTiming\04_RUA\top_speed\Race 11.pdf,2026-04-22 16:49:37
RUA,R11,19,Matthew Payne,11,250,false,top_speed,NaN,E:\2026\99_seasonTiming\04_RUA\top_speed\Race 11.pdf,2026-04-22 16:49:37
RUA,R11,19,Matthew Payne,12,250,false,top_speed,NaN,E:\2026\99_seasonTiming\04_RUA\top_speed\Race 11.pdf,2026-04-22 16:49:37
RUA,R11,19,Matthew Payne,13,250,false,top_speed,NaN,E:\2026\99_seasonTiming\04_RUA\top_speed\Race 11.pdf,2026-04-22 16:49:37
RUA,R11,19,Matthew Payne,14,250,false,top_speed,NaN,E:\2026\99_seasonTiming\04_RUA\top_speed\Race 11.pdf,2026-04-22 16:49:37
RUA,R11,19,Matthew Payne,15,250,false,top_speed,NaN,E:\2026\99_seasonTiming\04_RUA\top_speed\Race 11.pdf,2026-04-22 16:49:37
RUA,R11,19,Matthew Payne,16,250,false,top_speed,NaN,E:\2026\99_seasonTiming\04_RUA\top_speed\Race 11.pdf,2026-04-22 16:49:37
RUA,R11,19,Matthew Payne,17,248,false,top_speed,NaN,E:\2026\99_seasonTiming\04_RUA\top_speed\Race 11.pdf,2026-04-22 16:49:37
RUA,R11,19,Matthew Payne,18,248,false,top_speed,NaN,E:\2026\99_seasonTiming\04_RUA\top_speed\Race 11.pdf,2026-04-22 16:49:37
RUA,R11,19,Matthew Payne,19,249,false,top_speed,NaN,E:\2026\99_seasonTiming\04_RUA\top_speed\Race 11.pdf,2026-04-22 16:49:37
RUA,R11,19,Matthew Payne,20,249,false,top_speed,NaN,E:\2026\99_seasonTiming\04_RUA\top_speed\Race 11.pdf,2026-04-22 16:49:37
RUA,R11,19,Matthew Payne,21,249,false,top_speed,NaN,E:\2026\99_seasonTiming\04_RUA\top_speed\Race 11.pdf,2026-04-22 16:49:37
RUA,R11,19,Matthew Payne,22,248,false,top_speed,NaN,E:\2026\99_seasonTiming\04_RUA\top_speed\Race 11.pdf,2026-04-22 16:49:37
RUA,R11,19,Matthew Payne,23,249,false,top_speed,NaN,E:\2026\99_seasonTiming\04_RUA\top_speed\Race 11.pdf,2026-04-22 16:49:37
RUA,R11,19,Matthew Payne,24,250,false,top_speed,NaN,E:\2026\99_seasonTiming\04_RUA\top_speed\Race 11.pdf,2026-04-22 16:49:37
RUA,R11,19,Matthew Payne,25,250,false,top_speed,NaN,E:\2026\99_seasonTiming\04_RUA\top_speed\Race 11.pdf,2026-04-22 16:49:37
RUA,R11,19,Matthew Payne,26,193,false,top_speed,NaN,E:\2026\99_seasonTiming\04_RUA\top_speed\Race 11.pdf,2026-04-22 16:49:37
RUA,R11,19,Matthew Payne,27,193,false,top_speed,NaN,E:\2026\99_seasonTiming\04_RUA\top_speed\Race 11.pdf,2026-04-22 16:49:37
RUA,R11,19,Matthew Payne,28,250,false,top_speed,NaN,E:\2026\99_seasonTiming\04_RUA\top_speed\Race 11.pdf,2026-04-22 16:49:37
RUA,R11,19,Matthew Payne,29,249,false,top_speed,NaN,E:\2026\99_seasonTiming\04_RUA\top_speed\Race 11.pdf,2026-04-22 16:49:37
RUA,R11,19,Matthew Payne,30,250,false,top_speed,NaN,E:\2026\99_seasonTiming\04_RUA\top_speed\Race 11.pdf,2026-04-22 16:49:37
RUA,R11,19,Matthew Payne,31,252,false,top_speed,NaN,E:\2026\99_seasonTiming\04_RUA\top_speed\Race 11.pdf,2026-04-22 16:49:37
RUA,R11,19,Matthew Payne,32,249,false,top_speed,NaN,E:\2026\99_seasonTiming\04_RUA\top_speed\Race 11.pdf,2026-04-22 16:49:37
RUA,R11,19,Matthew Payne,33,250,false,top_speed,NaN,E:\2026\99_seasonTiming\04_RUA\top_speed\Race 11.pdf,2026-04-22 16:49:37
RUA,R11,19,Matthew Payne,34,249,false,top_speed,NaN,E:\2026\99_seasonTiming\04_RUA\top_speed\Race 11.pdf,2026-04-22 16:49:37
RUA,R11,19,Matthew Payne,35,249,false,top_speed,NaN,E:\2026\99_seasonTiming\04_RUA\top_speed\Race 11.pdf,2026-04-22 16:49:37
RUA,R11,19,Matthew Payne,36,249,false,top_speed,NaN,E:\2026\99_seasonTiming\04_RUA\top_speed\Race 11.pdf,2026-04-22 16:49:37
RUA,R11,19,Matthew Payne,37,250,false,top_speed,NaN,E:\2026\99_seasonTiming\04_RUA\top_speed\Race 11.pdf,2026-04-22 16:49:37
RUA,R11,20,David Reynolds,1,204,false,top_speed,NaN,E:\2026\99_seasonTiming\04_RUA\top_speed\Race 11.pdf,2026-04-22 16:49:37
RUA,R11,20,David Reynolds,2,234,false,top_speed,NaN,E:\2026\99_seasonTiming\04_RUA\top_speed\Race 11.pdf,2026-04-22 16:49:37
RUA,R11,20,David Reynolds,3,248,false,top_speed,NaN,E:\2026\99_seasonTiming\04_RUA\top_speed\Race 11.pdf,2026-04-22 16:49:37
RUA,R11,20,David Reynolds,4,251,false,top_speed,NaN,E:\2026\99_seasonTiming\04_RUA\top_speed\Race 11.pdf,2026-04-22 16:49:37
RUA,R11,20,David Reynolds,5,251,false,top_speed,NaN,E:\2026\99_seasonTiming\04_RUA\top_speed\Race 11.pdf,2026-04-22 16:49:37
RUA,R11,20,David Reynolds,6,251,false,top_speed,NaN,E:\2026\99_seasonTiming\04_RUA\top_speed\Race 11.pdf,2026-04-22 16:49:37
RUA,R11,20,David Reynolds,7,251,false,top_speed,NaN,E:\2026\99_seasonTiming\04_RUA\top_speed\Race 11.pdf,2026-04-22 16:49:37
RUA,R11,20,David Reynolds,8,251,false,top_speed,NaN,E:\2026\99_seasonTiming\04_RUA\top_speed\Race 11.pdf,2026-04-22 16:49:37
RUA,R11,20,David Reynolds,9,250,false,top_speed,NaN,E:\2026\99_seasonTiming\04_RUA\top_speed\Race 11.pdf,2026-04-22 16:49:37
RUA,R11,20,David Reynolds,10,249,false,top_speed,NaN,E:\2026\99_seasonTiming\04_RUA\top_speed\Race 11.pdf,2026-04-22 16:49:37
RUA,R11,20,David Reynolds,11,235,false,top_speed,NaN,E:\2026\99_seasonTiming\04_RUA\top_speed\Race 11.pdf,2026-04-22 16:49:37
RUA,R11,20,David Reynolds,12,190,false,top_speed,NaN,E:\2026\99_seasonTiming\04_RUA\top_speed\Race 11.pdf,2026-04-22 16:49:37
RUA,R11,20,David Reynolds,13,247,false,top_speed,NaN,E:\2026\99_seasonTiming\04_RUA\top_speed\Race 11.pdf,2026-04-22 16:49:37
RUA,R11,20,David Reynolds,14,247,false,top_speed,NaN,E:\2026\99_seasonTiming\04_RUA\top_speed\Race 11.pdf,2026-04-22 16:49:37
RUA,R11,20,David Reynolds,15,247,false,top_speed,NaN,E:\2026\99_seasonTiming\04_RUA\top_speed\Race 11.pdf,2026-04-22 16:49:37
RUA,R11,20,David Reynolds,16,247,false,top_speed,NaN,E:\2026\99_seasonTiming\04_RUA\top_speed\Race 11.pdf,2026-04-22 16:49:37
RUA,R11,20,David Reynolds,17,247,false,top_speed,NaN,E:\2026\99_seasonTiming\04_RUA\top_speed\Race 11.pdf,2026-04-22 16:49:37
RUA,R11,20,David Reynolds,18,248,false,top_speed,NaN,E:\2026\99_seasonTiming\04_RUA\top_speed\Race 11.pdf,2026-04-22 16:49:37
RUA,R11,20,David Reynolds,19,248,false,top_speed,NaN,E:\2026\99_seasonTiming\04_RUA\top_speed\Race 11.pdf,2026-04-22 16:49:37
RUA,R11,20,David Reynolds,20,248,false,top_speed,NaN,E:\2026\99_seasonTiming\04_RUA\top_speed\Race 11.pdf,2026-04-22 16:49:37
RUA,R11,20,David Reynolds,21,249,false,top_speed,NaN,E:\2026\99_seasonTiming\04_RUA\top_speed\Race 11.pdf,2026-04-22 16:49:37
RUA,R11,20,David Reynolds,22,250,false,top_speed,NaN,E:\2026\99_seasonTiming\04_RUA\top_speed\Race 11.pdf,2026-04-22 16:49:37
RUA,R11,20,David Reynolds,23,250,false,top_speed,NaN,E:\2026\99_seasonTiming\04_RUA\top_speed\Race 11.pdf,2026-04-22 16:49:37
RUA,R11,20,David Reynolds,24,250,false,top_speed,NaN,E:\2026\99_seasonTiming\04_RUA\top_speed\Race 11.pdf,2026-04-22 16:49:37
RUA,R11,20,David Reynolds,25,250,false,top_speed,NaN,E:\2026\99_seasonTiming\04_RUA\top_speed\Race 11.pdf,2026-04-22 16:49:37
RUA,R11,20,David Reynolds,26,250,false,top_speed,NaN,E:\2026\99_seasonTiming\04_RUA\top_speed\Race 11.pdf,2026-04-22 16:49:37
RUA,R11,20,David Reynolds,27,249,false,top_speed,NaN,E:\2026\99_seasonTiming\04_RUA\top_speed\Race 11.pdf,2026-04-22 16:49:37
RUA,R11,20,David Reynolds,28,249,false,top_speed,NaN,E:\2026\99_seasonTiming\04_RUA\top_speed\Race 11.pdf,2026-04-22 16:49:37
RUA,R11,20,David Reynolds,29,248,false,top_speed,NaN,E:\2026\99_seasonTiming\04_RUA\top_speed\Race 11.pdf,2026-04-22 16:49:37
RUA,R11,20,David Reynolds,30,248,false,top_speed,NaN,E:\2026\99_seasonTiming\04_RUA\top_speed\Race 11.pdf,2026-04-22 16:49:37
RUA,R11,20,David Reynolds,31,251,false,top_speed,NaN,E:\2026\99_seasonTiming\04_RUA\top_speed\Race 11.pdf,2026-04-22 16:49:37
RUA,R11,20,David Reynolds,32,249,false,top_speed,NaN,E:\2026\99_seasonTiming\04_RUA\top_speed\Race 11.pdf,2026-04-22 16:49:37
RUA,R11,20,David Reynolds,33,248,false,top_speed,NaN,E:\2026\99_seasonTiming\04_RUA\top_speed\Race 11.pdf,2026-04-22 16:49:37
RUA,R11,20,David Reynolds,34,243,false,top_speed,NaN,E:\2026\99_seasonTiming\04_RUA\top_speed\Race 11.pdf,2026-04-22 16:49:37
RUA,R11,20,David Reynolds,35,251,false,top_speed,NaN,E:\2026\99_seasonTiming\04_RUA\top_speed\Race 11.pdf,2026-04-22 16:49:37
RUA,R11,20,David Reynolds,36,249,false,top_speed,NaN,E:\2026\99_seasonTiming\04_RUA\top_speed\Race 11.pdf,2026-04-22 16:49:37
RUA,R11,20,David Reynolds,37,249,false,top_speed,NaN,E:\2026\99_seasonTiming\04_RUA\top_speed\Race 11.pdf,2026-04-22 16:49:37
RUA,R11,26,Kai Allen,1,201,false,top_speed,NaN,E:\2026\99_seasonTiming\04_RUA\top_speed\Race 11.pdf,2026-04-22 16:49:37
RUA,R11,26,Kai Allen,2,250,false,top_speed,NaN,E:\2026\99_seasonTiming\04_RUA\top_speed\Race 11.pdf,2026-04-22 16:49:37
RUA,R11,26,Kai Allen,3,249,false,top_speed,NaN,E:\2026\99_seasonTiming\04_RUA\top_speed\Race 11.pdf,2026-04-22 16:49:37
RUA,R11,26,Kai Allen,4,250,false,top_speed,NaN,E:\2026\99_seasonTiming\04_RUA\top_speed\Race 11.pdf,2026-04-22 16:49:37
RUA,R11,26,Kai Allen,5,250,false,top_speed,NaN,E:\2026\99_seasonTiming\04_RUA\top_speed\Race 11.pdf,2026-04-22 16:49:37
RUA,R11,26,Kai Allen,6,250,false,top_speed,NaN,E:\2026\99_seasonTiming\04_RUA\top_speed\Race 11.pdf,2026-04-22 16:49:37
RUA,R11,26,Kai Allen,7,249,false,top_speed,NaN,E:\2026\99_seasonTiming\04_RUA\top_speed\Race 11.pdf,2026-04-22 16:49:37
RUA,R11,26,Kai Allen,8,250,false,top_speed,NaN,E:\2026\99_seasonTiming\04_RUA\top_speed\Race 11.pdf,2026-04-22 16:49:37
RUA,R11,26,Kai Allen,9,250,false,top_speed,NaN,E:\2026\99_seasonTiming\04_RUA\top_speed\Race 11.pdf,2026-04-22 16:49:37
RUA,R11,26,Kai Allen,10,250,false,top_speed,NaN,E:\2026\99_seasonTiming\04_RUA\top_speed\Race 11.pdf,2026-04-22 16:49:37
RUA,R11,26,Kai Allen,11,250,false,top_speed,NaN,E:\2026\99_seasonTiming\04_RUA\top_speed\Race 11.pdf,2026-04-22 16:49:37
RUA,R11,26,Kai Allen,12,250,false,top_speed,NaN,E:\2026\99_seasonTiming\04_RUA\top_speed\Race 11.pdf,2026-04-22 16:49:37
RUA,R11,26,Kai Allen,13,250,false,top_speed,NaN,E:\2026\99_seasonTiming\04_RUA\top_speed\Race 11.pdf,2026-04-22 16:49:37
RUA,R11,26,Kai Allen,14,249,false,top_speed,NaN,E:\2026\99_seasonTiming\04_RUA\top_speed\Race 11.pdf,2026-04-22 16:49:37
RUA,R11,26,Kai Allen,15,250,false,top_speed,NaN,E:\2026\99_seasonTiming\04_RUA\top_speed\Race 11.pdf,2026-04-22 16:49:37
RUA,R11,26,Kai Allen,16,250,false,top_speed,NaN,E:\2026\99_seasonTiming\04_RUA\top_speed\Race 11.pdf,2026-04-22 16:49:37
RUA,R11,26,Kai Allen,17,192,false,top_speed,NaN,E:\2026\99_seasonTiming\04_RUA\top_speed\Race 11.pdf,2026-04-22 16:49:37
RUA,R11,26,Kai Allen,18,252,false,top_speed,NaN,E:\2026\99_seasonTiming\04_RUA\top_speed\Race 11.pdf,2026-04-22 16:49:37
RUA,R11,26,Kai Allen,19,249,false,top_speed,NaN,E:\2026\99_seasonTiming\04_RUA\top_speed\Race 11.pdf,2026-04-22 16:49:37
RUA,R11,26,Kai Allen,20,251,false,top_speed,NaN,E:\2026\99_seasonTiming\04_RUA\top_speed\Race 11.pdf,2026-04-22 16:49:37
RUA,R11,26,Kai Allen,21,249,false,top_speed,NaN,E:\2026\99_seasonTiming\04_RUA\top_speed\Race 11.pdf,2026-04-22 16:49:37
RUA,R11,26,Kai Allen,22,246,false,top_speed,NaN,E:\2026\99_seasonTiming\04_RUA\top_speed\Race 11.pdf,2026-04-22 16:49:37
RUA,R11,26,Kai Allen,23,251,false,top_speed,NaN,E:\2026\99_seasonTiming\04_RUA\top_speed\Race 11.pdf,2026-04-22 16:49:37
RUA,R11,26,Kai Allen,24,246,false,top_speed,NaN,E:\2026\99_seasonTiming\04_RUA\top_speed\Race 11.pdf,2026-04-22 16:49:37
RUA,R11,26,Kai Allen,25,249,false,top_speed,NaN,E:\2026\99_seasonTiming\04_RUA\top_speed\Race 11.pdf,2026-04-22 16:49:37
RUA,R11,26,Kai Allen,26,250,false,top_speed,NaN,E:\2026\99_seasonTiming\04_RUA\top_speed\Race 11.pdf,2026-04-22 16:49:37
RUA,R11,26,Kai Allen,27,245,false,top_speed,NaN,E:\2026\99_seasonTiming\04_RUA\top_speed\Race 11.pdf,2026-04-22 16:49:37
RUA,R11,26,Kai Allen,28,250,false,top_speed,NaN,E:\2026\99_seasonTiming\04_RUA\top_speed\Race 11.pdf,2026-04-22 16:49:37
RUA,R11,26,Kai Allen,29,251,false,top_speed,NaN,E:\2026\99_seasonTiming\04_RUA\top_speed\Race 11.pdf,2026-04-22 16:49:37
RUA,R11,26,Kai Allen,30,250,false,top_speed,NaN,E:\2026\99_seasonTiming\04_RUA\top_speed\Race 11.pdf,2026-04-22 16:49:37
RUA,R11,26,Kai Allen,31,249,false,top_speed,NaN,E:\2026\99_seasonTiming\04_RUA\top_speed\Race 11.pdf,2026-04-22 16:49:37
RUA,R11,26,Kai Allen,32,252,false,top_speed,NaN,E:\2026\99_seasonTiming\04_RUA\top_speed\Race 11.pdf,2026-04-22 16:49:37
RUA,R11,26,Kai Allen,33,250,false,top_speed,NaN,E:\2026\99_seasonTiming\04_RUA\top_speed\Race 11.pdf,2026-04-22 16:49:37
RUA,R11,26,Kai Allen,34,250,false,top_speed,NaN,E:\2026\99_seasonTiming\04_RUA\top_speed\Race 11.pdf,2026-04-22 16:49:37
RUA,R11,26,Kai Allen,35,251,false,top_speed,NaN,E:\2026\99_seasonTiming\04_RUA\top_speed\Race 11.pdf,2026-04-22 16:49:37
RUA,R11,26,Kai Allen,36,251,false,top_speed,NaN,E:\2026\99_seasonTiming\04_RUA\top_speed\Race 11.pdf,2026-04-22 16:49:37
RUA,R11,26,Kai Allen,37,251,false,top_speed,NaN,E:\2026\99_seasonTiming\04_RUA\top_speed\Race 11.pdf,2026-04-22 16:49:37
RUA,R11,31,Jayden Ojeda,1,200,false,top_speed,NaN,E:\2026\99_seasonTiming\04_RUA\top_speed\Race 11.pdf,2026-04-22 16:49:37
RUA,R11,31,Jayden Ojeda,2,223,false,top_speed,NaN,E:\2026\99_seasonTiming\04_RUA\top_speed\Race 11.pdf,2026-04-22 16:49:37
RUA,R11,31,Jayden Ojeda,3,251,false,top_speed,NaN,E:\2026\99_seasonTiming\04_RUA\top_speed\Race 11.pdf,2026-04-22 16:49:37
RUA,R11,31,Jayden Ojeda,4,249,false,top_speed,NaN,E:\2026\99_seasonTiming\04_RUA\top_speed\Race 11.pdf,2026-04-22 16:49:37
RUA,R11,31,Jayden Ojeda,5,249,false,top_speed,NaN,E:\2026\99_seasonTiming\04_RUA\top_speed\Race 11.pdf,2026-04-22 16:49:37
RUA,R11,31,Jayden Ojeda,6,251,false,top_speed,NaN,E:\2026\99_seasonTiming\04_RUA\top_speed\Race 11.pdf,2026-04-22 16:49:37
RUA,R11,31,Jayden Ojeda,7,255,false,top_speed,NaN,E:\2026\99_seasonTiming\04_RUA\top_speed\Race 11.pdf,2026-04-22 16:49:37
RUA,R11,31,Jayden Ojeda,8,249,false,top_speed,NaN,E:\2026\99_seasonTiming\04_RUA\top_speed\Race 11.pdf,2026-04-22 16:49:37
RUA,R11,31,Jayden Ojeda,9,248,false,top_speed,NaN,E:\2026\99_seasonTiming\04_RUA\top_speed\Race 11.pdf,2026-04-22 16:49:37
RUA,R11,31,Jayden Ojeda,10,247,false,top_speed,NaN,E:\2026\99_seasonTiming\04_RUA\top_speed\Race 11.pdf,2026-04-22 16:49:37
RUA,R11,31,Jayden Ojeda,11,249,false,top_speed,NaN,E:\2026\99_seasonTiming\04_RUA\top_speed\Race 11.pdf,2026-04-22 16:49:37
RUA,R11,31,Jayden Ojeda,12,192,false,top_speed,NaN,E:\2026\99_seasonTiming\04_RUA\top_speed\Race 11.pdf,2026-04-22 16:49:37
RUA,R11,31,Jayden Ojeda,13,250,false,top_speed,NaN,E:\2026\99_seasonTiming\04_RUA\top_speed\Race 11.pdf,2026-04-22 16:49:37
RUA,R11,31,Jayden Ojeda,14,250,false,top_speed,NaN,E:\2026\99_seasonTiming\04_RUA\top_speed\Race 11.pdf,2026-04-22 16:49:37
RUA,R11,31,Jayden Ojeda,15,251,false,top_speed,NaN,E:\2026\99_seasonTiming\04_RUA\top_speed\Race 11.pdf,2026-04-22 16:49:37
RUA,R11,31,Jayden Ojeda,16,251,false,top_speed,NaN,E:\2026\99_seasonTiming\04_RUA\top_speed\Race 11.pdf,2026-04-22 16:49:37
RUA,R11,31,Jayden Ojeda,17,251,false,top_speed,NaN,E:\2026\99_seasonTiming\04_RUA\top_speed\Race 11.pdf,2026-04-22 16:49:37
RUA,R11,31,Jayden Ojeda,18,251,false,top_speed,NaN,E:\2026\99_seasonTiming\04_RUA\top_speed\Race 11.pdf,2026-04-22 16:49:37
RUA,R11,31,Jayden Ojeda,19,251,false,top_speed,NaN,E:\2026\99_seasonTiming\04_RUA\top_speed\Race 11.pdf,2026-04-22 16:49:37
RUA,R11,31,Jayden Ojeda,20,250,false,top_speed,NaN,E:\2026\99_seasonTiming\04_RUA\top_speed\Race 11.pdf,2026-04-22 16:49:37
RUA,R11,31,Jayden Ojeda,21,246,false,top_speed,NaN,E:\2026\99_seasonTiming\04_RUA\top_speed\Race 11.pdf,2026-04-22 16:49:37
RUA,R11,31,Jayden Ojeda,22,243,false,top_speed,NaN,E:\2026\99_seasonTiming\04_RUA\top_speed\Race 11.pdf,2026-04-22 16:49:37
RUA,R11,31,Jayden Ojeda,23,253,false,top_speed,NaN,E:\2026\99_seasonTiming\04_RUA\top_speed\Race 11.pdf,2026-04-22 16:49:37
RUA,R11,31,Jayden Ojeda,24,251,false,top_speed,NaN,E:\2026\99_seasonTiming\04_RUA\top_speed\Race 11.pdf,2026-04-22 16:49:37
RUA,R11,31,Jayden Ojeda,25,253,false,top_speed,NaN,E:\2026\99_seasonTiming\04_RUA\top_speed\Race 11.pdf,2026-04-22 16:49:37
RUA,R11,31,Jayden Ojeda,26,252,false,top_speed,NaN,E:\2026\99_seasonTiming\04_RUA\top_speed\Race 11.pdf,2026-04-22 16:49:37
RUA,R11,31,Jayden Ojeda,27,248,false,top_speed,NaN,E:\2026\99_seasonTiming\04_RUA\top_speed\Race 11.pdf,2026-04-22 16:49:37
RUA,R11,31,Jayden Ojeda,28,250,false,top_speed,NaN,E:\2026\99_seasonTiming\04_RUA\top_speed\Race 11.pdf,2026-04-22 16:49:37
RUA,R11,31,Jayden Ojeda,29,248,false,top_speed,NaN,E:\2026\99_seasonTiming\04_RUA\top_speed\Race 11.pdf,2026-04-22 16:49:37
RUA,R11,31,Jayden Ojeda,30,249,false,top_speed,NaN,E:\2026\99_seasonTiming\04_RUA\top_speed\Race 11.pdf,2026-04-22 16:49:37
RUA,R11,31,Jayden Ojeda,31,249,false,top_speed,NaN,E:\2026\99_seasonTiming\04_RUA\top_speed\Race 11.pdf,2026-04-22 16:49:37
RUA,R11,31,Jayden Ojeda,32,248,false,top_speed,NaN,E:\2026\99_seasonTiming\04_RUA\top_speed\Race 11.pdf,2026-04-22 16:49:37
RUA,R11,31,Jayden Ojeda,33,251,false,top_speed,NaN,E:\2026\99_seasonTiming\04_RUA\top_speed\Race 11.pdf,2026-04-22 16:49:37
RUA,R11,31,Jayden Ojeda,34,251,false,top_speed,NaN,E:\2026\99_seasonTiming\04_RUA\top_speed\Race 11.pdf,2026-04-22 16:49:37
RUA,R11,31,Jayden Ojeda,35,250,false,top_speed,NaN,E:\2026\99_seasonTiming\04_RUA\top_speed\Race 11.pdf,2026-04-22 16:49:37
RUA,R11,31,Jayden Ojeda,36,251,false,top_speed,NaN,E:\2026\99_seasonTiming\04_RUA\top_speed\Race 11.pdf,2026-04-22 16:49:37
RUA,R11,31,Jayden Ojeda,37,248,false,top_speed,NaN,E:\2026\99_seasonTiming\04_RUA\top_speed\Race 11.pdf,2026-04-22 16:49:37
RUA,R11,38,Rylan Gray,1,210,false,top_speed,NaN,E:\2026\99_seasonTiming\04_RUA\top_speed\Race 11.pdf,2026-04-22 16:49:37
RUA,R11,38,Rylan Gray,2,246,false,top_speed,NaN,E:\2026\99_seasonTiming\04_RUA\top_speed\Race 11.pdf,2026-04-22 16:49:37
RUA,R11,38,Rylan Gray,3,253,false,top_speed,NaN,E:\2026\99_seasonTiming\04_RUA\top_speed\Race 11.pdf,2026-04-22 16:49:37
RUA,R11,38,Rylan Gray,4,248,false,top_speed,NaN,E:\2026\99_seasonTiming\04_RUA\top_speed\Race 11.pdf,2026-04-22 16:49:37
RUA,R11,38,Rylan Gray,5,250,false,top_speed,NaN,E:\2026\99_seasonTiming\04_RUA\top_speed\Race 11.pdf,2026-04-22 16:49:37
RUA,R11,38,Rylan Gray,6,251,false,top_speed,NaN,E:\2026\99_seasonTiming\04_RUA\top_speed\Race 11.pdf,2026-04-22 16:49:37
RUA,R11,38,Rylan Gray,7,252,false,top_speed,NaN,E:\2026\99_seasonTiming\04_RUA\top_speed\Race 11.pdf,2026-04-22 16:49:37
RUA,R11,38,Rylan Gray,8,251,false,top_speed,NaN,E:\2026\99_seasonTiming\04_RUA\top_speed\Race 11.pdf,2026-04-22 16:49:37
RUA,R11,38,Rylan Gray,9,253,false,top_speed,NaN,E:\2026\99_seasonTiming\04_RUA\top_speed\Race 11.pdf,2026-04-22 16:49:37
RUA,R11,38,Rylan Gray,10,251,false,top_speed,NaN,E:\2026\99_seasonTiming\04_RUA\top_speed\Race 11.pdf,2026-04-22 16:49:37
RUA,R11,38,Rylan Gray,11,251,false,top_speed,NaN,E:\2026\99_seasonTiming\04_RUA\top_speed\Race 11.pdf,2026-04-22 16:49:37
RUA,R11,38,Rylan Gray,12,252,false,top_speed,NaN,E:\2026\99_seasonTiming\04_RUA\top_speed\Race 11.pdf,2026-04-22 16:49:37
RUA,R11,38,Rylan Gray,13,251,false,top_speed,NaN,E:\2026\99_seasonTiming\04_RUA\top_speed\Race 11.pdf,2026-04-22 16:49:37
RUA,R11,38,Rylan Gray,14,251,false,top_speed,NaN,E:\2026\99_seasonTiming\04_RUA\top_speed\Race 11.pdf,2026-04-22 16:49:37
RUA,R11,38,Rylan Gray,15,251,false,top_speed,NaN,E:\2026\99_seasonTiming\04_RUA\top_speed\Race 11.pdf,2026-04-22 16:49:37
RUA,R11,38,Rylan Gray,16,251,false,top_speed,NaN,E:\2026\99_seasonTiming\04_RUA\top_speed\Race 11.pdf,2026-04-22 16:49:37
RUA,R11,38,Rylan Gray,17,251,false,top_speed,NaN,E:\2026\99_seasonTiming\04_RUA\top_speed\Race 11.pdf,2026-04-22 16:49:37
RUA,R11,38,Rylan Gray,18,251,false,top_speed,NaN,E:\2026\99_seasonTiming\04_RUA\top_speed\Race 11.pdf,2026-04-22 16:49:37
RUA,R11,38,Rylan Gray,19,251,false,top_speed,NaN,E:\2026\99_seasonTiming\04_RUA\top_speed\Race 11.pdf,2026-04-22 16:49:37
RUA,R11,38,Rylan Gray,20,251,false,top_speed,NaN,E:\2026\99_seasonTiming\04_RUA\top_speed\Race 11.pdf,2026-04-22 16:49:37
RUA,R11,38,Rylan Gray,21,250,false,top_speed,NaN,E:\2026\99_seasonTiming\04_RUA\top_speed\Race 11.pdf,2026-04-22 16:49:37
RUA,R11,38,Rylan Gray,22,250,false,top_speed,NaN,E:\2026\99_seasonTiming\04_RUA\top_speed\Race 11.pdf,2026-04-22 16:49:37
RUA,R11,38,Rylan Gray,23,192,false,top_speed,NaN,E:\2026\99_seasonTiming\04_RUA\top_speed\Race 11.pdf,2026-04-22 16:49:37
RUA,R11,38,Rylan Gray,24,250,false,top_speed,NaN,E:\2026\99_seasonTiming\04_RUA\top_speed\Race 11.pdf,2026-04-22 16:49:37
RUA,R11,38,Rylan Gray,25,248,false,top_speed,NaN,E:\2026\99_seasonTiming\04_RUA\top_speed\Race 11.pdf,2026-04-22 16:49:37
RUA,R11,38,Rylan Gray,26,247,false,top_speed,NaN,E:\2026\99_seasonTiming\04_RUA\top_speed\Race 11.pdf,2026-04-22 16:49:37
RUA,R11,38,Rylan Gray,27,250,false,top_speed,NaN,E:\2026\99_seasonTiming\04_RUA\top_speed\Race 11.pdf,2026-04-22 16:49:37
RUA,R11,38,Rylan Gray,28,250,false,top_speed,NaN,E:\2026\99_seasonTiming\04_RUA\top_speed\Race 11.pdf,2026-04-22 16:49:37
RUA,R11,38,Rylan Gray,29,251,false,top_speed,NaN,E:\2026\99_seasonTiming\04_RUA\top_speed\Race 11.pdf,2026-04-22 16:49:37
RUA,R11,38,Rylan Gray,30,251,false,top_speed,NaN,E:\2026\99_seasonTiming\04_RUA\top_speed\Race 11.pdf,2026-04-22 16:49:37
RUA,R11,38,Rylan Gray,31,251,false,top_speed,NaN,E:\2026\99_seasonTiming\04_RUA\top_speed\Race 11.pdf,2026-04-22 16:49:37
RUA,R11,38,Rylan Gray,32,252,false,top_speed,NaN,E:\2026\99_seasonTiming\04_RUA\top_speed\Race 11.pdf,2026-04-22 16:49:37
RUA,R11,38,Rylan Gray,33,249,false,top_speed,NaN,E:\2026\99_seasonTiming\04_RUA\top_speed\Race 11.pdf,2026-04-22 16:49:37
RUA,R11,38,Rylan Gray,34,246,false,top_speed,NaN,E:\2026\99_seasonTiming\04_RUA\top_speed\Race 11.pdf,2026-04-22 16:49:37
RUA,R11,38,Rylan Gray,35,249,false,top_speed,NaN,E:\2026\99_seasonTiming\04_RUA\top_speed\Race 11.pdf,2026-04-22 16:49:37
RUA,R11,38,Rylan Gray,36,249,false,top_speed,NaN,E:\2026\99_seasonTiming\04_RUA\top_speed\Race 11.pdf,2026-04-22 16:49:37
RUA,R11,38,Rylan Gray,37,249,false,top_speed,NaN,E:\2026\99_seasonTiming\04_RUA\top_speed\Race 11.pdf,2026-04-22 16:49:37
RUA,R11,55,Thomas Randle,1,206,false,top_speed,NaN,E:\2026\99_seasonTiming\04_RUA\top_speed\Race 11.pdf,2026-04-22 16:49:37
RUA,R11,55,Thomas Randle,2,228,false,top_speed,NaN,E:\2026\99_seasonTiming\04_RUA\top_speed\Race 11.pdf,2026-04-22 16:49:37
RUA,R11,55,Thomas Randle,3,250,false,top_speed,NaN,E:\2026\99_seasonTiming\04_RUA\top_speed\Race 11.pdf,2026-04-22 16:49:37
RUA,R11,55,Thomas Randle,4,251,false,top_speed,NaN,E:\2026\99_seasonTiming\04_RUA\top_speed\Race 11.pdf,2026-04-22 16:49:37
RUA,R11,55,Thomas Randle,5,251,false,top_speed,NaN,E:\2026\99_seasonTiming\04_RUA\top_speed\Race 11.pdf,2026-04-22 16:49:37
RUA,R11,55,Thomas Randle,6,251,false,top_speed,NaN,E:\2026\99_seasonTiming\04_RUA\top_speed\Race 11.pdf,2026-04-22 16:49:37
RUA,R11,55,Thomas Randle,7,251,false,top_speed,NaN,E:\2026\99_seasonTiming\04_RUA\top_speed\Race 11.pdf,2026-04-22 16:49:37
RUA,R11,55,Thomas Randle,8,253,false,top_speed,NaN,E:\2026\99_seasonTiming\04_RUA\top_speed\Race 11.pdf,2026-04-22 16:49:37
RUA,R11,55,Thomas Randle,9,250,false,top_speed,NaN,E:\2026\99_seasonTiming\04_RUA\top_speed\Race 11.pdf,2026-04-22 16:49:37
RUA,R11,55,Thomas Randle,10,249,false,top_speed,NaN,E:\2026\99_seasonTiming\04_RUA\top_speed\Race 11.pdf,2026-04-22 16:49:37
RUA,R11,55,Thomas Randle,11,250,false,top_speed,NaN,E:\2026\99_seasonTiming\04_RUA\top_speed\Race 11.pdf,2026-04-22 16:49:37
RUA,R11,55,Thomas Randle,12,250,false,top_speed,NaN,E:\2026\99_seasonTiming\04_RUA\top_speed\Race 11.pdf,2026-04-22 16:49:37
RUA,R11,55,Thomas Randle,13,251,false,top_speed,NaN,E:\2026\99_seasonTiming\04_RUA\top_speed\Race 11.pdf,2026-04-22 16:49:37
RUA,R11,55,Thomas Randle,14,250,false,top_speed,NaN,E:\2026\99_seasonTiming\04_RUA\top_speed\Race 11.pdf,2026-04-22 16:49:37
RUA,R11,55,Thomas Randle,15,250,false,top_speed,NaN,E:\2026\99_seasonTiming\04_RUA\top_speed\Race 11.pdf,2026-04-22 16:49:37
RUA,R11,55,Thomas Randle,16,250,false,top_speed,NaN,E:\2026\99_seasonTiming\04_RUA\top_speed\Race 11.pdf,2026-04-22 16:49:37
RUA,R11,55,Thomas Randle,17,250,false,top_speed,NaN,E:\2026\99_seasonTiming\04_RUA\top_speed\Race 11.pdf,2026-04-22 16:49:37
RUA,R11,55,Thomas Randle,18,250,false,top_speed,NaN,E:\2026\99_seasonTiming\04_RUA\top_speed\Race 11.pdf,2026-04-22 16:49:37
RUA,R11,55,Thomas Randle,19,251,false,top_speed,NaN,E:\2026\99_seasonTiming\04_RUA\top_speed\Race 11.pdf,2026-04-22 16:49:37
RUA,R11,55,Thomas Randle,20,250,false,top_speed,NaN,E:\2026\99_seasonTiming\04_RUA\top_speed\Race 11.pdf,2026-04-22 16:49:37
RUA,R11,55,Thomas Randle,21,249,false,top_speed,NaN,E:\2026\99_seasonTiming\04_RUA\top_speed\Race 11.pdf,2026-04-22 16:49:37
RUA,R11,55,Thomas Randle,22,248,false,top_speed,NaN,E:\2026\99_seasonTiming\04_RUA\top_speed\Race 11.pdf,2026-04-22 16:49:37
RUA,R11,55,Thomas Randle,23,249,false,top_speed,NaN,E:\2026\99_seasonTiming\04_RUA\top_speed\Race 11.pdf,2026-04-22 16:49:37
RUA,R11,55,Thomas Randle,24,248,false,top_speed,NaN,E:\2026\99_seasonTiming\04_RUA\top_speed\Race 11.pdf,2026-04-22 16:49:37
RUA,R11,55,Thomas Randle,25,189,false,top_speed,NaN,E:\2026\99_seasonTiming\04_RUA\top_speed\Race 11.pdf,2026-04-22 16:49:37
RUA,R11,55,Thomas Randle,26,250,false,top_speed,NaN,E:\2026\99_seasonTiming\04_RUA\top_speed\Race 11.pdf,2026-04-22 16:49:37
RUA,R11,55,Thomas Randle,27,250,false,top_speed,NaN,E:\2026\99_seasonTiming\04_RUA\top_speed\Race 11.pdf,2026-04-22 16:49:37
RUA,R11,55,Thomas Randle,28,251,false,top_speed,NaN,E:\2026\99_seasonTiming\04_RUA\top_speed\Race 11.pdf,2026-04-22 16:49:37
RUA,R11,55,Thomas Randle,29,245,false,top_speed,NaN,E:\2026\99_seasonTiming\04_RUA\top_speed\Race 11.pdf,2026-04-22 16:49:37
RUA,R11,55,Thomas Randle,30,248,false,top_speed,NaN,E:\2026\99_seasonTiming\04_RUA\top_speed\Race 11.pdf,2026-04-22 16:49:37
RUA,R11,55,Thomas Randle,31,251,false,top_speed,NaN,E:\2026\99_seasonTiming\04_RUA\top_speed\Race 11.pdf,2026-04-22 16:49:37
RUA,R11,55,Thomas Randle,32,250,false,top_speed,NaN,E:\2026\99_seasonTiming\04_RUA\top_speed\Race 11.pdf,2026-04-22 16:49:37
RUA,R11,55,Thomas Randle,33,248,false,top_speed,NaN,E:\2026\99_seasonTiming\04_RUA\top_speed\Race 11.pdf,2026-04-22 16:49:37
RUA,R11,55,Thomas Randle,34,249,false,top_speed,NaN,E:\2026\99_seasonTiming\04_RUA\top_speed\Race 11.pdf,2026-04-22 16:49:37
RUA,R11,55,Thomas Randle,35,250,false,top_speed,NaN,E:\2026\99_seasonTiming\04_RUA\top_speed\Race 11.pdf,2026-04-22 16:49:37
RUA,R11,55,Thomas Randle,36,250,false,top_speed,NaN,E:\2026\99_seasonTiming\04_RUA\top_speed\Race 11.pdf,2026-04-22 16:49:37
RUA,R11,55,Thomas Randle,37,249,false,top_speed,NaN,E:\2026\99_seasonTiming\04_RUA\top_speed\Race 11.pdf,2026-04-22 16:49:37
RUA,R11,88,Broc Feeney,1,203,false,top_speed,NaN,E:\2026\99_seasonTiming\04_RUA\top_speed\Race 11.pdf,2026-04-22 16:49:37
RUA,R11,88,Broc Feeney,2,248,false,top_speed,NaN,E:\2026\99_seasonTiming\04_RUA\top_speed\Race 11.pdf,2026-04-22 16:49:37
RUA,R11,88,Broc Feeney,3,249,false,top_speed,NaN,E:\2026\99_seasonTiming\04_RUA\top_speed\Race 11.pdf,2026-04-22 16:49:37
RUA,R11,88,Broc Feeney,4,250,false,top_speed,NaN,E:\2026\99_seasonTiming\04_RUA\top_speed\Race 11.pdf,2026-04-22 16:49:37
RUA,R11,88,Broc Feeney,5,250,false,top_speed,NaN,E:\2026\99_seasonTiming\04_RUA\top_speed\Race 11.pdf,2026-04-22 16:49:37
RUA,R11,88,Broc Feeney,6,249,false,top_speed,NaN,E:\2026\99_seasonTiming\04_RUA\top_speed\Race 11.pdf,2026-04-22 16:49:37
RUA,R11,88,Broc Feeney,7,250,false,top_speed,NaN,E:\2026\99_seasonTiming\04_RUA\top_speed\Race 11.pdf,2026-04-22 16:49:37
RUA,R11,88,Broc Feeney,8,249,false,top_speed,NaN,E:\2026\99_seasonTiming\04_RUA\top_speed\Race 11.pdf,2026-04-22 16:49:37
RUA,R11,88,Broc Feeney,9,248,false,top_speed,NaN,E:\2026\99_seasonTiming\04_RUA\top_speed\Race 11.pdf,2026-04-22 16:49:37
RUA,R11,88,Broc Feeney,10,248,false,top_speed,NaN,E:\2026\99_seasonTiming\04_RUA\top_speed\Race 11.pdf,2026-04-22 16:49:37
RUA,R11,88,Broc Feeney,11,249,false,top_speed,NaN,E:\2026\99_seasonTiming\04_RUA\top_speed\Race 11.pdf,2026-04-22 16:49:37
RUA,R11,88,Broc Feeney,12,249,false,top_speed,NaN,E:\2026\99_seasonTiming\04_RUA\top_speed\Race 11.pdf,2026-04-22 16:49:37
RUA,R11,88,Broc Feeney,13,249,false,top_speed,NaN,E:\2026\99_seasonTiming\04_RUA\top_speed\Race 11.pdf,2026-04-22 16:49:37
RUA,R11,88,Broc Feeney,14,250,false,top_speed,NaN,E:\2026\99_seasonTiming\04_RUA\top_speed\Race 11.pdf,2026-04-22 16:49:37
RUA,R11,88,Broc Feeney,15,249,false,top_speed,NaN,E:\2026\99_seasonTiming\04_RUA\top_speed\Race 11.pdf,2026-04-22 16:49:37
RUA,R11,88,Broc Feeney,16,249,false,top_speed,NaN,E:\2026\99_seasonTiming\04_RUA\top_speed\Race 11.pdf,2026-04-22 16:49:37
RUA,R11,88,Broc Feeney,17,249,false,top_speed,NaN,E:\2026\99_seasonTiming\04_RUA\top_speed\Race 11.pdf,2026-04-22 16:49:37
RUA,R11,88,Broc Feeney,18,247,false,top_speed,NaN,E:\2026\99_seasonTiming\04_RUA\top_speed\Race 11.pdf,2026-04-22 16:49:37
RUA,R11,88,Broc Feeney,19,248,false,top_speed,NaN,E:\2026\99_seasonTiming\04_RUA\top_speed\Race 11.pdf,2026-04-22 16:49:37
RUA,R11,88,Broc Feeney,20,249,false,top_speed,NaN,E:\2026\99_seasonTiming\04_RUA\top_speed\Race 11.pdf,2026-04-22 16:49:37
RUA,R11,88,Broc Feeney,21,194,false,top_speed,NaN,E:\2026\99_seasonTiming\04_RUA\top_speed\Race 11.pdf,2026-04-22 16:49:37
RUA,R11,88,Broc Feeney,22,251,false,top_speed,NaN,E:\2026\99_seasonTiming\04_RUA\top_speed\Race 11.pdf,2026-04-22 16:49:37
RUA,R11,88,Broc Feeney,23,249,false,top_speed,NaN,E:\2026\99_seasonTiming\04_RUA\top_speed\Race 11.pdf,2026-04-22 16:49:37
RUA,R11,88,Broc Feeney,24,250,false,top_speed,NaN,E:\2026\99_seasonTiming\04_RUA\top_speed\Race 11.pdf,2026-04-22 16:49:37
RUA,R11,88,Broc Feeney,25,249,false,top_speed,NaN,E:\2026\99_seasonTiming\04_RUA\top_speed\Race 11.pdf,2026-04-22 16:49:37
RUA,R11,88,Broc Feeney,26,251,false,top_speed,NaN,E:\2026\99_seasonTiming\04_RUA\top_speed\Race 11.pdf,2026-04-22 16:49:37
RUA,R11,88,Broc Feeney,27,249,false,top_speed,NaN,E:\2026\99_seasonTiming\04_RUA\top_speed\Race 11.pdf,2026-04-22 16:49:37
RUA,R11,88,Broc Feeney,28,249,false,top_speed,NaN,E:\2026\99_seasonTiming\04_RUA\top_speed\Race 11.pdf,2026-04-22 16:49:37
RUA,R11,88,Broc Feeney,29,250,false,top_speed,NaN,E:\2026\99_seasonTiming\04_RUA\top_speed\Race 11.pdf,2026-04-22 16:49:37
RUA,R11,88,Broc Feeney,30,250,false,top_speed,NaN,E:\2026\99_seasonTiming\04_RUA\top_speed\Race 11.pdf,2026-04-22 16:49:37
RUA,R11,88,Broc Feeney,31,253,false,top_speed,NaN,E:\2026\99_seasonTiming\04_RUA\top_speed\Race 11.pdf,2026-04-22 16:49:37
RUA,R11,88,Broc Feeney,32,252,false,top_speed,NaN,E:\2026\99_seasonTiming\04_RUA\top_speed\Race 11.pdf,2026-04-22 16:49:37
RUA,R11,88,Broc Feeney,33,250,false,top_speed,NaN,E:\2026\99_seasonTiming\04_RUA\top_speed\Race 11.pdf,2026-04-22 16:49:37
RUA,R11,88,Broc Feeney,34,250,false,top_speed,NaN,E:\2026\99_seasonTiming\04_RUA\top_speed\Race 11.pdf,2026-04-22 16:49:37
RUA,R11,88,Broc Feeney,35,251,false,top_speed,NaN,E:\2026\99_seasonTiming\04_RUA\top_speed\Race 11.pdf,2026-04-22 16:49:37
RUA,R11,88,Broc Feeney,36,248,false,top_speed,NaN,E:\2026\99_seasonTiming\04_RUA\top_speed\Race 11.pdf,2026-04-22 16:49:37
RUA,R11,88,Broc Feeney,37,248,false,top_speed,NaN,E:\2026\99_seasonTiming\04_RUA\top_speed\Race 11.pdf,2026-04-22 16:49:37
RUA,R11,96,Macauley Jones,1,205,false,top_speed,NaN,E:\2026\99_seasonTiming\04_RUA\top_speed\Race 11.pdf,2026-04-22 16:49:37
RUA,R11,96,Macauley Jones,2,243,false,top_speed,NaN,E:\2026\99_seasonTiming\04_RUA\top_speed\Race 11.pdf,2026-04-22 16:49:37
RUA,R11,96,Macauley Jones,3,247,false,top_speed,NaN,E:\2026\99_seasonTiming\04_RUA\top_speed\Race 11.pdf,2026-04-22 16:49:37
RUA,R11,96,Macauley Jones,4,250,false,top_speed,NaN,E:\2026\99_seasonTiming\04_RUA\top_speed\Race 11.pdf,2026-04-22 16:49:37
RUA,R11,96,Macauley Jones,5,249,false,top_speed,NaN,E:\2026\99_seasonTiming\04_RUA\top_speed\Race 11.pdf,2026-04-22 16:49:37
RUA,R11,96,Macauley Jones,6,250,false,top_speed,NaN,E:\2026\99_seasonTiming\04_RUA\top_speed\Race 11.pdf,2026-04-22 16:49:37
RUA,R11,96,Macauley Jones,7,250,false,top_speed,NaN,E:\2026\99_seasonTiming\04_RUA\top_speed\Race 11.pdf,2026-04-22 16:49:37
RUA,R11,96,Macauley Jones,8,251,false,top_speed,NaN,E:\2026\99_seasonTiming\04_RUA\top_speed\Race 11.pdf,2026-04-22 16:49:37
RUA,R11,96,Macauley Jones,9,249,false,top_speed,NaN,E:\2026\99_seasonTiming\04_RUA\top_speed\Race 11.pdf,2026-04-22 16:49:37
RUA,R11,96,Macauley Jones,10,248,false,top_speed,NaN,E:\2026\99_seasonTiming\04_RUA\top_speed\Race 11.pdf,2026-04-22 16:49:37
RUA,R11,96,Macauley Jones,11,249,false,top_speed,NaN,E:\2026\99_seasonTiming\04_RUA\top_speed\Race 11.pdf,2026-04-22 16:49:37
RUA,R11,96,Macauley Jones,12,248,false,top_speed,NaN,E:\2026\99_seasonTiming\04_RUA\top_speed\Race 11.pdf,2026-04-22 16:49:37
RUA,R11,96,Macauley Jones,13,248,false,top_speed,NaN,E:\2026\99_seasonTiming\04_RUA\top_speed\Race 11.pdf,2026-04-22 16:49:37
RUA,R11,96,Macauley Jones,14,248,false,top_speed,NaN,E:\2026\99_seasonTiming\04_RUA\top_speed\Race 11.pdf,2026-04-22 16:49:37
RUA,R11,96,Macauley Jones,15,247,false,top_speed,NaN,E:\2026\99_seasonTiming\04_RUA\top_speed\Race 11.pdf,2026-04-22 16:49:37
RUA,R11,96,Macauley Jones,16,247,false,top_speed,NaN,E:\2026\99_seasonTiming\04_RUA\top_speed\Race 11.pdf,2026-04-22 16:49:37
RUA,R11,96,Macauley Jones,17,247,false,top_speed,NaN,E:\2026\99_seasonTiming\04_RUA\top_speed\Race 11.pdf,2026-04-22 16:49:37
RUA,R11,96,Macauley Jones,18,248,false,top_speed,NaN,E:\2026\99_seasonTiming\04_RUA\top_speed\Race 11.pdf,2026-04-22 16:49:37
RUA,R11,96,Macauley Jones,19,248,false,top_speed,NaN,E:\2026\99_seasonTiming\04_RUA\top_speed\Race 11.pdf,2026-04-22 16:49:37
RUA,R11,96,Macauley Jones,20,192,false,top_speed,NaN,E:\2026\99_seasonTiming\04_RUA\top_speed\Race 11.pdf,2026-04-22 16:49:37
RUA,R11,96,Macauley Jones,21,243,false,top_speed,NaN,E:\2026\99_seasonTiming\04_RUA\top_speed\Race 11.pdf,2026-04-22 16:49:37
RUA,R11,96,Macauley Jones,22,248,false,top_speed,NaN,E:\2026\99_seasonTiming\04_RUA\top_speed\Race 11.pdf,2026-04-22 16:49:37
RUA,R11,96,Macauley Jones,23,232,false,top_speed,NaN,E:\2026\99_seasonTiming\04_RUA\top_speed\Race 11.pdf,2026-04-22 16:49:37
RUA,R11,96,Macauley Jones,24,249,false,top_speed,NaN,E:\2026\99_seasonTiming\04_RUA\top_speed\Race 11.pdf,2026-04-22 16:49:37
RUA,R11,96,Macauley Jones,25,249,false,top_speed,NaN,E:\2026\99_seasonTiming\04_RUA\top_speed\Race 11.pdf,2026-04-22 16:49:37
RUA,R11,96,Macauley Jones,26,248,false,top_speed,NaN,E:\2026\99_seasonTiming\04_RUA\top_speed\Race 11.pdf,2026-04-22 16:49:37
RUA,R11,96,Macauley Jones,27,247,false,top_speed,NaN,E:\2026\99_seasonTiming\04_RUA\top_speed\Race 11.pdf,2026-04-22 16:49:37
RUA,R11,96,Macauley Jones,28,248,false,top_speed,NaN,E:\2026\99_seasonTiming\04_RUA\top_speed\Race 11.pdf,2026-04-22 16:49:37
RUA,R11,96,Macauley Jones,29,248,false,top_speed,NaN,E:\2026\99_seasonTiming\04_RUA\top_speed\Race 11.pdf,2026-04-22 16:49:37
RUA,R11,96,Macauley Jones,30,247,false,top_speed,NaN,E:\2026\99_seasonTiming\04_RUA\top_speed\Race 11.pdf,2026-04-22 16:49:37
RUA,R11,96,Macauley Jones,31,249,false,top_speed,NaN,E:\2026\99_seasonTiming\04_RUA\top_speed\Race 11.pdf,2026-04-22 16:49:37
RUA,R11,96,Macauley Jones,32,249,false,top_speed,NaN,E:\2026\99_seasonTiming\04_RUA\top_speed\Race 11.pdf,2026-04-22 16:49:37
RUA,R11,96,Macauley Jones,33,247,false,top_speed,NaN,E:\2026\99_seasonTiming\04_RUA\top_speed\Race 11.pdf,2026-04-22 16:49:37
RUA,R11,96,Macauley Jones,34,248,false,top_speed,NaN,E:\2026\99_seasonTiming\04_RUA\top_speed\Race 11.pdf,2026-04-22 16:49:37
RUA,R11,96,Macauley Jones,35,247,false,top_speed,NaN,E:\2026\99_seasonTiming\04_RUA\top_speed\Race 11.pdf,2026-04-22 16:49:37
RUA,R11,96,Macauley Jones,36,249,false,top_speed,NaN,E:\2026\99_seasonTiming\04_RUA\top_speed\Race 11.pdf,2026-04-22 16:49:37
RUA,R11,96,Macauley Jones,37,248,false,top_speed,NaN,E:\2026\99_seasonTiming\04_RUA\top_speed\Race 11.pdf,2026-04-22 16:49:37
RUA,R11,99,Cooper Murray,1,214,false,top_speed,NaN,E:\2026\99_seasonTiming\04_RUA\top_speed\Race 11.pdf,2026-04-22 16:49:37
RUA,R11,99,Cooper Murray,2,250,false,top_speed,NaN,E:\2026\99_seasonTiming\04_RUA\top_speed\Race 11.pdf,2026-04-22 16:49:37
RUA,R11,99,Cooper Murray,3,251,false,top_speed,NaN,E:\2026\99_seasonTiming\04_RUA\top_speed\Race 11.pdf,2026-04-22 16:49:37
RUA,R11,99,Cooper Murray,4,250,false,top_speed,NaN,E:\2026\99_seasonTiming\04_RUA\top_speed\Race 11.pdf,2026-04-22 16:49:37
RUA,R11,99,Cooper Murray,5,252,false,top_speed,NaN,E:\2026\99_seasonTiming\04_RUA\top_speed\Race 11.pdf,2026-04-22 16:49:37
RUA,R11,99,Cooper Murray,6,250,false,top_speed,NaN,E:\2026\99_seasonTiming\04_RUA\top_speed\Race 11.pdf,2026-04-22 16:49:37
RUA,R11,99,Cooper Murray,7,250,false,top_speed,NaN,E:\2026\99_seasonTiming\04_RUA\top_speed\Race 11.pdf,2026-04-22 16:49:37
RUA,R11,99,Cooper Murray,8,251,false,top_speed,NaN,E:\2026\99_seasonTiming\04_RUA\top_speed\Race 11.pdf,2026-04-22 16:49:37
RUA,R11,99,Cooper Murray,9,250,false,top_speed,NaN,E:\2026\99_seasonTiming\04_RUA\top_speed\Race 11.pdf,2026-04-22 16:49:37
RUA,R11,99,Cooper Murray,10,250,false,top_speed,NaN,E:\2026\99_seasonTiming\04_RUA\top_speed\Race 11.pdf,2026-04-22 16:49:37
RUA,R11,99,Cooper Murray,11,250,false,top_speed,NaN,E:\2026\99_seasonTiming\04_RUA\top_speed\Race 11.pdf,2026-04-22 16:49:37
RUA,R11,99,Cooper Murray,12,250,false,top_speed,NaN,E:\2026\99_seasonTiming\04_RUA\top_speed\Race 11.pdf,2026-04-22 16:49:37
RUA,R11,99,Cooper Murray,13,251,false,top_speed,NaN,E:\2026\99_seasonTiming\04_RUA\top_speed\Race 11.pdf,2026-04-22 16:49:37
RUA,R11,99,Cooper Murray,14,251,false,top_speed,NaN,E:\2026\99_seasonTiming\04_RUA\top_speed\Race 11.pdf,2026-04-22 16:49:37
RUA,R11,99,Cooper Murray,15,251,false,top_speed,NaN,E:\2026\99_seasonTiming\04_RUA\top_speed\Race 11.pdf,2026-04-22 16:49:37
RUA,R11,99,Cooper Murray,16,251,false,top_speed,NaN,E:\2026\99_seasonTiming\04_RUA\top_speed\Race 11.pdf,2026-04-22 16:49:37
RUA,R11,99,Cooper Murray,17,251,false,top_speed,NaN,E:\2026\99_seasonTiming\04_RUA\top_speed\Race 11.pdf,2026-04-22 16:49:37
RUA,R11,99,Cooper Murray,18,252,false,top_speed,NaN,E:\2026\99_seasonTiming\04_RUA\top_speed\Race 11.pdf,2026-04-22 16:49:37
RUA,R11,99,Cooper Murray,19,251,false,top_speed,NaN,E:\2026\99_seasonTiming\04_RUA\top_speed\Race 11.pdf,2026-04-22 16:49:37
RUA,R11,99,Cooper Murray,20,249,false,top_speed,NaN,E:\2026\99_seasonTiming\04_RUA\top_speed\Race 11.pdf,2026-04-22 16:49:37
RUA,R11,99,Cooper Murray,21,192,false,top_speed,NaN,E:\2026\99_seasonTiming\04_RUA\top_speed\Race 11.pdf,2026-04-22 16:49:37
RUA,R11,99,Cooper Murray,22,251,false,top_speed,NaN,E:\2026\99_seasonTiming\04_RUA\top_speed\Race 11.pdf,2026-04-22 16:49:37
RUA,R11,99,Cooper Murray,23,245,false,top_speed,NaN,E:\2026\99_seasonTiming\04_RUA\top_speed\Race 11.pdf,2026-04-22 16:49:37
RUA,R11,99,Cooper Murray,24,251,false,top_speed,NaN,E:\2026\99_seasonTiming\04_RUA\top_speed\Race 11.pdf,2026-04-22 16:49:37
RUA,R11,99,Cooper Murray,25,251,false,top_speed,NaN,E:\2026\99_seasonTiming\04_RUA\top_speed\Race 11.pdf,2026-04-22 16:49:37
RUA,R11,99,Cooper Murray,26,251,false,top_speed,NaN,E:\2026\99_seasonTiming\04_RUA\top_speed\Race 11.pdf,2026-04-22 16:49:37
RUA,R11,99,Cooper Murray,27,250,false,top_speed,NaN,E:\2026\99_seasonTiming\04_RUA\top_speed\Race 11.pdf,2026-04-22 16:49:37
RUA,R11,99,Cooper Murray,28,251,false,top_speed,NaN,E:\2026\99_seasonTiming\04_RUA\top_speed\Race 11.pdf,2026-04-22 16:49:37
RUA,R11,99,Cooper Murray,29,250,false,top_speed,NaN,E:\2026\99_seasonTiming\04_RUA\top_speed\Race 11.pdf,2026-04-22 16:49:37
RUA,R11,99,Cooper Murray,30,253,false,top_speed,NaN,E:\2026\99_seasonTiming\04_RUA\top_speed\Race 11.pdf,2026-04-22 16:49:37
RUA,R11,99,Cooper Murray,31,253,false,top_speed,NaN,E:\2026\99_seasonTiming\04_RUA\top_speed\Race 11.pdf,2026-04-22 16:49:37
RUA,R11,99,Cooper Murray,32,254,false,top_speed,NaN,E:\2026\99_seasonTiming\04_RUA\top_speed\Race 11.pdf,2026-04-22 16:49:37
RUA,R11,99,Cooper Murray,33,250,false,top_speed,NaN,E:\2026\99_seasonTiming\04_RUA\top_speed\Race 11.pdf,2026-04-22 16:49:37
RUA,R11,99,Cooper Murray,34,253,false,top_speed,NaN,E:\2026\99_seasonTiming\04_RUA\top_speed\Race 11.pdf,2026-04-22 16:49:37
RUA,R11,99,Cooper Murray,35,252,false,top_speed,NaN,E:\2026\99_seasonTiming\04_RUA\top_speed\Race 11.pdf,2026-04-22 16:49:37
RUA,R11,99,Cooper Murray,36,251,false,top_speed,NaN,E:\2026\99_seasonTiming\04_RUA\top_speed\Race 11.pdf,2026-04-22 16:49:37
RUA,R11,99,Cooper Murray,37,252,false,top_speed,NaN,E:\2026\99_seasonTiming\04_RUA\top_speed\Race 11.pdf,2026-04-22 16:49:37
RUA,R11,777,Declan Fraser,1,212,false,top_speed,NaN,E:\2026\99_seasonTiming\04_RUA\top_speed\Race 11.pdf,2026-04-22 16:49:37
RUA,R11,777,Declan Fraser,2,243,false,top_speed,NaN,E:\2026\99_seasonTiming\04_RUA\top_speed\Race 11.pdf,2026-04-22 16:49:37
RUA,R11,777,Declan Fraser,3,242,false,top_speed,NaN,E:\2026\99_seasonTiming\04_RUA\top_speed\Race 11.pdf,2026-04-22 16:49:37
RUA,R11,777,Declan Fraser,4,246,false,top_speed,NaN,E:\2026\99_seasonTiming\04_RUA\top_speed\Race 11.pdf,2026-04-22 16:49:37
RUA,R11,777,Declan Fraser,5,249,false,top_speed,NaN,E:\2026\99_seasonTiming\04_RUA\top_speed\Race 11.pdf,2026-04-22 16:49:37
RUA,R11,777,Declan Fraser,6,249,false,top_speed,NaN,E:\2026\99_seasonTiming\04_RUA\top_speed\Race 11.pdf,2026-04-22 16:49:37
RUA,R11,777,Declan Fraser,7,250,false,top_speed,NaN,E:\2026\99_seasonTiming\04_RUA\top_speed\Race 11.pdf,2026-04-22 16:49:37
RUA,R11,777,Declan Fraser,8,250,false,top_speed,NaN,E:\2026\99_seasonTiming\04_RUA\top_speed\Race 11.pdf,2026-04-22 16:49:37
RUA,R11,777,Declan Fraser,9,250,false,top_speed,NaN,E:\2026\99_seasonTiming\04_RUA\top_speed\Race 11.pdf,2026-04-22 16:49:37
RUA,R11,777,Declan Fraser,10,249,false,top_speed,NaN,E:\2026\99_seasonTiming\04_RUA\top_speed\Race 11.pdf,2026-04-22 16:49:37
RUA,R11,777,Declan Fraser,11,250,false,top_speed,NaN,E:\2026\99_seasonTiming\04_RUA\top_speed\Race 11.pdf,2026-04-22 16:49:37
RUA,R11,777,Declan Fraser,12,251,false,top_speed,NaN,E:\2026\99_seasonTiming\04_RUA\top_speed\Race 11.pdf,2026-04-22 16:49:37
RUA,R11,777,Declan Fraser,13,250,false,top_speed,NaN,E:\2026\99_seasonTiming\04_RUA\top_speed\Race 11.pdf,2026-04-22 16:49:37
RUA,R11,777,Declan Fraser,14,251,false,top_speed,NaN,E:\2026\99_seasonTiming\04_RUA\top_speed\Race 11.pdf,2026-04-22 16:49:37
RUA,R11,777,Declan Fraser,15,250,false,top_speed,NaN,E:\2026\99_seasonTiming\04_RUA\top_speed\Race 11.pdf,2026-04-22 16:49:37
RUA,R11,777,Declan Fraser,16,252,false,top_speed,NaN,E:\2026\99_seasonTiming\04_RUA\top_speed\Race 11.pdf,2026-04-22 16:49:37
RUA,R11,777,Declan Fraser,17,249,false,top_speed,NaN,E:\2026\99_seasonTiming\04_RUA\top_speed\Race 11.pdf,2026-04-22 16:49:37
RUA,R11,777,Declan Fraser,18,250,false,top_speed,NaN,E:\2026\99_seasonTiming\04_RUA\top_speed\Race 11.pdf,2026-04-22 16:49:37
RUA,R11,777,Declan Fraser,19,250,false,top_speed,NaN,E:\2026\99_seasonTiming\04_RUA\top_speed\Race 11.pdf,2026-04-22 16:49:37
RUA,R11,777,Declan Fraser,20,250,false,top_speed,NaN,E:\2026\99_seasonTiming\04_RUA\top_speed\Race 11.pdf,2026-04-22 16:49:37
RUA,R11,777,Declan Fraser,21,250,false,top_speed,NaN,E:\2026\99_seasonTiming\04_RUA\top_speed\Race 11.pdf,2026-04-22 16:49:37
RUA,R11,777,Declan Fraser,22,250,false,top_speed,NaN,E:\2026\99_seasonTiming\04_RUA\top_speed\Race 11.pdf,2026-04-22 16:49:37
RUA,R11,777,Declan Fraser,23,250,false,top_speed,NaN,E:\2026\99_seasonTiming\04_RUA\top_speed\Race 11.pdf,2026-04-22 16:49:37
RUA,R11,777,Declan Fraser,24,193,false,top_speed,NaN,E:\2026\99_seasonTiming\04_RUA\top_speed\Race 11.pdf,2026-04-22 16:49:37
RUA,R11,777,Declan Fraser,25,252,false,top_speed,NaN,E:\2026\99_seasonTiming\04_RUA\top_speed\Race 11.pdf,2026-04-22 16:49:37
RUA,R11,777,Declan Fraser,26,253,false,top_speed,NaN,E:\2026\99_seasonTiming\04_RUA\top_speed\Race 11.pdf,2026-04-22 16:49:37
RUA,R11,777,Declan Fraser,27,251,false,top_speed,NaN,E:\2026\99_seasonTiming\04_RUA\top_speed\Race 11.pdf,2026-04-22 16:49:37
RUA,R11,777,Declan Fraser,28,251,false,top_speed,NaN,E:\2026\99_seasonTiming\04_RUA\top_speed\Race 11.pdf,2026-04-22 16:49:37
RUA,R11,777,Declan Fraser,29,252,false,top_speed,NaN,E:\2026\99_seasonTiming\04_RUA\top_speed\Race 11.pdf,2026-04-22 16:49:37
RUA,R11,777,Declan Fraser,30,251,false,top_speed,NaN,E:\2026\99_seasonTiming\04_RUA\top_speed\Race 11.pdf,2026-04-22 16:49:37
RUA,R11,777,Declan Fraser,31,253,false,top_speed,NaN,E:\2026\99_seasonTiming\04_RUA\top_speed\Race 11.pdf,2026-04-22 16:49:37
RUA,R11,777,Declan Fraser,32,245,false,top_speed,NaN,E:\2026\99_seasonTiming\04_RUA\top_speed\Race 11.pdf,2026-04-22 16:49:37
RUA,R11,777,Declan Fraser,33,239,false,top_speed,NaN,E:\2026\99_seasonTiming\04_RUA\top_speed\Race 11.pdf,2026-04-22 16:49:37
RUA,R11,777,Declan Fraser,34,253,false,top_speed,NaN,E:\2026\99_seasonTiming\04_RUA\top_speed\Race 11.pdf,2026-04-22 16:49:37
RUA,R11,777,Declan Fraser,35,250,false,top_speed,NaN,E:\2026\99_seasonTiming\04_RUA\top_speed\Race 11.pdf,2026-04-22 16:49:37
RUA,R11,777,Declan Fraser,36,249,false,top_speed,NaN,E:\2026\99_seasonTiming\04_RUA\top_speed\Race 11.pdf,2026-04-22 16:49:37
RUA,R11,777,Declan Fraser,37,249,false,top_speed,NaN,E:\2026\99_seasonTiming\04_RUA\top_speed\Race 11.pdf,2026-04-22 16:49:37
RUA,R11,888,William Brown,1,204,false,top_speed,NaN,E:\2026\99_seasonTiming\04_RUA\top_speed\Race 11.pdf,2026-04-22 16:49:37
RUA,R11,888,William Brown,2,241,false,top_speed,NaN,E:\2026\99_seasonTiming\04_RUA\top_speed\Race 11.pdf,2026-04-22 16:49:37
RUA,R11,888,William Brown,3,249,false,top_speed,NaN,E:\2026\99_seasonTiming\04_RUA\top_speed\Race 11.pdf,2026-04-22 16:49:37
RUA,R11,888,William Brown,4,249,false,top_speed,NaN,E:\2026\99_seasonTiming\04_RUA\top_speed\Race 11.pdf,2026-04-22 16:49:37
RUA,R11,888,William Brown,5,250,false,top_speed,NaN,E:\2026\99_seasonTiming\04_RUA\top_speed\Race 11.pdf,2026-04-22 16:49:37
RUA,R11,888,William Brown,6,251,false,top_speed,NaN,E:\2026\99_seasonTiming\04_RUA\top_speed\Race 11.pdf,2026-04-22 16:49:37
RUA,R11,888,William Brown,7,251,false,top_speed,NaN,E:\2026\99_seasonTiming\04_RUA\top_speed\Race 11.pdf,2026-04-22 16:49:37
RUA,R11,888,William Brown,8,250,false,top_speed,NaN,E:\2026\99_seasonTiming\04_RUA\top_speed\Race 11.pdf,2026-04-22 16:49:37
RUA,R11,888,William Brown,9,250,false,top_speed,NaN,E:\2026\99_seasonTiming\04_RUA\top_speed\Race 11.pdf,2026-04-22 16:49:37
RUA,R11,888,William Brown,10,250,false,top_speed,NaN,E:\2026\99_seasonTiming\04_RUA\top_speed\Race 11.pdf,2026-04-22 16:49:37
RUA,R11,888,William Brown,11,249,false,top_speed,NaN,E:\2026\99_seasonTiming\04_RUA\top_speed\Race 11.pdf,2026-04-22 16:49:37
RUA,R11,888,William Brown,12,249,false,top_speed,NaN,E:\2026\99_seasonTiming\04_RUA\top_speed\Race 11.pdf,2026-04-22 16:49:37
RUA,R11,888,William Brown,13,249,false,top_speed,NaN,E:\2026\99_seasonTiming\04_RUA\top_speed\Race 11.pdf,2026-04-22 16:49:37
RUA,R11,888,William Brown,14,249,false,top_speed,NaN,E:\2026\99_seasonTiming\04_RUA\top_speed\Race 11.pdf,2026-04-22 16:49:37
RUA,R11,888,William Brown,15,250,false,top_speed,NaN,E:\2026\99_seasonTiming\04_RUA\top_speed\Race 11.pdf,2026-04-22 16:49:37
RUA,R11,888,William Brown,16,248,false,top_speed,NaN,E:\2026\99_seasonTiming\04_RUA\top_speed\Race 11.pdf,2026-04-22 16:49:37
RUA,R11,888,William Brown,17,248,false,top_speed,NaN,E:\2026\99_seasonTiming\04_RUA\top_speed\Race 11.pdf,2026-04-22 16:49:37
RUA,R11,888,William Brown,18,248,false,top_speed,NaN,E:\2026\99_seasonTiming\04_RUA\top_speed\Race 11.pdf,2026-04-22 16:49:37
RUA,R11,888,William Brown,19,193,false,top_speed,NaN,E:\2026\99_seasonTiming\04_RUA\top_speed\Race 11.pdf,2026-04-22 16:49:37
RUA,R11,888,William Brown,20,249,false,top_speed,NaN,E:\2026\99_seasonTiming\04_RUA\top_speed\Race 11.pdf,2026-04-22 16:49:37
RUA,R11,888,William Brown,21,249,false,top_speed,NaN,E:\2026\99_seasonTiming\04_RUA\top_speed\Race 11.pdf,2026-04-22 16:49:37
RUA,R11,888,William Brown,22,249,false,top_speed,NaN,E:\2026\99_seasonTiming\04_RUA\top_speed\Race 11.pdf,2026-04-22 16:49:37
RUA,R11,888,William Brown,23,250,false,top_speed,NaN,E:\2026\99_seasonTiming\04_RUA\top_speed\Race 11.pdf,2026-04-22 16:49:37
RUA,R11,888,William Brown,24,250,false,top_speed,NaN,E:\2026\99_seasonTiming\04_RUA\top_speed\Race 11.pdf,2026-04-22 16:49:37
RUA,R11,888,William Brown,25,250,false,top_speed,NaN,E:\2026\99_seasonTiming\04_RUA\top_speed\Race 11.pdf,2026-04-22 16:49:37
RUA,R11,888,William Brown,26,250,false,top_speed,NaN,E:\2026\99_seasonTiming\04_RUA\top_speed\Race 11.pdf,2026-04-22 16:49:37
RUA,R11,888,William Brown,27,249,false,top_speed,NaN,E:\2026\99_seasonTiming\04_RUA\top_speed\Race 11.pdf,2026-04-22 16:49:37
RUA,R11,888,William Brown,28,249,false,top_speed,NaN,E:\2026\99_seasonTiming\04_RUA\top_speed\Race 11.pdf,2026-04-22 16:49:37
RUA,R11,888,William Brown,29,249,false,top_speed,NaN,E:\2026\99_seasonTiming\04_RUA\top_speed\Race 11.pdf,2026-04-22 16:49:37
RUA,R11,888,William Brown,30,249,false,top_speed,NaN,E:\2026\99_seasonTiming\04_RUA\top_speed\Race 11.pdf,2026-04-22 16:49:37
RUA,R11,888,William Brown,31,250,false,top_speed,NaN,E:\2026\99_seasonTiming\04_RUA\top_speed\Race 11.pdf,2026-04-22 16:49:37
RUA,R11,888,William Brown,32,251,false,top_speed,NaN,E:\2026\99_seasonTiming\04_RUA\top_speed\Race 11.pdf,2026-04-22 16:49:37
RUA,R11,888,William Brown,33,249,false,top_speed,NaN,E:\2026\99_seasonTiming\04_RUA\top_speed\Race 11.pdf,2026-04-22 16:49:37
RUA,R11,888,William Brown,34,250,false,top_speed,NaN,E:\2026\99_seasonTiming\04_RUA\top_speed\Race 11.pdf,2026-04-22 16:49:37
RUA,R11,888,William Brown,35,250,false,top_speed,NaN,E:\2026\99_seasonTiming\04_RUA\top_speed\Race 11.pdf,2026-04-22 16:49:37
RUA,R11,888,William Brown,36,250,false,top_speed,NaN,E:\2026\99_seasonTiming\04_RUA\top_speed\Race 11.pdf,2026-04-22 16:49:37
RUA,R11,888,William Brown,37,251,false,top_speed,NaN,E:\2026\99_seasonTiming\04_RUA\top_speed\Race 11.pdf,2026-04-22 16:49:37
RUA,R12,1,Chaz Mostert,1,186,false,top_speed,NaN,E:\2026\99_seasonTiming\04_RUA\top_speed\Race 12.pdf,2026-04-22 16:49:38
RUA,R12,1,Chaz Mostert,2,249,false,top_speed,NaN,E:\2026\99_seasonTiming\04_RUA\top_speed\Race 12.pdf,2026-04-22 16:49:38
RUA,R12,1,Chaz Mostert,3,247,false,top_speed,NaN,E:\2026\99_seasonTiming\04_RUA\top_speed\Race 12.pdf,2026-04-22 16:49:38
RUA,R12,1,Chaz Mostert,4,248,false,top_speed,NaN,E:\2026\99_seasonTiming\04_RUA\top_speed\Race 12.pdf,2026-04-22 16:49:38
RUA,R12,1,Chaz Mostert,5,249,false,top_speed,NaN,E:\2026\99_seasonTiming\04_RUA\top_speed\Race 12.pdf,2026-04-22 16:49:38
RUA,R12,1,Chaz Mostert,6,251,false,top_speed,NaN,E:\2026\99_seasonTiming\04_RUA\top_speed\Race 12.pdf,2026-04-22 16:49:38
RUA,R12,1,Chaz Mostert,7,250,false,top_speed,NaN,E:\2026\99_seasonTiming\04_RUA\top_speed\Race 12.pdf,2026-04-22 16:49:38
RUA,R12,1,Chaz Mostert,8,245,false,top_speed,NaN,E:\2026\99_seasonTiming\04_RUA\top_speed\Race 12.pdf,2026-04-22 16:49:38
RUA,R12,1,Chaz Mostert,9,251,false,top_speed,NaN,E:\2026\99_seasonTiming\04_RUA\top_speed\Race 12.pdf,2026-04-22 16:49:38
RUA,R12,1,Chaz Mostert,10,250,false,top_speed,NaN,E:\2026\99_seasonTiming\04_RUA\top_speed\Race 12.pdf,2026-04-22 16:49:38
RUA,R12,1,Chaz Mostert,11,248,false,top_speed,NaN,E:\2026\99_seasonTiming\04_RUA\top_speed\Race 12.pdf,2026-04-22 16:49:38
RUA,R12,1,Chaz Mostert,12,248,false,top_speed,NaN,E:\2026\99_seasonTiming\04_RUA\top_speed\Race 12.pdf,2026-04-22 16:49:38
RUA,R12,1,Chaz Mostert,13,248,false,top_speed,NaN,E:\2026\99_seasonTiming\04_RUA\top_speed\Race 12.pdf,2026-04-22 16:49:38
RUA,R12,1,Chaz Mostert,14,249,false,top_speed,NaN,E:\2026\99_seasonTiming\04_RUA\top_speed\Race 12.pdf,2026-04-22 16:49:38
RUA,R12,1,Chaz Mostert,15,248,false,top_speed,NaN,E:\2026\99_seasonTiming\04_RUA\top_speed\Race 12.pdf,2026-04-22 16:49:38
RUA,R12,1,Chaz Mostert,16,249,false,top_speed,NaN,E:\2026\99_seasonTiming\04_RUA\top_speed\Race 12.pdf,2026-04-22 16:49:38
RUA,R12,1,Chaz Mostert,17,250,false,top_speed,NaN,E:\2026\99_seasonTiming\04_RUA\top_speed\Race 12.pdf,2026-04-22 16:49:38
RUA,R12,1,Chaz Mostert,18,249,false,top_speed,NaN,E:\2026\99_seasonTiming\04_RUA\top_speed\Race 12.pdf,2026-04-22 16:49:38
RUA,R12,1,Chaz Mostert,19,192,false,top_speed,NaN,E:\2026\99_seasonTiming\04_RUA\top_speed\Race 12.pdf,2026-04-22 16:49:38
RUA,R12,1,Chaz Mostert,20,249,false,top_speed,NaN,E:\2026\99_seasonTiming\04_RUA\top_speed\Race 12.pdf,2026-04-22 16:49:38
RUA,R12,1,Chaz Mostert,21,249,false,top_speed,NaN,E:\2026\99_seasonTiming\04_RUA\top_speed\Race 12.pdf,2026-04-22 16:49:38
RUA,R12,1,Chaz Mostert,22,249,false,top_speed,NaN,E:\2026\99_seasonTiming\04_RUA\top_speed\Race 12.pdf,2026-04-22 16:49:38
RUA,R12,1,Chaz Mostert,23,250,false,top_speed,NaN,E:\2026\99_seasonTiming\04_RUA\top_speed\Race 12.pdf,2026-04-22 16:49:38
RUA,R12,1,Chaz Mostert,24,250,false,top_speed,NaN,E:\2026\99_seasonTiming\04_RUA\top_speed\Race 12.pdf,2026-04-22 16:49:38
RUA,R12,1,Chaz Mostert,25,250,false,top_speed,NaN,E:\2026\99_seasonTiming\04_RUA\top_speed\Race 12.pdf,2026-04-22 16:49:38
RUA,R12,1,Chaz Mostert,26,249,false,top_speed,NaN,E:\2026\99_seasonTiming\04_RUA\top_speed\Race 12.pdf,2026-04-22 16:49:38
RUA,R12,1,Chaz Mostert,27,248,false,top_speed,NaN,E:\2026\99_seasonTiming\04_RUA\top_speed\Race 12.pdf,2026-04-22 16:49:38
RUA,R12,1,Chaz Mostert,28,247,false,top_speed,NaN,E:\2026\99_seasonTiming\04_RUA\top_speed\Race 12.pdf,2026-04-22 16:49:38
RUA,R12,1,Chaz Mostert,29,247,false,top_speed,NaN,E:\2026\99_seasonTiming\04_RUA\top_speed\Race 12.pdf,2026-04-22 16:49:38
RUA,R12,1,Chaz Mostert,30,248,false,top_speed,NaN,E:\2026\99_seasonTiming\04_RUA\top_speed\Race 12.pdf,2026-04-22 16:49:38
RUA,R12,1,Chaz Mostert,31,249,false,top_speed,NaN,E:\2026\99_seasonTiming\04_RUA\top_speed\Race 12.pdf,2026-04-22 16:49:38
RUA,R12,1,Chaz Mostert,32,246,false,top_speed,NaN,E:\2026\99_seasonTiming\04_RUA\top_speed\Race 12.pdf,2026-04-22 16:49:38
RUA,R12,1,Chaz Mostert,33,247,false,top_speed,NaN,E:\2026\99_seasonTiming\04_RUA\top_speed\Race 12.pdf,2026-04-22 16:49:38
RUA,R12,1,Chaz Mostert,34,246,false,top_speed,NaN,E:\2026\99_seasonTiming\04_RUA\top_speed\Race 12.pdf,2026-04-22 16:49:38
RUA,R12,1,Chaz Mostert,35,250,false,top_speed,NaN,E:\2026\99_seasonTiming\04_RUA\top_speed\Race 12.pdf,2026-04-22 16:49:38
RUA,R12,1,Chaz Mostert,36,247,false,top_speed,NaN,E:\2026\99_seasonTiming\04_RUA\top_speed\Race 12.pdf,2026-04-22 16:49:38
RUA,R12,1,Chaz Mostert,37,249,false,top_speed,NaN,E:\2026\99_seasonTiming\04_RUA\top_speed\Race 12.pdf,2026-04-22 16:49:38
RUA,R12,2,Ryan Wood,1,197,false,top_speed,NaN,E:\2026\99_seasonTiming\04_RUA\top_speed\Race 12.pdf,2026-04-22 16:49:38
RUA,R12,2,Ryan Wood,2,247,false,top_speed,NaN,E:\2026\99_seasonTiming\04_RUA\top_speed\Race 12.pdf,2026-04-22 16:49:38
RUA,R12,2,Ryan Wood,3,248,false,top_speed,NaN,E:\2026\99_seasonTiming\04_RUA\top_speed\Race 12.pdf,2026-04-22 16:49:38
RUA,R12,2,Ryan Wood,4,247,false,top_speed,NaN,E:\2026\99_seasonTiming\04_RUA\top_speed\Race 12.pdf,2026-04-22 16:49:38
RUA,R12,2,Ryan Wood,5,247,false,top_speed,NaN,E:\2026\99_seasonTiming\04_RUA\top_speed\Race 12.pdf,2026-04-22 16:49:38
RUA,R12,2,Ryan Wood,6,248,false,top_speed,NaN,E:\2026\99_seasonTiming\04_RUA\top_speed\Race 12.pdf,2026-04-22 16:49:38
RUA,R12,2,Ryan Wood,7,248,false,top_speed,NaN,E:\2026\99_seasonTiming\04_RUA\top_speed\Race 12.pdf,2026-04-22 16:49:38
RUA,R12,2,Ryan Wood,8,248,false,top_speed,NaN,E:\2026\99_seasonTiming\04_RUA\top_speed\Race 12.pdf,2026-04-22 16:49:38
RUA,R12,2,Ryan Wood,9,248,false,top_speed,NaN,E:\2026\99_seasonTiming\04_RUA\top_speed\Race 12.pdf,2026-04-22 16:49:38
RUA,R12,2,Ryan Wood,10,249,false,top_speed,NaN,E:\2026\99_seasonTiming\04_RUA\top_speed\Race 12.pdf,2026-04-22 16:49:38
RUA,R12,2,Ryan Wood,11,248,false,top_speed,NaN,E:\2026\99_seasonTiming\04_RUA\top_speed\Race 12.pdf,2026-04-22 16:49:38
RUA,R12,2,Ryan Wood,12,247,false,top_speed,NaN,E:\2026\99_seasonTiming\04_RUA\top_speed\Race 12.pdf,2026-04-22 16:49:38
RUA,R12,2,Ryan Wood,13,248,false,top_speed,NaN,E:\2026\99_seasonTiming\04_RUA\top_speed\Race 12.pdf,2026-04-22 16:49:38
RUA,R12,2,Ryan Wood,14,248,false,top_speed,NaN,E:\2026\99_seasonTiming\04_RUA\top_speed\Race 12.pdf,2026-04-22 16:49:38
RUA,R12,2,Ryan Wood,15,248,false,top_speed,NaN,E:\2026\99_seasonTiming\04_RUA\top_speed\Race 12.pdf,2026-04-22 16:49:38
RUA,R12,2,Ryan Wood,16,249,false,top_speed,NaN,E:\2026\99_seasonTiming\04_RUA\top_speed\Race 12.pdf,2026-04-22 16:49:38
RUA,R12,2,Ryan Wood,17,192,false,top_speed,NaN,E:\2026\99_seasonTiming\04_RUA\top_speed\Race 12.pdf,2026-04-22 16:49:38
RUA,R12,2,Ryan Wood,18,249,false,top_speed,NaN,E:\2026\99_seasonTiming\04_RUA\top_speed\Race 12.pdf,2026-04-22 16:49:38
RUA,R12,2,Ryan Wood,19,249,false,top_speed,NaN,E:\2026\99_seasonTiming\04_RUA\top_speed\Race 12.pdf,2026-04-22 16:49:38
RUA,R12,2,Ryan Wood,20,248,false,top_speed,NaN,E:\2026\99_seasonTiming\04_RUA\top_speed\Race 12.pdf,2026-04-22 16:49:38
RUA,R12,2,Ryan Wood,21,247,false,top_speed,NaN,E:\2026\99_seasonTiming\04_RUA\top_speed\Race 12.pdf,2026-04-22 16:49:38
RUA,R12,2,Ryan Wood,22,248,false,top_speed,NaN,E:\2026\99_seasonTiming\04_RUA\top_speed\Race 12.pdf,2026-04-22 16:49:38
RUA,R12,2,Ryan Wood,23,248,false,top_speed,NaN,E:\2026\99_seasonTiming\04_RUA\top_speed\Race 12.pdf,2026-04-22 16:49:38
RUA,R12,2,Ryan Wood,24,248,false,top_speed,NaN,E:\2026\99_seasonTiming\04_RUA\top_speed\Race 12.pdf,2026-04-22 16:49:38
RUA,R12,2,Ryan Wood,25,248,false,top_speed,NaN,E:\2026\99_seasonTiming\04_RUA\top_speed\Race 12.pdf,2026-04-22 16:49:38
RUA,R12,2,Ryan Wood,26,249,false,top_speed,NaN,E:\2026\99_seasonTiming\04_RUA\top_speed\Race 12.pdf,2026-04-22 16:49:38
RUA,R12,2,Ryan Wood,27,248,false,top_speed,NaN,E:\2026\99_seasonTiming\04_RUA\top_speed\Race 12.pdf,2026-04-22 16:49:38
RUA,R12,2,Ryan Wood,28,247,false,top_speed,NaN,E:\2026\99_seasonTiming\04_RUA\top_speed\Race 12.pdf,2026-04-22 16:49:38
RUA,R12,2,Ryan Wood,29,249,false,top_speed,NaN,E:\2026\99_seasonTiming\04_RUA\top_speed\Race 12.pdf,2026-04-22 16:49:38
RUA,R12,2,Ryan Wood,30,249,false,top_speed,NaN,E:\2026\99_seasonTiming\04_RUA\top_speed\Race 12.pdf,2026-04-22 16:49:38
RUA,R12,2,Ryan Wood,31,249,false,top_speed,NaN,E:\2026\99_seasonTiming\04_RUA\top_speed\Race 12.pdf,2026-04-22 16:49:38
RUA,R12,2,Ryan Wood,32,247,false,top_speed,NaN,E:\2026\99_seasonTiming\04_RUA\top_speed\Race 12.pdf,2026-04-22 16:49:38
RUA,R12,2,Ryan Wood,33,248,false,top_speed,NaN,E:\2026\99_seasonTiming\04_RUA\top_speed\Race 12.pdf,2026-04-22 16:49:38
RUA,R12,2,Ryan Wood,34,247,false,top_speed,NaN,E:\2026\99_seasonTiming\04_RUA\top_speed\Race 12.pdf,2026-04-22 16:49:38
RUA,R12,2,Ryan Wood,35,248,false,top_speed,NaN,E:\2026\99_seasonTiming\04_RUA\top_speed\Race 12.pdf,2026-04-22 16:49:38
RUA,R12,2,Ryan Wood,36,220,false,top_speed,NaN,E:\2026\99_seasonTiming\04_RUA\top_speed\Race 12.pdf,2026-04-22 16:49:38
RUA,R12,2,Ryan Wood,37,249,false,top_speed,NaN,E:\2026\99_seasonTiming\04_RUA\top_speed\Race 12.pdf,2026-04-22 16:49:38
RUA,R12,3,Aaron Cameron,1,206,false,top_speed,NaN,E:\2026\99_seasonTiming\04_RUA\top_speed\Race 12.pdf,2026-04-22 16:49:38
RUA,R12,3,Aaron Cameron,2,251,false,top_speed,NaN,E:\2026\99_seasonTiming\04_RUA\top_speed\Race 12.pdf,2026-04-22 16:49:38
RUA,R12,3,Aaron Cameron,3,249,false,top_speed,NaN,E:\2026\99_seasonTiming\04_RUA\top_speed\Race 12.pdf,2026-04-22 16:49:38
RUA,R12,3,Aaron Cameron,4,248,false,top_speed,NaN,E:\2026\99_seasonTiming\04_RUA\top_speed\Race 12.pdf,2026-04-22 16:49:38
RUA,R12,3,Aaron Cameron,5,250,false,top_speed,NaN,E:\2026\99_seasonTiming\04_RUA\top_speed\Race 12.pdf,2026-04-22 16:49:38
RUA,R12,3,Aaron Cameron,6,253,false,top_speed,NaN,E:\2026\99_seasonTiming\04_RUA\top_speed\Race 12.pdf,2026-04-22 16:49:38
RUA,R12,3,Aaron Cameron,7,251,false,top_speed,NaN,E:\2026\99_seasonTiming\04_RUA\top_speed\Race 12.pdf,2026-04-22 16:49:38
RUA,R12,3,Aaron Cameron,8,250,false,top_speed,NaN,E:\2026\99_seasonTiming\04_RUA\top_speed\Race 12.pdf,2026-04-22 16:49:38
RUA,R12,3,Aaron Cameron,9,251,false,top_speed,NaN,E:\2026\99_seasonTiming\04_RUA\top_speed\Race 12.pdf,2026-04-22 16:49:38
RUA,R12,3,Aaron Cameron,10,251,false,top_speed,NaN,E:\2026\99_seasonTiming\04_RUA\top_speed\Race 12.pdf,2026-04-22 16:49:38
RUA,R12,3,Aaron Cameron,11,250,false,top_speed,NaN,E:\2026\99_seasonTiming\04_RUA\top_speed\Race 12.pdf,2026-04-22 16:49:38
RUA,R12,3,Aaron Cameron,12,251,false,top_speed,NaN,E:\2026\99_seasonTiming\04_RUA\top_speed\Race 12.pdf,2026-04-22 16:49:38
RUA,R12,3,Aaron Cameron,13,253,false,top_speed,NaN,E:\2026\99_seasonTiming\04_RUA\top_speed\Race 12.pdf,2026-04-22 16:49:38
RUA,R12,3,Aaron Cameron,14,254,false,top_speed,NaN,E:\2026\99_seasonTiming\04_RUA\top_speed\Race 12.pdf,2026-04-22 16:49:38
RUA,R12,3,Aaron Cameron,15,250,false,top_speed,NaN,E:\2026\99_seasonTiming\04_RUA\top_speed\Race 12.pdf,2026-04-22 16:49:38
RUA,R12,3,Aaron Cameron,16,251,false,top_speed,NaN,E:\2026\99_seasonTiming\04_RUA\top_speed\Race 12.pdf,2026-04-22 16:49:38
RUA,R12,3,Aaron Cameron,17,250,false,top_speed,NaN,E:\2026\99_seasonTiming\04_RUA\top_speed\Race 12.pdf,2026-04-22 16:49:38
RUA,R12,3,Aaron Cameron,18,251,false,top_speed,NaN,E:\2026\99_seasonTiming\04_RUA\top_speed\Race 12.pdf,2026-04-22 16:49:38
RUA,R12,3,Aaron Cameron,19,251,false,top_speed,NaN,E:\2026\99_seasonTiming\04_RUA\top_speed\Race 12.pdf,2026-04-22 16:49:38
RUA,R12,3,Aaron Cameron,20,249,false,top_speed,NaN,E:\2026\99_seasonTiming\04_RUA\top_speed\Race 12.pdf,2026-04-22 16:49:38
RUA,R12,3,Aaron Cameron,21,249,false,top_speed,NaN,E:\2026\99_seasonTiming\04_RUA\top_speed\Race 12.pdf,2026-04-22 16:49:38
RUA,R12,3,Aaron Cameron,22,192,false,top_speed,NaN,E:\2026\99_seasonTiming\04_RUA\top_speed\Race 12.pdf,2026-04-22 16:49:38
RUA,R12,3,Aaron Cameron,23,251,false,top_speed,NaN,E:\2026\99_seasonTiming\04_RUA\top_speed\Race 12.pdf,2026-04-22 16:49:38
RUA,R12,3,Aaron Cameron,24,252,false,top_speed,NaN,E:\2026\99_seasonTiming\04_RUA\top_speed\Race 12.pdf,2026-04-22 16:49:38
RUA,R12,3,Aaron Cameron,25,251,false,top_speed,NaN,E:\2026\99_seasonTiming\04_RUA\top_speed\Race 12.pdf,2026-04-22 16:49:38
RUA,R12,3,Aaron Cameron,26,251,false,top_speed,NaN,E:\2026\99_seasonTiming\04_RUA\top_speed\Race 12.pdf,2026-04-22 16:49:38
RUA,R12,3,Aaron Cameron,27,250,false,top_speed,NaN,E:\2026\99_seasonTiming\04_RUA\top_speed\Race 12.pdf,2026-04-22 16:49:38
RUA,R12,3,Aaron Cameron,28,251,false,top_speed,NaN,E:\2026\99_seasonTiming\04_RUA\top_speed\Race 12.pdf,2026-04-22 16:49:38
RUA,R12,3,Aaron Cameron,29,251,false,top_speed,NaN,E:\2026\99_seasonTiming\04_RUA\top_speed\Race 12.pdf,2026-04-22 16:49:38
RUA,R12,3,Aaron Cameron,30,243,false,top_speed,NaN,E:\2026\99_seasonTiming\04_RUA\top_speed\Race 12.pdf,2026-04-22 16:49:38
RUA,R12,3,Aaron Cameron,31,247,false,top_speed,NaN,E:\2026\99_seasonTiming\04_RUA\top_speed\Race 12.pdf,2026-04-22 16:49:38
RUA,R12,3,Aaron Cameron,32,250,false,top_speed,NaN,E:\2026\99_seasonTiming\04_RUA\top_speed\Race 12.pdf,2026-04-22 16:49:38
RUA,R12,3,Aaron Cameron,33,251,false,top_speed,NaN,E:\2026\99_seasonTiming\04_RUA\top_speed\Race 12.pdf,2026-04-22 16:49:38
RUA,R12,3,Aaron Cameron,34,248,false,top_speed,NaN,E:\2026\99_seasonTiming\04_RUA\top_speed\Race 12.pdf,2026-04-22 16:49:38
RUA,R12,3,Aaron Cameron,35,249,false,top_speed,NaN,E:\2026\99_seasonTiming\04_RUA\top_speed\Race 12.pdf,2026-04-22 16:49:38
RUA,R12,3,Aaron Cameron,36,249,false,top_speed,NaN,E:\2026\99_seasonTiming\04_RUA\top_speed\Race 12.pdf,2026-04-22 16:49:38
RUA,R12,3,Aaron Cameron,37,249,false,top_speed,NaN,E:\2026\99_seasonTiming\04_RUA\top_speed\Race 12.pdf,2026-04-22 16:49:38
RUA,R12,4,Jack Le Brocq,1,207,false,top_speed,NaN,E:\2026\99_seasonTiming\04_RUA\top_speed\Race 12.pdf,2026-04-22 16:49:38
RUA,R12,4,Jack Le Brocq,2,248,false,top_speed,NaN,E:\2026\99_seasonTiming\04_RUA\top_speed\Race 12.pdf,2026-04-22 16:49:38
RUA,R12,4,Jack Le Brocq,3,249,false,top_speed,NaN,E:\2026\99_seasonTiming\04_RUA\top_speed\Race 12.pdf,2026-04-22 16:49:38
RUA,R12,4,Jack Le Brocq,4,249,false,top_speed,NaN,E:\2026\99_seasonTiming\04_RUA\top_speed\Race 12.pdf,2026-04-22 16:49:38
RUA,R12,4,Jack Le Brocq,5,248,false,top_speed,NaN,E:\2026\99_seasonTiming\04_RUA\top_speed\Race 12.pdf,2026-04-22 16:49:38
RUA,R12,4,Jack Le Brocq,6,249,false,top_speed,NaN,E:\2026\99_seasonTiming\04_RUA\top_speed\Race 12.pdf,2026-04-22 16:49:38
RUA,R12,4,Jack Le Brocq,7,249,false,top_speed,NaN,E:\2026\99_seasonTiming\04_RUA\top_speed\Race 12.pdf,2026-04-22 16:49:38
RUA,R12,4,Jack Le Brocq,8,249,false,top_speed,NaN,E:\2026\99_seasonTiming\04_RUA\top_speed\Race 12.pdf,2026-04-22 16:49:38
RUA,R12,4,Jack Le Brocq,9,249,false,top_speed,NaN,E:\2026\99_seasonTiming\04_RUA\top_speed\Race 12.pdf,2026-04-22 16:49:38
RUA,R12,4,Jack Le Brocq,10,250,false,top_speed,NaN,E:\2026\99_seasonTiming\04_RUA\top_speed\Race 12.pdf,2026-04-22 16:49:38
RUA,R12,4,Jack Le Brocq,11,249,false,top_speed,NaN,E:\2026\99_seasonTiming\04_RUA\top_speed\Race 12.pdf,2026-04-22 16:49:38
RUA,R12,4,Jack Le Brocq,12,250,false,top_speed,NaN,E:\2026\99_seasonTiming\04_RUA\top_speed\Race 12.pdf,2026-04-22 16:49:38
RUA,R12,4,Jack Le Brocq,13,250,false,top_speed,NaN,E:\2026\99_seasonTiming\04_RUA\top_speed\Race 12.pdf,2026-04-22 16:49:38
RUA,R12,4,Jack Le Brocq,14,251,false,top_speed,NaN,E:\2026\99_seasonTiming\04_RUA\top_speed\Race 12.pdf,2026-04-22 16:49:38
RUA,R12,4,Jack Le Brocq,15,251,false,top_speed,NaN,E:\2026\99_seasonTiming\04_RUA\top_speed\Race 12.pdf,2026-04-22 16:49:38
RUA,R12,4,Jack Le Brocq,16,250,false,top_speed,NaN,E:\2026\99_seasonTiming\04_RUA\top_speed\Race 12.pdf,2026-04-22 16:49:38
RUA,R12,4,Jack Le Brocq,17,250,false,top_speed,NaN,E:\2026\99_seasonTiming\04_RUA\top_speed\Race 12.pdf,2026-04-22 16:49:38
RUA,R12,4,Jack Le Brocq,18,251,false,top_speed,NaN,E:\2026\99_seasonTiming\04_RUA\top_speed\Race 12.pdf,2026-04-22 16:49:38
RUA,R12,4,Jack Le Brocq,19,250,false,top_speed,NaN,E:\2026\99_seasonTiming\04_RUA\top_speed\Race 12.pdf,2026-04-22 16:49:38
RUA,R12,4,Jack Le Brocq,20,193,false,top_speed,NaN,E:\2026\99_seasonTiming\04_RUA\top_speed\Race 12.pdf,2026-04-22 16:49:38
RUA,R12,4,Jack Le Brocq,21,250,false,top_speed,NaN,E:\2026\99_seasonTiming\04_RUA\top_speed\Race 12.pdf,2026-04-22 16:49:38
RUA,R12,4,Jack Le Brocq,22,251,false,top_speed,NaN,E:\2026\99_seasonTiming\04_RUA\top_speed\Race 12.pdf,2026-04-22 16:49:38
RUA,R12,4,Jack Le Brocq,23,251,false,top_speed,NaN,E:\2026\99_seasonTiming\04_RUA\top_speed\Race 12.pdf,2026-04-22 16:49:38
RUA,R12,4,Jack Le Brocq,24,252,false,top_speed,NaN,E:\2026\99_seasonTiming\04_RUA\top_speed\Race 12.pdf,2026-04-22 16:49:38
RUA,R12,4,Jack Le Brocq,25,252,false,top_speed,NaN,E:\2026\99_seasonTiming\04_RUA\top_speed\Race 12.pdf,2026-04-22 16:49:38
RUA,R12,4,Jack Le Brocq,26,251,false,top_speed,NaN,E:\2026\99_seasonTiming\04_RUA\top_speed\Race 12.pdf,2026-04-22 16:49:38
RUA,R12,4,Jack Le Brocq,27,250,false,top_speed,NaN,E:\2026\99_seasonTiming\04_RUA\top_speed\Race 12.pdf,2026-04-22 16:49:38
RUA,R12,4,Jack Le Brocq,28,251,false,top_speed,NaN,E:\2026\99_seasonTiming\04_RUA\top_speed\Race 12.pdf,2026-04-22 16:49:38
RUA,R12,4,Jack Le Brocq,29,251,false,top_speed,NaN,E:\2026\99_seasonTiming\04_RUA\top_speed\Race 12.pdf,2026-04-22 16:49:38
RUA,R12,4,Jack Le Brocq,30,240,false,top_speed,NaN,E:\2026\99_seasonTiming\04_RUA\top_speed\Race 12.pdf,2026-04-22 16:49:38
RUA,R12,4,Jack Le Brocq,31,250,false,top_speed,NaN,E:\2026\99_seasonTiming\04_RUA\top_speed\Race 12.pdf,2026-04-22 16:49:38
RUA,R12,4,Jack Le Brocq,32,249,false,top_speed,NaN,E:\2026\99_seasonTiming\04_RUA\top_speed\Race 12.pdf,2026-04-22 16:49:38
RUA,R12,4,Jack Le Brocq,33,248,false,top_speed,NaN,E:\2026\99_seasonTiming\04_RUA\top_speed\Race 12.pdf,2026-04-22 16:49:38
RUA,R12,4,Jack Le Brocq,34,232,false,top_speed,NaN,E:\2026\99_seasonTiming\04_RUA\top_speed\Race 12.pdf,2026-04-22 16:49:38
RUA,R12,4,Jack Le Brocq,35,249,false,top_speed,NaN,E:\2026\99_seasonTiming\04_RUA\top_speed\Race 12.pdf,2026-04-22 16:49:38
RUA,R12,4,Jack Le Brocq,36,252,false,top_speed,NaN,E:\2026\99_seasonTiming\04_RUA\top_speed\Race 12.pdf,2026-04-22 16:49:38
RUA,R12,4,Jack Le Brocq,37,251,false,top_speed,NaN,E:\2026\99_seasonTiming\04_RUA\top_speed\Race 12.pdf,2026-04-22 16:49:38
RUA,R12,6,Cameron Waters,1,209,false,top_speed,NaN,E:\2026\99_seasonTiming\04_RUA\top_speed\Race 12.pdf,2026-04-22 16:49:38
RUA,R12,6,Cameron Waters,2,246,false,top_speed,NaN,E:\2026\99_seasonTiming\04_RUA\top_speed\Race 12.pdf,2026-04-22 16:49:38
RUA,R12,6,Cameron Waters,3,250,false,top_speed,NaN,E:\2026\99_seasonTiming\04_RUA\top_speed\Race 12.pdf,2026-04-22 16:49:38
RUA,R12,6,Cameron Waters,4,248,false,top_speed,NaN,E:\2026\99_seasonTiming\04_RUA\top_speed\Race 12.pdf,2026-04-22 16:49:38
RUA,R12,6,Cameron Waters,5,247,false,top_speed,NaN,E:\2026\99_seasonTiming\04_RUA\top_speed\Race 12.pdf,2026-04-22 16:49:38
RUA,R12,6,Cameron Waters,6,249,false,top_speed,NaN,E:\2026\99_seasonTiming\04_RUA\top_speed\Race 12.pdf,2026-04-22 16:49:38
RUA,R12,6,Cameron Waters,7,249,false,top_speed,NaN,E:\2026\99_seasonTiming\04_RUA\top_speed\Race 12.pdf,2026-04-22 16:49:38
RUA,R12,6,Cameron Waters,8,249,false,top_speed,NaN,E:\2026\99_seasonTiming\04_RUA\top_speed\Race 12.pdf,2026-04-22 16:49:38
RUA,R12,6,Cameron Waters,9,248,false,top_speed,NaN,E:\2026\99_seasonTiming\04_RUA\top_speed\Race 12.pdf,2026-04-22 16:49:38
RUA,R12,6,Cameron Waters,10,249,false,top_speed,NaN,E:\2026\99_seasonTiming\04_RUA\top_speed\Race 12.pdf,2026-04-22 16:49:38
RUA,R12,6,Cameron Waters,11,249,false,top_speed,NaN,E:\2026\99_seasonTiming\04_RUA\top_speed\Race 12.pdf,2026-04-22 16:49:38
RUA,R12,6,Cameron Waters,12,249,false,top_speed,NaN,E:\2026\99_seasonTiming\04_RUA\top_speed\Race 12.pdf,2026-04-22 16:49:38
RUA,R12,6,Cameron Waters,13,252,false,top_speed,NaN,E:\2026\99_seasonTiming\04_RUA\top_speed\Race 12.pdf,2026-04-22 16:49:38
RUA,R12,6,Cameron Waters,14,251,false,top_speed,NaN,E:\2026\99_seasonTiming\04_RUA\top_speed\Race 12.pdf,2026-04-22 16:49:38
RUA,R12,6,Cameron Waters,15,250,false,top_speed,NaN,E:\2026\99_seasonTiming\04_RUA\top_speed\Race 12.pdf,2026-04-22 16:49:38
RUA,R12,6,Cameron Waters,16,251,false,top_speed,NaN,E:\2026\99_seasonTiming\04_RUA\top_speed\Race 12.pdf,2026-04-22 16:49:38
RUA,R12,6,Cameron Waters,17,252,false,top_speed,NaN,E:\2026\99_seasonTiming\04_RUA\top_speed\Race 12.pdf,2026-04-22 16:49:38
RUA,R12,6,Cameron Waters,18,252,false,top_speed,NaN,E:\2026\99_seasonTiming\04_RUA\top_speed\Race 12.pdf,2026-04-22 16:49:38
RUA,R12,6,Cameron Waters,19,252,false,top_speed,NaN,E:\2026\99_seasonTiming\04_RUA\top_speed\Race 12.pdf,2026-04-22 16:49:38
RUA,R12,6,Cameron Waters,20,193,false,top_speed,NaN,E:\2026\99_seasonTiming\04_RUA\top_speed\Race 12.pdf,2026-04-22 16:49:38
RUA,R12,6,Cameron Waters,21,250,false,top_speed,NaN,E:\2026\99_seasonTiming\04_RUA\top_speed\Race 12.pdf,2026-04-22 16:49:38
RUA,R12,6,Cameron Waters,22,251,false,top_speed,NaN,E:\2026\99_seasonTiming\04_RUA\top_speed\Race 12.pdf,2026-04-22 16:49:38
RUA,R12,6,Cameron Waters,23,251,false,top_speed,NaN,E:\2026\99_seasonTiming\04_RUA\top_speed\Race 12.pdf,2026-04-22 16:49:38
RUA,R12,6,Cameron Waters,24,251,false,top_speed,NaN,E:\2026\99_seasonTiming\04_RUA\top_speed\Race 12.pdf,2026-04-22 16:49:38
RUA,R12,6,Cameron Waters,25,251,false,top_speed,NaN,E:\2026\99_seasonTiming\04_RUA\top_speed\Race 12.pdf,2026-04-22 16:49:38
RUA,R12,6,Cameron Waters,26,252,false,top_speed,NaN,E:\2026\99_seasonTiming\04_RUA\top_speed\Race 12.pdf,2026-04-22 16:49:38
RUA,R12,6,Cameron Waters,27,250,false,top_speed,NaN,E:\2026\99_seasonTiming\04_RUA\top_speed\Race 12.pdf,2026-04-22 16:49:38
RUA,R12,6,Cameron Waters,28,251,false,top_speed,NaN,E:\2026\99_seasonTiming\04_RUA\top_speed\Race 12.pdf,2026-04-22 16:49:38
RUA,R12,6,Cameron Waters,29,252,false,top_speed,NaN,E:\2026\99_seasonTiming\04_RUA\top_speed\Race 12.pdf,2026-04-22 16:49:38
RUA,R12,6,Cameron Waters,30,251,false,top_speed,NaN,E:\2026\99_seasonTiming\04_RUA\top_speed\Race 12.pdf,2026-04-22 16:49:38
RUA,R12,6,Cameron Waters,31,255,false,top_speed,NaN,E:\2026\99_seasonTiming\04_RUA\top_speed\Race 12.pdf,2026-04-22 16:49:38
RUA,R12,6,Cameron Waters,32,251,false,top_speed,NaN,E:\2026\99_seasonTiming\04_RUA\top_speed\Race 12.pdf,2026-04-22 16:49:38
RUA,R12,6,Cameron Waters,33,246,false,top_speed,NaN,E:\2026\99_seasonTiming\04_RUA\top_speed\Race 12.pdf,2026-04-22 16:49:38
RUA,R12,6,Cameron Waters,34,246,false,top_speed,NaN,E:\2026\99_seasonTiming\04_RUA\top_speed\Race 12.pdf,2026-04-22 16:49:38
RUA,R12,6,Cameron Waters,35,248,false,top_speed,NaN,E:\2026\99_seasonTiming\04_RUA\top_speed\Race 12.pdf,2026-04-22 16:49:38
RUA,R12,6,Cameron Waters,36,250,false,top_speed,NaN,E:\2026\99_seasonTiming\04_RUA\top_speed\Race 12.pdf,2026-04-22 16:49:38
RUA,R12,6,Cameron Waters,37,251,false,top_speed,NaN,E:\2026\99_seasonTiming\04_RUA\top_speed\Race 12.pdf,2026-04-22 16:49:38
RUA,R12,7,James Golding,1,195,false,top_speed,NaN,E:\2026\99_seasonTiming\04_RUA\top_speed\Race 12.pdf,2026-04-22 16:49:38
RUA,R12,7,James Golding,2,250,false,top_speed,NaN,E:\2026\99_seasonTiming\04_RUA\top_speed\Race 12.pdf,2026-04-22 16:49:38
RUA,R12,7,James Golding,3,251,false,top_speed,NaN,E:\2026\99_seasonTiming\04_RUA\top_speed\Race 12.pdf,2026-04-22 16:49:38
RUA,R12,7,James Golding,4,250,false,top_speed,NaN,E:\2026\99_seasonTiming\04_RUA\top_speed\Race 12.pdf,2026-04-22 16:49:38
RUA,R12,7,James Golding,5,250,false,top_speed,NaN,E:\2026\99_seasonTiming\04_RUA\top_speed\Race 12.pdf,2026-04-22 16:49:38
RUA,R12,7,James Golding,6,250,false,top_speed,NaN,E:\2026\99_seasonTiming\04_RUA\top_speed\Race 12.pdf,2026-04-22 16:49:38
RUA,R12,7,James Golding,7,250,false,top_speed,NaN,E:\2026\99_seasonTiming\04_RUA\top_speed\Race 12.pdf,2026-04-22 16:49:38
RUA,R12,7,James Golding,8,249,false,top_speed,NaN,E:\2026\99_seasonTiming\04_RUA\top_speed\Race 12.pdf,2026-04-22 16:49:38
RUA,R12,7,James Golding,9,250,false,top_speed,NaN,E:\2026\99_seasonTiming\04_RUA\top_speed\Race 12.pdf,2026-04-22 16:49:38
RUA,R12,7,James Golding,10,251,false,top_speed,NaN,E:\2026\99_seasonTiming\04_RUA\top_speed\Race 12.pdf,2026-04-22 16:49:38
RUA,R12,7,James Golding,11,251,false,top_speed,NaN,E:\2026\99_seasonTiming\04_RUA\top_speed\Race 12.pdf,2026-04-22 16:49:38
RUA,R12,7,James Golding,12,250,false,top_speed,NaN,E:\2026\99_seasonTiming\04_RUA\top_speed\Race 12.pdf,2026-04-22 16:49:38
RUA,R12,7,James Golding,13,251,false,top_speed,NaN,E:\2026\99_seasonTiming\04_RUA\top_speed\Race 12.pdf,2026-04-22 16:49:38
RUA,R12,7,James Golding,14,251,false,top_speed,NaN,E:\2026\99_seasonTiming\04_RUA\top_speed\Race 12.pdf,2026-04-22 16:49:38
RUA,R12,7,James Golding,15,250,false,top_speed,NaN,E:\2026\99_seasonTiming\04_RUA\top_speed\Race 12.pdf,2026-04-22 16:49:38
RUA,R12,7,James Golding,16,250,false,top_speed,NaN,E:\2026\99_seasonTiming\04_RUA\top_speed\Race 12.pdf,2026-04-22 16:49:38
RUA,R12,7,James Golding,17,250,false,top_speed,NaN,E:\2026\99_seasonTiming\04_RUA\top_speed\Race 12.pdf,2026-04-22 16:49:38
RUA,R12,7,James Golding,18,250,false,top_speed,NaN,E:\2026\99_seasonTiming\04_RUA\top_speed\Race 12.pdf,2026-04-22 16:49:38
RUA,R12,7,James Golding,19,192,false,top_speed,NaN,E:\2026\99_seasonTiming\04_RUA\top_speed\Race 12.pdf,2026-04-22 16:49:38
RUA,R12,7,James Golding,20,251,false,top_speed,NaN,E:\2026\99_seasonTiming\04_RUA\top_speed\Race 12.pdf,2026-04-22 16:49:38
RUA,R12,7,James Golding,21,249,false,top_speed,NaN,E:\2026\99_seasonTiming\04_RUA\top_speed\Race 12.pdf,2026-04-22 16:49:38
RUA,R12,7,James Golding,22,250,false,top_speed,NaN,E:\2026\99_seasonTiming\04_RUA\top_speed\Race 12.pdf,2026-04-22 16:49:38
RUA,R12,7,James Golding,23,251,false,top_speed,NaN,E:\2026\99_seasonTiming\04_RUA\top_speed\Race 12.pdf,2026-04-22 16:49:38
RUA,R12,7,James Golding,24,251,false,top_speed,NaN,E:\2026\99_seasonTiming\04_RUA\top_speed\Race 12.pdf,2026-04-22 16:49:38
RUA,R12,7,James Golding,25,251,false,top_speed,NaN,E:\2026\99_seasonTiming\04_RUA\top_speed\Race 12.pdf,2026-04-22 16:49:38
RUA,R12,7,James Golding,26,251,false,top_speed,NaN,E:\2026\99_seasonTiming\04_RUA\top_speed\Race 12.pdf,2026-04-22 16:49:38
RUA,R12,7,James Golding,27,253,false,top_speed,NaN,E:\2026\99_seasonTiming\04_RUA\top_speed\Race 12.pdf,2026-04-22 16:49:38
RUA,R12,7,James Golding,28,249,false,top_speed,NaN,E:\2026\99_seasonTiming\04_RUA\top_speed\Race 12.pdf,2026-04-22 16:49:38
RUA,R12,7,James Golding,29,253,false,top_speed,NaN,E:\2026\99_seasonTiming\04_RUA\top_speed\Race 12.pdf,2026-04-22 16:49:38
RUA,R12,7,James Golding,30,250,false,top_speed,NaN,E:\2026\99_seasonTiming\04_RUA\top_speed\Race 12.pdf,2026-04-22 16:49:38
RUA,R12,7,James Golding,31,252,false,top_speed,NaN,E:\2026\99_seasonTiming\04_RUA\top_speed\Race 12.pdf,2026-04-22 16:49:38
RUA,R12,7,James Golding,32,248,false,top_speed,NaN,E:\2026\99_seasonTiming\04_RUA\top_speed\Race 12.pdf,2026-04-22 16:49:38
RUA,R12,7,James Golding,33,250,false,top_speed,NaN,E:\2026\99_seasonTiming\04_RUA\top_speed\Race 12.pdf,2026-04-22 16:49:38
RUA,R12,7,James Golding,34,250,false,top_speed,NaN,E:\2026\99_seasonTiming\04_RUA\top_speed\Race 12.pdf,2026-04-22 16:49:38
RUA,R12,7,James Golding,35,252,false,top_speed,NaN,E:\2026\99_seasonTiming\04_RUA\top_speed\Race 12.pdf,2026-04-22 16:49:38
RUA,R12,7,James Golding,36,236,false,top_speed,NaN,E:\2026\99_seasonTiming\04_RUA\top_speed\Race 12.pdf,2026-04-22 16:49:38
RUA,R12,7,James Golding,37,249,false,top_speed,NaN,E:\2026\99_seasonTiming\04_RUA\top_speed\Race 12.pdf,2026-04-22 16:49:38
RUA,R12,8,Andre Heimgartner,1,189,false,top_speed,NaN,E:\2026\99_seasonTiming\04_RUA\top_speed\Race 12.pdf,2026-04-22 16:49:38
RUA,R12,8,Andre Heimgartner,2,249,false,top_speed,NaN,E:\2026\99_seasonTiming\04_RUA\top_speed\Race 12.pdf,2026-04-22 16:49:38
RUA,R12,8,Andre Heimgartner,3,249,false,top_speed,NaN,E:\2026\99_seasonTiming\04_RUA\top_speed\Race 12.pdf,2026-04-22 16:49:38
RUA,R12,8,Andre Heimgartner,4,250,false,top_speed,NaN,E:\2026\99_seasonTiming\04_RUA\top_speed\Race 12.pdf,2026-04-22 16:49:38
RUA,R12,8,Andre Heimgartner,5,251,false,top_speed,NaN,E:\2026\99_seasonTiming\04_RUA\top_speed\Race 12.pdf,2026-04-22 16:49:38
RUA,R12,8,Andre Heimgartner,6,250,false,top_speed,NaN,E:\2026\99_seasonTiming\04_RUA\top_speed\Race 12.pdf,2026-04-22 16:49:38
RUA,R12,8,Andre Heimgartner,7,250,false,top_speed,NaN,E:\2026\99_seasonTiming\04_RUA\top_speed\Race 12.pdf,2026-04-22 16:49:38
RUA,R12,8,Andre Heimgartner,8,251,false,top_speed,NaN,E:\2026\99_seasonTiming\04_RUA\top_speed\Race 12.pdf,2026-04-22 16:49:38
RUA,R12,8,Andre Heimgartner,9,250,false,top_speed,NaN,E:\2026\99_seasonTiming\04_RUA\top_speed\Race 12.pdf,2026-04-22 16:49:38
RUA,R12,8,Andre Heimgartner,10,251,false,top_speed,NaN,E:\2026\99_seasonTiming\04_RUA\top_speed\Race 12.pdf,2026-04-22 16:49:38
RUA,R12,8,Andre Heimgartner,11,250,false,top_speed,NaN,E:\2026\99_seasonTiming\04_RUA\top_speed\Race 12.pdf,2026-04-22 16:49:38
RUA,R12,8,Andre Heimgartner,12,249,false,top_speed,NaN,E:\2026\99_seasonTiming\04_RUA\top_speed\Race 12.pdf,2026-04-22 16:49:38
RUA,R12,8,Andre Heimgartner,13,250,false,top_speed,NaN,E:\2026\99_seasonTiming\04_RUA\top_speed\Race 12.pdf,2026-04-22 16:49:38
RUA,R12,8,Andre Heimgartner,14,250,false,top_speed,NaN,E:\2026\99_seasonTiming\04_RUA\top_speed\Race 12.pdf,2026-04-22 16:49:38
RUA,R12,8,Andre Heimgartner,15,250,false,top_speed,NaN,E:\2026\99_seasonTiming\04_RUA\top_speed\Race 12.pdf,2026-04-22 16:49:38
RUA,R12,8,Andre Heimgartner,16,226,false,top_speed,NaN,E:\2026\99_seasonTiming\04_RUA\top_speed\Race 12.pdf,2026-04-22 16:49:38
RUA,R12,8,Andre Heimgartner,17,250,false,top_speed,NaN,E:\2026\99_seasonTiming\04_RUA\top_speed\Race 12.pdf,2026-04-22 16:49:38
RUA,R12,8,Andre Heimgartner,18,250,false,top_speed,NaN,E:\2026\99_seasonTiming\04_RUA\top_speed\Race 12.pdf,2026-04-22 16:49:38
RUA,R12,8,Andre Heimgartner,19,251,false,top_speed,NaN,E:\2026\99_seasonTiming\04_RUA\top_speed\Race 12.pdf,2026-04-22 16:49:38
RUA,R12,8,Andre Heimgartner,20,250,false,top_speed,NaN,E:\2026\99_seasonTiming\04_RUA\top_speed\Race 12.pdf,2026-04-22 16:49:38
RUA,R12,8,Andre Heimgartner,21,248,false,top_speed,NaN,E:\2026\99_seasonTiming\04_RUA\top_speed\Race 12.pdf,2026-04-22 16:49:38
RUA,R12,8,Andre Heimgartner,22,247,false,top_speed,NaN,E:\2026\99_seasonTiming\04_RUA\top_speed\Race 12.pdf,2026-04-22 16:49:38
RUA,R12,8,Andre Heimgartner,23,188,false,top_speed,NaN,E:\2026\99_seasonTiming\04_RUA\top_speed\Race 12.pdf,2026-04-22 16:49:38
RUA,R12,8,Andre Heimgartner,24,249,false,top_speed,NaN,E:\2026\99_seasonTiming\04_RUA\top_speed\Race 12.pdf,2026-04-22 16:49:38
RUA,R12,8,Andre Heimgartner,25,248,false,top_speed,NaN,E:\2026\99_seasonTiming\04_RUA\top_speed\Race 12.pdf,2026-04-22 16:49:38
RUA,R12,8,Andre Heimgartner,26,248,false,top_speed,NaN,E:\2026\99_seasonTiming\04_RUA\top_speed\Race 12.pdf,2026-04-22 16:49:38
RUA,R12,8,Andre Heimgartner,27,247,false,top_speed,NaN,E:\2026\99_seasonTiming\04_RUA\top_speed\Race 12.pdf,2026-04-22 16:49:38
RUA,R12,8,Andre Heimgartner,28,247,false,top_speed,NaN,E:\2026\99_seasonTiming\04_RUA\top_speed\Race 12.pdf,2026-04-22 16:49:38
RUA,R12,8,Andre Heimgartner,29,247,false,top_speed,NaN,E:\2026\99_seasonTiming\04_RUA\top_speed\Race 12.pdf,2026-04-22 16:49:38
RUA,R12,8,Andre Heimgartner,30,249,false,top_speed,NaN,E:\2026\99_seasonTiming\04_RUA\top_speed\Race 12.pdf,2026-04-22 16:49:38
RUA,R12,8,Andre Heimgartner,31,248,false,top_speed,NaN,E:\2026\99_seasonTiming\04_RUA\top_speed\Race 12.pdf,2026-04-22 16:49:38
RUA,R12,8,Andre Heimgartner,32,247,false,top_speed,NaN,E:\2026\99_seasonTiming\04_RUA\top_speed\Race 12.pdf,2026-04-22 16:49:38
RUA,R12,8,Andre Heimgartner,33,248,false,top_speed,NaN,E:\2026\99_seasonTiming\04_RUA\top_speed\Race 12.pdf,2026-04-22 16:49:38
RUA,R12,8,Andre Heimgartner,34,248,false,top_speed,NaN,E:\2026\99_seasonTiming\04_RUA\top_speed\Race 12.pdf,2026-04-22 16:49:38
RUA,R12,8,Andre Heimgartner,35,249,false,top_speed,NaN,E:\2026\99_seasonTiming\04_RUA\top_speed\Race 12.pdf,2026-04-22 16:49:38
RUA,R12,8,Andre Heimgartner,36,251,false,top_speed,NaN,E:\2026\99_seasonTiming\04_RUA\top_speed\Race 12.pdf,2026-04-22 16:49:38
RUA,R12,8,Andre Heimgartner,37,248,false,top_speed,NaN,E:\2026\99_seasonTiming\04_RUA\top_speed\Race 12.pdf,2026-04-22 16:49:38
RUA,R12,9,Jobe Stewart,1,207,false,top_speed,NaN,E:\2026\99_seasonTiming\04_RUA\top_speed\Race 12.pdf,2026-04-22 16:49:38
RUA,R12,9,Jobe Stewart,2,246,false,top_speed,NaN,E:\2026\99_seasonTiming\04_RUA\top_speed\Race 12.pdf,2026-04-22 16:49:38
RUA,R12,9,Jobe Stewart,3,250,false,top_speed,NaN,E:\2026\99_seasonTiming\04_RUA\top_speed\Race 12.pdf,2026-04-22 16:49:38
RUA,R12,9,Jobe Stewart,4,248,false,top_speed,NaN,E:\2026\99_seasonTiming\04_RUA\top_speed\Race 12.pdf,2026-04-22 16:49:38
RUA,R12,9,Jobe Stewart,5,248,false,top_speed,NaN,E:\2026\99_seasonTiming\04_RUA\top_speed\Race 12.pdf,2026-04-22 16:49:38
RUA,R12,9,Jobe Stewart,6,250,false,top_speed,NaN,E:\2026\99_seasonTiming\04_RUA\top_speed\Race 12.pdf,2026-04-22 16:49:38
RUA,R12,9,Jobe Stewart,7,249,false,top_speed,NaN,E:\2026\99_seasonTiming\04_RUA\top_speed\Race 12.pdf,2026-04-22 16:49:38
RUA,R12,9,Jobe Stewart,8,248,false,top_speed,NaN,E:\2026\99_seasonTiming\04_RUA\top_speed\Race 12.pdf,2026-04-22 16:49:38
RUA,R12,9,Jobe Stewart,9,249,false,top_speed,NaN,E:\2026\99_seasonTiming\04_RUA\top_speed\Race 12.pdf,2026-04-22 16:49:38
RUA,R12,9,Jobe Stewart,10,251,false,top_speed,NaN,E:\2026\99_seasonTiming\04_RUA\top_speed\Race 12.pdf,2026-04-22 16:49:38
RUA,R12,9,Jobe Stewart,11,250,false,top_speed,NaN,E:\2026\99_seasonTiming\04_RUA\top_speed\Race 12.pdf,2026-04-22 16:49:38
RUA,R12,9,Jobe Stewart,12,248,false,top_speed,NaN,E:\2026\99_seasonTiming\04_RUA\top_speed\Race 12.pdf,2026-04-22 16:49:38
RUA,R12,9,Jobe Stewart,13,250,false,top_speed,NaN,E:\2026\99_seasonTiming\04_RUA\top_speed\Race 12.pdf,2026-04-22 16:49:38
RUA,R12,9,Jobe Stewart,14,250,false,top_speed,NaN,E:\2026\99_seasonTiming\04_RUA\top_speed\Race 12.pdf,2026-04-22 16:49:38
RUA,R12,9,Jobe Stewart,15,249,false,top_speed,NaN,E:\2026\99_seasonTiming\04_RUA\top_speed\Race 12.pdf,2026-04-22 16:49:38
RUA,R12,9,Jobe Stewart,16,250,false,top_speed,NaN,E:\2026\99_seasonTiming\04_RUA\top_speed\Race 12.pdf,2026-04-22 16:49:38
RUA,R12,9,Jobe Stewart,17,249,false,top_speed,NaN,E:\2026\99_seasonTiming\04_RUA\top_speed\Race 12.pdf,2026-04-22 16:49:38
RUA,R12,9,Jobe Stewart,18,189,false,top_speed,NaN,E:\2026\99_seasonTiming\04_RUA\top_speed\Race 12.pdf,2026-04-22 16:49:38
RUA,R12,9,Jobe Stewart,19,247,false,top_speed,NaN,E:\2026\99_seasonTiming\04_RUA\top_speed\Race 12.pdf,2026-04-22 16:49:38
RUA,R12,9,Jobe Stewart,20,247,false,top_speed,NaN,E:\2026\99_seasonTiming\04_RUA\top_speed\Race 12.pdf,2026-04-22 16:49:38
RUA,R12,9,Jobe Stewart,21,247,false,top_speed,NaN,E:\2026\99_seasonTiming\04_RUA\top_speed\Race 12.pdf,2026-04-22 16:49:38
RUA,R12,9,Jobe Stewart,22,249,false,top_speed,NaN,E:\2026\99_seasonTiming\04_RUA\top_speed\Race 12.pdf,2026-04-22 16:49:38
RUA,R12,9,Jobe Stewart,23,251,false,top_speed,NaN,E:\2026\99_seasonTiming\04_RUA\top_speed\Race 12.pdf,2026-04-22 16:49:38
RUA,R12,9,Jobe Stewart,24,249,false,top_speed,NaN,E:\2026\99_seasonTiming\04_RUA\top_speed\Race 12.pdf,2026-04-22 16:49:38
RUA,R12,9,Jobe Stewart,25,248,false,top_speed,NaN,E:\2026\99_seasonTiming\04_RUA\top_speed\Race 12.pdf,2026-04-22 16:49:38
RUA,R12,9,Jobe Stewart,26,251,false,top_speed,NaN,E:\2026\99_seasonTiming\04_RUA\top_speed\Race 12.pdf,2026-04-22 16:49:38
RUA,R12,9,Jobe Stewart,27,250,false,top_speed,NaN,E:\2026\99_seasonTiming\04_RUA\top_speed\Race 12.pdf,2026-04-22 16:49:38
RUA,R12,9,Jobe Stewart,28,250,false,top_speed,NaN,E:\2026\99_seasonTiming\04_RUA\top_speed\Race 12.pdf,2026-04-22 16:49:38
RUA,R12,9,Jobe Stewart,29,245,false,top_speed,NaN,E:\2026\99_seasonTiming\04_RUA\top_speed\Race 12.pdf,2026-04-22 16:49:38
RUA,R12,9,Jobe Stewart,30,250,false,top_speed,NaN,E:\2026\99_seasonTiming\04_RUA\top_speed\Race 12.pdf,2026-04-22 16:49:38
RUA,R12,9,Jobe Stewart,31,250,false,top_speed,NaN,E:\2026\99_seasonTiming\04_RUA\top_speed\Race 12.pdf,2026-04-22 16:49:38
RUA,R12,9,Jobe Stewart,32,246,false,top_speed,NaN,E:\2026\99_seasonTiming\04_RUA\top_speed\Race 12.pdf,2026-04-22 16:49:38
RUA,R12,9,Jobe Stewart,33,248,false,top_speed,NaN,E:\2026\99_seasonTiming\04_RUA\top_speed\Race 12.pdf,2026-04-22 16:49:38
RUA,R12,9,Jobe Stewart,34,249,false,top_speed,NaN,E:\2026\99_seasonTiming\04_RUA\top_speed\Race 12.pdf,2026-04-22 16:49:38
RUA,R12,9,Jobe Stewart,35,249,false,top_speed,NaN,E:\2026\99_seasonTiming\04_RUA\top_speed\Race 12.pdf,2026-04-22 16:49:38
RUA,R12,9,Jobe Stewart,36,250,false,top_speed,NaN,E:\2026\99_seasonTiming\04_RUA\top_speed\Race 12.pdf,2026-04-22 16:49:38
RUA,R12,9,Jobe Stewart,37,249,false,top_speed,NaN,E:\2026\99_seasonTiming\04_RUA\top_speed\Race 12.pdf,2026-04-22 16:49:38
RUA,R12,10,Zach Bates,1,183,false,top_speed,NaN,E:\2026\99_seasonTiming\04_RUA\top_speed\Race 12.pdf,2026-04-22 16:49:38
RUA,R12,10,Zach Bates,2,234,false,top_speed,NaN,E:\2026\99_seasonTiming\04_RUA\top_speed\Race 12.pdf,2026-04-22 16:49:38
RUA,R12,10,Zach Bates,3,250,false,top_speed,NaN,E:\2026\99_seasonTiming\04_RUA\top_speed\Race 12.pdf,2026-04-22 16:49:38
RUA,R12,10,Zach Bates,4,248,false,top_speed,NaN,E:\2026\99_seasonTiming\04_RUA\top_speed\Race 12.pdf,2026-04-22 16:49:38
RUA,R12,10,Zach Bates,5,251,false,top_speed,NaN,E:\2026\99_seasonTiming\04_RUA\top_speed\Race 12.pdf,2026-04-22 16:49:38
RUA,R12,10,Zach Bates,6,250,false,top_speed,NaN,E:\2026\99_seasonTiming\04_RUA\top_speed\Race 12.pdf,2026-04-22 16:49:38
RUA,R12,10,Zach Bates,7,250,false,top_speed,NaN,E:\2026\99_seasonTiming\04_RUA\top_speed\Race 12.pdf,2026-04-22 16:49:38
RUA,R12,10,Zach Bates,8,249,false,top_speed,NaN,E:\2026\99_seasonTiming\04_RUA\top_speed\Race 12.pdf,2026-04-22 16:49:38
RUA,R12,10,Zach Bates,9,249,false,top_speed,NaN,E:\2026\99_seasonTiming\04_RUA\top_speed\Race 12.pdf,2026-04-22 16:49:38
RUA,R12,10,Zach Bates,10,247,false,top_speed,NaN,E:\2026\99_seasonTiming\04_RUA\top_speed\Race 12.pdf,2026-04-22 16:49:38
RUA,R12,10,Zach Bates,11,249,false,top_speed,NaN,E:\2026\99_seasonTiming\04_RUA\top_speed\Race 12.pdf,2026-04-22 16:49:38
RUA,R12,10,Zach Bates,12,250,false,top_speed,NaN,E:\2026\99_seasonTiming\04_RUA\top_speed\Race 12.pdf,2026-04-22 16:49:38
RUA,R12,10,Zach Bates,13,250,false,top_speed,NaN,E:\2026\99_seasonTiming\04_RUA\top_speed\Race 12.pdf,2026-04-22 16:49:38
RUA,R12,10,Zach Bates,14,252,false,top_speed,NaN,E:\2026\99_seasonTiming\04_RUA\top_speed\Race 12.pdf,2026-04-22 16:49:38
RUA,R12,10,Zach Bates,15,252,false,top_speed,NaN,E:\2026\99_seasonTiming\04_RUA\top_speed\Race 12.pdf,2026-04-22 16:49:38
RUA,R12,10,Zach Bates,16,253,false,top_speed,NaN,E:\2026\99_seasonTiming\04_RUA\top_speed\Race 12.pdf,2026-04-22 16:49:38
RUA,R12,10,Zach Bates,17,252,false,top_speed,NaN,E:\2026\99_seasonTiming\04_RUA\top_speed\Race 12.pdf,2026-04-22 16:49:38
RUA,R12,10,Zach Bates,18,253,false,top_speed,NaN,E:\2026\99_seasonTiming\04_RUA\top_speed\Race 12.pdf,2026-04-22 16:49:38
RUA,R12,10,Zach Bates,19,253,false,top_speed,NaN,E:\2026\99_seasonTiming\04_RUA\top_speed\Race 12.pdf,2026-04-22 16:49:38
RUA,R12,10,Zach Bates,20,253,false,top_speed,NaN,E:\2026\99_seasonTiming\04_RUA\top_speed\Race 12.pdf,2026-04-22 16:49:38
RUA,R12,10,Zach Bates,21,192,false,top_speed,NaN,E:\2026\99_seasonTiming\04_RUA\top_speed\Race 12.pdf,2026-04-22 16:49:38
RUA,R12,10,Zach Bates,22,250,false,top_speed,NaN,E:\2026\99_seasonTiming\04_RUA\top_speed\Race 12.pdf,2026-04-22 16:49:38
RUA,R12,10,Zach Bates,23,250,false,top_speed,NaN,E:\2026\99_seasonTiming\04_RUA\top_speed\Race 12.pdf,2026-04-22 16:49:38
RUA,R12,10,Zach Bates,24,251,false,top_speed,NaN,E:\2026\99_seasonTiming\04_RUA\top_speed\Race 12.pdf,2026-04-22 16:49:38
RUA,R12,10,Zach Bates,25,250,false,top_speed,NaN,E:\2026\99_seasonTiming\04_RUA\top_speed\Race 12.pdf,2026-04-22 16:49:38
RUA,R12,10,Zach Bates,26,251,false,top_speed,NaN,E:\2026\99_seasonTiming\04_RUA\top_speed\Race 12.pdf,2026-04-22 16:49:38
RUA,R12,10,Zach Bates,27,250,false,top_speed,NaN,E:\2026\99_seasonTiming\04_RUA\top_speed\Race 12.pdf,2026-04-22 16:49:38
RUA,R12,10,Zach Bates,28,249,false,top_speed,NaN,E:\2026\99_seasonTiming\04_RUA\top_speed\Race 12.pdf,2026-04-22 16:49:38
RUA,R12,10,Zach Bates,29,249,false,top_speed,NaN,E:\2026\99_seasonTiming\04_RUA\top_speed\Race 12.pdf,2026-04-22 16:49:38
RUA,R12,10,Zach Bates,30,251,false,top_speed,NaN,E:\2026\99_seasonTiming\04_RUA\top_speed\Race 12.pdf,2026-04-22 16:49:38
RUA,R12,10,Zach Bates,31,251,false,top_speed,NaN,E:\2026\99_seasonTiming\04_RUA\top_speed\Race 12.pdf,2026-04-22 16:49:38
RUA,R12,10,Zach Bates,32,250,false,top_speed,NaN,E:\2026\99_seasonTiming\04_RUA\top_speed\Race 12.pdf,2026-04-22 16:49:38
RUA,R12,10,Zach Bates,33,247,false,top_speed,NaN,E:\2026\99_seasonTiming\04_RUA\top_speed\Race 12.pdf,2026-04-22 16:49:38
RUA,R12,10,Zach Bates,34,248,false,top_speed,NaN,E:\2026\99_seasonTiming\04_RUA\top_speed\Race 12.pdf,2026-04-22 16:49:38
RUA,R12,10,Zach Bates,35,251,false,top_speed,NaN,E:\2026\99_seasonTiming\04_RUA\top_speed\Race 12.pdf,2026-04-22 16:49:38
RUA,R12,10,Zach Bates,36,245,false,top_speed,NaN,E:\2026\99_seasonTiming\04_RUA\top_speed\Race 12.pdf,2026-04-22 16:49:38
RUA,R12,10,Zach Bates,37,250,false,top_speed,NaN,E:\2026\99_seasonTiming\04_RUA\top_speed\Race 12.pdf,2026-04-22 16:49:38
RUA,R12,11,Jackson Walls,1,215,false,top_speed,NaN,E:\2026\99_seasonTiming\04_RUA\top_speed\Race 12.pdf,2026-04-22 16:49:38
RUA,R12,11,Jackson Walls,2,237,false,top_speed,NaN,E:\2026\99_seasonTiming\04_RUA\top_speed\Race 12.pdf,2026-04-22 16:49:38
RUA,R12,11,Jackson Walls,3,250,false,top_speed,NaN,E:\2026\99_seasonTiming\04_RUA\top_speed\Race 12.pdf,2026-04-22 16:49:38
RUA,R12,11,Jackson Walls,4,248,false,top_speed,NaN,E:\2026\99_seasonTiming\04_RUA\top_speed\Race 12.pdf,2026-04-22 16:49:38
RUA,R12,11,Jackson Walls,5,249,false,top_speed,NaN,E:\2026\99_seasonTiming\04_RUA\top_speed\Race 12.pdf,2026-04-22 16:49:38
RUA,R12,11,Jackson Walls,6,249,false,top_speed,NaN,E:\2026\99_seasonTiming\04_RUA\top_speed\Race 12.pdf,2026-04-22 16:49:38
RUA,R12,11,Jackson Walls,7,250,false,top_speed,NaN,E:\2026\99_seasonTiming\04_RUA\top_speed\Race 12.pdf,2026-04-22 16:49:38
RUA,R12,11,Jackson Walls,8,249,false,top_speed,NaN,E:\2026\99_seasonTiming\04_RUA\top_speed\Race 12.pdf,2026-04-22 16:49:38
RUA,R12,11,Jackson Walls,9,248,false,top_speed,NaN,E:\2026\99_seasonTiming\04_RUA\top_speed\Race 12.pdf,2026-04-22 16:49:38
RUA,R12,11,Jackson Walls,10,249,false,top_speed,NaN,E:\2026\99_seasonTiming\04_RUA\top_speed\Race 12.pdf,2026-04-22 16:49:38
RUA,R12,11,Jackson Walls,11,250,false,top_speed,NaN,E:\2026\99_seasonTiming\04_RUA\top_speed\Race 12.pdf,2026-04-22 16:49:38
RUA,R12,11,Jackson Walls,12,249,false,top_speed,NaN,E:\2026\99_seasonTiming\04_RUA\top_speed\Race 12.pdf,2026-04-22 16:49:38
RUA,R12,11,Jackson Walls,13,248,false,top_speed,NaN,E:\2026\99_seasonTiming\04_RUA\top_speed\Race 12.pdf,2026-04-22 16:49:38
RUA,R12,11,Jackson Walls,14,248,false,top_speed,NaN,E:\2026\99_seasonTiming\04_RUA\top_speed\Race 12.pdf,2026-04-22 16:49:38
RUA,R12,11,Jackson Walls,15,248,false,top_speed,NaN,E:\2026\99_seasonTiming\04_RUA\top_speed\Race 12.pdf,2026-04-22 16:49:38
RUA,R12,11,Jackson Walls,16,248,false,top_speed,NaN,E:\2026\99_seasonTiming\04_RUA\top_speed\Race 12.pdf,2026-04-22 16:49:38
RUA,R12,11,Jackson Walls,17,190,false,top_speed,NaN,E:\2026\99_seasonTiming\04_RUA\top_speed\Race 12.pdf,2026-04-22 16:49:38
RUA,R12,11,Jackson Walls,18,247,false,top_speed,NaN,E:\2026\99_seasonTiming\04_RUA\top_speed\Race 12.pdf,2026-04-22 16:49:38
RUA,R12,11,Jackson Walls,19,248,false,top_speed,NaN,E:\2026\99_seasonTiming\04_RUA\top_speed\Race 12.pdf,2026-04-22 16:49:38
RUA,R12,11,Jackson Walls,20,247,false,top_speed,NaN,E:\2026\99_seasonTiming\04_RUA\top_speed\Race 12.pdf,2026-04-22 16:49:38
RUA,R12,11,Jackson Walls,21,244,false,top_speed,NaN,E:\2026\99_seasonTiming\04_RUA\top_speed\Race 12.pdf,2026-04-22 16:49:38
RUA,R12,11,Jackson Walls,22,249,false,top_speed,NaN,E:\2026\99_seasonTiming\04_RUA\top_speed\Race 12.pdf,2026-04-22 16:49:38
RUA,R12,11,Jackson Walls,23,249,false,top_speed,NaN,E:\2026\99_seasonTiming\04_RUA\top_speed\Race 12.pdf,2026-04-22 16:49:38
RUA,R12,11,Jackson Walls,24,249,false,top_speed,NaN,E:\2026\99_seasonTiming\04_RUA\top_speed\Race 12.pdf,2026-04-22 16:49:38
RUA,R12,11,Jackson Walls,25,248,false,top_speed,NaN,E:\2026\99_seasonTiming\04_RUA\top_speed\Race 12.pdf,2026-04-22 16:49:38
RUA,R12,11,Jackson Walls,26,248,false,top_speed,NaN,E:\2026\99_seasonTiming\04_RUA\top_speed\Race 12.pdf,2026-04-22 16:49:38
RUA,R12,11,Jackson Walls,27,250,false,top_speed,NaN,E:\2026\99_seasonTiming\04_RUA\top_speed\Race 12.pdf,2026-04-22 16:49:38
RUA,R12,11,Jackson Walls,28,249,false,top_speed,NaN,E:\2026\99_seasonTiming\04_RUA\top_speed\Race 12.pdf,2026-04-22 16:49:38
RUA,R12,11,Jackson Walls,29,246,false,top_speed,NaN,E:\2026\99_seasonTiming\04_RUA\top_speed\Race 12.pdf,2026-04-22 16:49:38
RUA,R12,11,Jackson Walls,30,248,false,top_speed,NaN,E:\2026\99_seasonTiming\04_RUA\top_speed\Race 12.pdf,2026-04-22 16:49:38
RUA,R12,11,Jackson Walls,31,249,false,top_speed,NaN,E:\2026\99_seasonTiming\04_RUA\top_speed\Race 12.pdf,2026-04-22 16:49:38
RUA,R12,11,Jackson Walls,32,247,false,top_speed,NaN,E:\2026\99_seasonTiming\04_RUA\top_speed\Race 12.pdf,2026-04-22 16:49:38
RUA,R12,11,Jackson Walls,33,224,false,top_speed,NaN,E:\2026\99_seasonTiming\04_RUA\top_speed\Race 12.pdf,2026-04-22 16:49:38
RUA,R12,11,Jackson Walls,34,245,false,top_speed,NaN,E:\2026\99_seasonTiming\04_RUA\top_speed\Race 12.pdf,2026-04-22 16:49:38
RUA,R12,11,Jackson Walls,35,245,false,top_speed,NaN,E:\2026\99_seasonTiming\04_RUA\top_speed\Race 12.pdf,2026-04-22 16:49:38
RUA,R12,11,Jackson Walls,36,248,false,top_speed,NaN,E:\2026\99_seasonTiming\04_RUA\top_speed\Race 12.pdf,2026-04-22 16:49:38
RUA,R12,11,Jackson Walls,37,246,false,top_speed,NaN,E:\2026\99_seasonTiming\04_RUA\top_speed\Race 12.pdf,2026-04-22 16:49:38
RUA,R12,14,Cameron Hill,1,186,false,top_speed,NaN,E:\2026\99_seasonTiming\04_RUA\top_speed\Race 12.pdf,2026-04-22 16:49:38
RUA,R12,14,Cameron Hill,2,245,false,top_speed,NaN,E:\2026\99_seasonTiming\04_RUA\top_speed\Race 12.pdf,2026-04-22 16:49:38
RUA,R12,14,Cameron Hill,3,250,false,top_speed,NaN,E:\2026\99_seasonTiming\04_RUA\top_speed\Race 12.pdf,2026-04-22 16:49:38
RUA,R12,14,Cameron Hill,4,251,false,top_speed,NaN,E:\2026\99_seasonTiming\04_RUA\top_speed\Race 12.pdf,2026-04-22 16:49:38
RUA,R12,14,Cameron Hill,5,250,false,top_speed,NaN,E:\2026\99_seasonTiming\04_RUA\top_speed\Race 12.pdf,2026-04-22 16:49:38
RUA,R12,14,Cameron Hill,6,251,false,top_speed,NaN,E:\2026\99_seasonTiming\04_RUA\top_speed\Race 12.pdf,2026-04-22 16:49:38
RUA,R12,14,Cameron Hill,7,251,false,top_speed,NaN,E:\2026\99_seasonTiming\04_RUA\top_speed\Race 12.pdf,2026-04-22 16:49:38
RUA,R12,14,Cameron Hill,8,249,false,top_speed,NaN,E:\2026\99_seasonTiming\04_RUA\top_speed\Race 12.pdf,2026-04-22 16:49:38
RUA,R12,14,Cameron Hill,9,250,false,top_speed,NaN,E:\2026\99_seasonTiming\04_RUA\top_speed\Race 12.pdf,2026-04-22 16:49:38
RUA,R12,14,Cameron Hill,10,251,false,top_speed,NaN,E:\2026\99_seasonTiming\04_RUA\top_speed\Race 12.pdf,2026-04-22 16:49:38
RUA,R12,14,Cameron Hill,11,251,false,top_speed,NaN,E:\2026\99_seasonTiming\04_RUA\top_speed\Race 12.pdf,2026-04-22 16:49:38
RUA,R12,14,Cameron Hill,12,251,false,top_speed,NaN,E:\2026\99_seasonTiming\04_RUA\top_speed\Race 12.pdf,2026-04-22 16:49:38
RUA,R12,14,Cameron Hill,13,191,false,top_speed,NaN,E:\2026\99_seasonTiming\04_RUA\top_speed\Race 12.pdf,2026-04-22 16:49:38
RUA,R12,14,Cameron Hill,14,249,false,top_speed,NaN,E:\2026\99_seasonTiming\04_RUA\top_speed\Race 12.pdf,2026-04-22 16:49:38
RUA,R12,14,Cameron Hill,15,249,false,top_speed,NaN,E:\2026\99_seasonTiming\04_RUA\top_speed\Race 12.pdf,2026-04-22 16:49:38
RUA,R12,14,Cameron Hill,16,249,false,top_speed,NaN,E:\2026\99_seasonTiming\04_RUA\top_speed\Race 12.pdf,2026-04-22 16:49:38
RUA,R12,14,Cameron Hill,17,250,false,top_speed,NaN,E:\2026\99_seasonTiming\04_RUA\top_speed\Race 12.pdf,2026-04-22 16:49:38
RUA,R12,14,Cameron Hill,18,250,false,top_speed,NaN,E:\2026\99_seasonTiming\04_RUA\top_speed\Race 12.pdf,2026-04-22 16:49:38
RUA,R12,14,Cameron Hill,19,250,false,top_speed,NaN,E:\2026\99_seasonTiming\04_RUA\top_speed\Race 12.pdf,2026-04-22 16:49:38
RUA,R12,14,Cameron Hill,20,250,false,top_speed,NaN,E:\2026\99_seasonTiming\04_RUA\top_speed\Race 12.pdf,2026-04-22 16:49:38
RUA,R12,14,Cameron Hill,21,250,false,top_speed,NaN,E:\2026\99_seasonTiming\04_RUA\top_speed\Race 12.pdf,2026-04-22 16:49:38
RUA,R12,14,Cameron Hill,22,251,false,top_speed,NaN,E:\2026\99_seasonTiming\04_RUA\top_speed\Race 12.pdf,2026-04-22 16:49:38
RUA,R12,14,Cameron Hill,23,251,false,top_speed,NaN,E:\2026\99_seasonTiming\04_RUA\top_speed\Race 12.pdf,2026-04-22 16:49:38
RUA,R12,14,Cameron Hill,24,251,false,top_speed,NaN,E:\2026\99_seasonTiming\04_RUA\top_speed\Race 12.pdf,2026-04-22 16:49:38
RUA,R12,14,Cameron Hill,25,251,false,top_speed,NaN,E:\2026\99_seasonTiming\04_RUA\top_speed\Race 12.pdf,2026-04-22 16:49:38
RUA,R12,14,Cameron Hill,26,250,false,top_speed,NaN,E:\2026\99_seasonTiming\04_RUA\top_speed\Race 12.pdf,2026-04-22 16:49:38
RUA,R12,14,Cameron Hill,27,248,false,top_speed,NaN,E:\2026\99_seasonTiming\04_RUA\top_speed\Race 12.pdf,2026-04-22 16:49:38
RUA,R12,14,Cameron Hill,28,250,false,top_speed,NaN,E:\2026\99_seasonTiming\04_RUA\top_speed\Race 12.pdf,2026-04-22 16:49:38
RUA,R12,14,Cameron Hill,29,250,false,top_speed,NaN,E:\2026\99_seasonTiming\04_RUA\top_speed\Race 12.pdf,2026-04-22 16:49:38
RUA,R12,14,Cameron Hill,30,251,false,top_speed,NaN,E:\2026\99_seasonTiming\04_RUA\top_speed\Race 12.pdf,2026-04-22 16:49:38
RUA,R12,14,Cameron Hill,31,250,false,top_speed,NaN,E:\2026\99_seasonTiming\04_RUA\top_speed\Race 12.pdf,2026-04-22 16:49:38
RUA,R12,14,Cameron Hill,32,247,false,top_speed,NaN,E:\2026\99_seasonTiming\04_RUA\top_speed\Race 12.pdf,2026-04-22 16:49:38
RUA,R12,14,Cameron Hill,33,226,false,top_speed,NaN,E:\2026\99_seasonTiming\04_RUA\top_speed\Race 12.pdf,2026-04-22 16:49:38
RUA,R12,14,Cameron Hill,34,248,false,top_speed,NaN,E:\2026\99_seasonTiming\04_RUA\top_speed\Race 12.pdf,2026-04-22 16:49:38
RUA,R12,14,Cameron Hill,35,248,false,top_speed,NaN,E:\2026\99_seasonTiming\04_RUA\top_speed\Race 12.pdf,2026-04-22 16:49:38
RUA,R12,14,Cameron Hill,36,248,false,top_speed,NaN,E:\2026\99_seasonTiming\04_RUA\top_speed\Race 12.pdf,2026-04-22 16:49:38
RUA,R12,14,Cameron Hill,37,246,false,top_speed,NaN,E:\2026\99_seasonTiming\04_RUA\top_speed\Race 12.pdf,2026-04-22 16:49:38
RUA,R12,17,Brodie Kostecki,1,203,false,top_speed,NaN,E:\2026\99_seasonTiming\04_RUA\top_speed\Race 12.pdf,2026-04-22 16:49:38
RUA,R12,17,Brodie Kostecki,2,250,false,top_speed,NaN,E:\2026\99_seasonTiming\04_RUA\top_speed\Race 12.pdf,2026-04-22 16:49:38
RUA,R12,17,Brodie Kostecki,3,249,false,top_speed,NaN,E:\2026\99_seasonTiming\04_RUA\top_speed\Race 12.pdf,2026-04-22 16:49:38
RUA,R12,17,Brodie Kostecki,4,250,false,top_speed,NaN,E:\2026\99_seasonTiming\04_RUA\top_speed\Race 12.pdf,2026-04-22 16:49:38
RUA,R12,17,Brodie Kostecki,5,250,false,top_speed,NaN,E:\2026\99_seasonTiming\04_RUA\top_speed\Race 12.pdf,2026-04-22 16:49:38
RUA,R12,17,Brodie Kostecki,6,251,false,top_speed,NaN,E:\2026\99_seasonTiming\04_RUA\top_speed\Race 12.pdf,2026-04-22 16:49:38
RUA,R12,17,Brodie Kostecki,7,251,false,top_speed,NaN,E:\2026\99_seasonTiming\04_RUA\top_speed\Race 12.pdf,2026-04-22 16:49:38
RUA,R12,17,Brodie Kostecki,8,250,false,top_speed,NaN,E:\2026\99_seasonTiming\04_RUA\top_speed\Race 12.pdf,2026-04-22 16:49:38
RUA,R12,17,Brodie Kostecki,9,250,false,top_speed,NaN,E:\2026\99_seasonTiming\04_RUA\top_speed\Race 12.pdf,2026-04-22 16:49:38
RUA,R12,17,Brodie Kostecki,10,250,false,top_speed,NaN,E:\2026\99_seasonTiming\04_RUA\top_speed\Race 12.pdf,2026-04-22 16:49:38
RUA,R12,17,Brodie Kostecki,11,250,false,top_speed,NaN,E:\2026\99_seasonTiming\04_RUA\top_speed\Race 12.pdf,2026-04-22 16:49:38
RUA,R12,17,Brodie Kostecki,12,249,false,top_speed,NaN,E:\2026\99_seasonTiming\04_RUA\top_speed\Race 12.pdf,2026-04-22 16:49:38
RUA,R12,17,Brodie Kostecki,13,251,false,top_speed,NaN,E:\2026\99_seasonTiming\04_RUA\top_speed\Race 12.pdf,2026-04-22 16:49:38
RUA,R12,17,Brodie Kostecki,14,194,false,top_speed,NaN,E:\2026\99_seasonTiming\04_RUA\top_speed\Race 12.pdf,2026-04-22 16:49:38
RUA,R12,17,Brodie Kostecki,15,251,false,top_speed,NaN,E:\2026\99_seasonTiming\04_RUA\top_speed\Race 12.pdf,2026-04-22 16:49:38
RUA,R12,17,Brodie Kostecki,16,250,false,top_speed,NaN,E:\2026\99_seasonTiming\04_RUA\top_speed\Race 12.pdf,2026-04-22 16:49:38
RUA,R12,17,Brodie Kostecki,17,251,false,top_speed,NaN,E:\2026\99_seasonTiming\04_RUA\top_speed\Race 12.pdf,2026-04-22 16:49:38
RUA,R12,17,Brodie Kostecki,18,252,false,top_speed,NaN,E:\2026\99_seasonTiming\04_RUA\top_speed\Race 12.pdf,2026-04-22 16:49:38
RUA,R12,17,Brodie Kostecki,19,252,false,top_speed,NaN,E:\2026\99_seasonTiming\04_RUA\top_speed\Race 12.pdf,2026-04-22 16:49:38
RUA,R12,17,Brodie Kostecki,20,253,false,top_speed,NaN,E:\2026\99_seasonTiming\04_RUA\top_speed\Race 12.pdf,2026-04-22 16:49:38
RUA,R12,17,Brodie Kostecki,21,252,false,top_speed,NaN,E:\2026\99_seasonTiming\04_RUA\top_speed\Race 12.pdf,2026-04-22 16:49:38
RUA,R12,17,Brodie Kostecki,22,251,false,top_speed,NaN,E:\2026\99_seasonTiming\04_RUA\top_speed\Race 12.pdf,2026-04-22 16:49:38
RUA,R12,17,Brodie Kostecki,23,252,false,top_speed,NaN,E:\2026\99_seasonTiming\04_RUA\top_speed\Race 12.pdf,2026-04-22 16:49:38
RUA,R12,17,Brodie Kostecki,24,253,false,top_speed,NaN,E:\2026\99_seasonTiming\04_RUA\top_speed\Race 12.pdf,2026-04-22 16:49:38
RUA,R12,17,Brodie Kostecki,25,253,false,top_speed,NaN,E:\2026\99_seasonTiming\04_RUA\top_speed\Race 12.pdf,2026-04-22 16:49:38
RUA,R12,17,Brodie Kostecki,26,230,false,top_speed,NaN,E:\2026\99_seasonTiming\04_RUA\top_speed\Race 12.pdf,2026-04-22 16:49:38
RUA,R12,17,Brodie Kostecki,27,250,false,top_speed,NaN,E:\2026\99_seasonTiming\04_RUA\top_speed\Race 12.pdf,2026-04-22 16:49:38
RUA,R12,17,Brodie Kostecki,28,248,false,top_speed,NaN,E:\2026\99_seasonTiming\04_RUA\top_speed\Race 12.pdf,2026-04-22 16:49:38
RUA,R12,17,Brodie Kostecki,29,249,false,top_speed,NaN,E:\2026\99_seasonTiming\04_RUA\top_speed\Race 12.pdf,2026-04-22 16:49:38
RUA,R12,17,Brodie Kostecki,30,250,false,top_speed,NaN,E:\2026\99_seasonTiming\04_RUA\top_speed\Race 12.pdf,2026-04-22 16:49:38
RUA,R12,17,Brodie Kostecki,31,250,false,top_speed,NaN,E:\2026\99_seasonTiming\04_RUA\top_speed\Race 12.pdf,2026-04-22 16:49:38
RUA,R12,17,Brodie Kostecki,32,249,false,top_speed,NaN,E:\2026\99_seasonTiming\04_RUA\top_speed\Race 12.pdf,2026-04-22 16:49:38
RUA,R12,17,Brodie Kostecki,33,249,false,top_speed,NaN,E:\2026\99_seasonTiming\04_RUA\top_speed\Race 12.pdf,2026-04-22 16:49:38
RUA,R12,17,Brodie Kostecki,34,248,false,top_speed,NaN,E:\2026\99_seasonTiming\04_RUA\top_speed\Race 12.pdf,2026-04-22 16:49:38
RUA,R12,17,Brodie Kostecki,35,247,false,top_speed,NaN,E:\2026\99_seasonTiming\04_RUA\top_speed\Race 12.pdf,2026-04-22 16:49:38
RUA,R12,17,Brodie Kostecki,36,247,false,top_speed,NaN,E:\2026\99_seasonTiming\04_RUA\top_speed\Race 12.pdf,2026-04-22 16:49:38
RUA,R12,17,Brodie Kostecki,37,242,false,top_speed,NaN,E:\2026\99_seasonTiming\04_RUA\top_speed\Race 12.pdf,2026-04-22 16:49:38
RUA,R12,18,Anton De Pasquale,1,198,false,top_speed,NaN,E:\2026\99_seasonTiming\04_RUA\top_speed\Race 12.pdf,2026-04-22 16:49:38
RUA,R12,18,Anton De Pasquale,2,251,false,top_speed,NaN,E:\2026\99_seasonTiming\04_RUA\top_speed\Race 12.pdf,2026-04-22 16:49:38
RUA,R12,18,Anton De Pasquale,3,251,false,top_speed,NaN,E:\2026\99_seasonTiming\04_RUA\top_speed\Race 12.pdf,2026-04-22 16:49:38
RUA,R12,18,Anton De Pasquale,4,250,false,top_speed,NaN,E:\2026\99_seasonTiming\04_RUA\top_speed\Race 12.pdf,2026-04-22 16:49:38
RUA,R12,18,Anton De Pasquale,5,251,false,top_speed,NaN,E:\2026\99_seasonTiming\04_RUA\top_speed\Race 12.pdf,2026-04-22 16:49:38
RUA,R12,18,Anton De Pasquale,6,251,false,top_speed,NaN,E:\2026\99_seasonTiming\04_RUA\top_speed\Race 12.pdf,2026-04-22 16:49:38
RUA,R12,18,Anton De Pasquale,7,251,false,top_speed,NaN,E:\2026\99_seasonTiming\04_RUA\top_speed\Race 12.pdf,2026-04-22 16:49:38
RUA,R12,18,Anton De Pasquale,8,249,false,top_speed,NaN,E:\2026\99_seasonTiming\04_RUA\top_speed\Race 12.pdf,2026-04-22 16:49:38
RUA,R12,18,Anton De Pasquale,9,251,false,top_speed,NaN,E:\2026\99_seasonTiming\04_RUA\top_speed\Race 12.pdf,2026-04-22 16:49:38
RUA,R12,18,Anton De Pasquale,10,251,false,top_speed,NaN,E:\2026\99_seasonTiming\04_RUA\top_speed\Race 12.pdf,2026-04-22 16:49:38
RUA,R12,18,Anton De Pasquale,11,251,false,top_speed,NaN,E:\2026\99_seasonTiming\04_RUA\top_speed\Race 12.pdf,2026-04-22 16:49:38
RUA,R12,18,Anton De Pasquale,12,250,false,top_speed,NaN,E:\2026\99_seasonTiming\04_RUA\top_speed\Race 12.pdf,2026-04-22 16:49:38
RUA,R12,18,Anton De Pasquale,13,193,false,top_speed,NaN,E:\2026\99_seasonTiming\04_RUA\top_speed\Race 12.pdf,2026-04-22 16:49:38
RUA,R12,18,Anton De Pasquale,14,250,false,top_speed,NaN,E:\2026\99_seasonTiming\04_RUA\top_speed\Race 12.pdf,2026-04-22 16:49:38
RUA,R12,18,Anton De Pasquale,15,251,false,top_speed,NaN,E:\2026\99_seasonTiming\04_RUA\top_speed\Race 12.pdf,2026-04-22 16:49:38
RUA,R12,18,Anton De Pasquale,16,251,false,top_speed,NaN,E:\2026\99_seasonTiming\04_RUA\top_speed\Race 12.pdf,2026-04-22 16:49:38
RUA,R12,18,Anton De Pasquale,17,251,false,top_speed,NaN,E:\2026\99_seasonTiming\04_RUA\top_speed\Race 12.pdf,2026-04-22 16:49:38
RUA,R12,18,Anton De Pasquale,18,252,false,top_speed,NaN,E:\2026\99_seasonTiming\04_RUA\top_speed\Race 12.pdf,2026-04-22 16:49:38
RUA,R12,18,Anton De Pasquale,19,252,false,top_speed,NaN,E:\2026\99_seasonTiming\04_RUA\top_speed\Race 12.pdf,2026-04-22 16:49:38
RUA,R12,18,Anton De Pasquale,20,252,false,top_speed,NaN,E:\2026\99_seasonTiming\04_RUA\top_speed\Race 12.pdf,2026-04-22 16:49:38
RUA,R12,18,Anton De Pasquale,21,251,false,top_speed,NaN,E:\2026\99_seasonTiming\04_RUA\top_speed\Race 12.pdf,2026-04-22 16:49:38
RUA,R12,18,Anton De Pasquale,22,251,false,top_speed,NaN,E:\2026\99_seasonTiming\04_RUA\top_speed\Race 12.pdf,2026-04-22 16:49:38
RUA,R12,18,Anton De Pasquale,23,251,false,top_speed,NaN,E:\2026\99_seasonTiming\04_RUA\top_speed\Race 12.pdf,2026-04-22 16:49:38
RUA,R12,18,Anton De Pasquale,24,251,false,top_speed,NaN,E:\2026\99_seasonTiming\04_RUA\top_speed\Race 12.pdf,2026-04-22 16:49:38
RUA,R12,18,Anton De Pasquale,25,251,false,top_speed,NaN,E:\2026\99_seasonTiming\04_RUA\top_speed\Race 12.pdf,2026-04-22 16:49:38
RUA,R12,18,Anton De Pasquale,26,252,false,top_speed,NaN,E:\2026\99_seasonTiming\04_RUA\top_speed\Race 12.pdf,2026-04-22 16:49:38
RUA,R12,18,Anton De Pasquale,27,253,false,top_speed,NaN,E:\2026\99_seasonTiming\04_RUA\top_speed\Race 12.pdf,2026-04-22 16:49:38
RUA,R12,18,Anton De Pasquale,28,250,false,top_speed,NaN,E:\2026\99_seasonTiming\04_RUA\top_speed\Race 12.pdf,2026-04-22 16:49:38
RUA,R12,18,Anton De Pasquale,29,251,false,top_speed,NaN,E:\2026\99_seasonTiming\04_RUA\top_speed\Race 12.pdf,2026-04-22 16:49:38
RUA,R12,18,Anton De Pasquale,30,252,false,top_speed,NaN,E:\2026\99_seasonTiming\04_RUA\top_speed\Race 12.pdf,2026-04-22 16:49:38
RUA,R12,18,Anton De Pasquale,31,254,false,top_speed,NaN,E:\2026\99_seasonTiming\04_RUA\top_speed\Race 12.pdf,2026-04-22 16:49:38
RUA,R12,18,Anton De Pasquale,32,250,false,top_speed,NaN,E:\2026\99_seasonTiming\04_RUA\top_speed\Race 12.pdf,2026-04-22 16:49:38
RUA,R12,18,Anton De Pasquale,33,250,false,top_speed,NaN,E:\2026\99_seasonTiming\04_RUA\top_speed\Race 12.pdf,2026-04-22 16:49:38
RUA,R12,18,Anton De Pasquale,34,248,false,top_speed,NaN,E:\2026\99_seasonTiming\04_RUA\top_speed\Race 12.pdf,2026-04-22 16:49:38
RUA,R12,18,Anton De Pasquale,35,250,false,top_speed,NaN,E:\2026\99_seasonTiming\04_RUA\top_speed\Race 12.pdf,2026-04-22 16:49:38
RUA,R12,18,Anton De Pasquale,36,249,false,top_speed,NaN,E:\2026\99_seasonTiming\04_RUA\top_speed\Race 12.pdf,2026-04-22 16:49:38
RUA,R12,18,Anton De Pasquale,37,251,false,top_speed,NaN,E:\2026\99_seasonTiming\04_RUA\top_speed\Race 12.pdf,2026-04-22 16:49:38
RUA,R12,19,Matthew Payne,1,199,false,top_speed,NaN,E:\2026\99_seasonTiming\04_RUA\top_speed\Race 12.pdf,2026-04-22 16:49:38
RUA,R12,19,Matthew Payne,2,247,false,top_speed,NaN,E:\2026\99_seasonTiming\04_RUA\top_speed\Race 12.pdf,2026-04-22 16:49:38
RUA,R12,19,Matthew Payne,3,246,false,top_speed,NaN,E:\2026\99_seasonTiming\04_RUA\top_speed\Race 12.pdf,2026-04-22 16:49:38
RUA,R12,19,Matthew Payne,4,246,false,top_speed,NaN,E:\2026\99_seasonTiming\04_RUA\top_speed\Race 12.pdf,2026-04-22 16:49:38
RUA,R12,19,Matthew Payne,5,246,false,top_speed,NaN,E:\2026\99_seasonTiming\04_RUA\top_speed\Race 12.pdf,2026-04-22 16:49:38
RUA,R12,19,Matthew Payne,6,247,false,top_speed,NaN,E:\2026\99_seasonTiming\04_RUA\top_speed\Race 12.pdf,2026-04-22 16:49:38
RUA,R12,19,Matthew Payne,7,246,false,top_speed,NaN,E:\2026\99_seasonTiming\04_RUA\top_speed\Race 12.pdf,2026-04-22 16:49:38
RUA,R12,19,Matthew Payne,8,246,false,top_speed,NaN,E:\2026\99_seasonTiming\04_RUA\top_speed\Race 12.pdf,2026-04-22 16:49:38
RUA,R12,19,Matthew Payne,9,246,false,top_speed,NaN,E:\2026\99_seasonTiming\04_RUA\top_speed\Race 12.pdf,2026-04-22 16:49:38
RUA,R12,19,Matthew Payne,10,248,false,top_speed,NaN,E:\2026\99_seasonTiming\04_RUA\top_speed\Race 12.pdf,2026-04-22 16:49:38
RUA,R12,19,Matthew Payne,11,247,false,top_speed,NaN,E:\2026\99_seasonTiming\04_RUA\top_speed\Race 12.pdf,2026-04-22 16:49:38
RUA,R12,19,Matthew Payne,12,247,false,top_speed,NaN,E:\2026\99_seasonTiming\04_RUA\top_speed\Race 12.pdf,2026-04-22 16:49:38
RUA,R12,19,Matthew Payne,13,247,false,top_speed,NaN,E:\2026\99_seasonTiming\04_RUA\top_speed\Race 12.pdf,2026-04-22 16:49:38
RUA,R12,19,Matthew Payne,14,248,false,top_speed,NaN,E:\2026\99_seasonTiming\04_RUA\top_speed\Race 12.pdf,2026-04-22 16:49:38
RUA,R12,19,Matthew Payne,15,248,false,top_speed,NaN,E:\2026\99_seasonTiming\04_RUA\top_speed\Race 12.pdf,2026-04-22 16:49:38
RUA,R12,19,Matthew Payne,16,248,false,top_speed,NaN,E:\2026\99_seasonTiming\04_RUA\top_speed\Race 12.pdf,2026-04-22 16:49:38
RUA,R12,19,Matthew Payne,17,249,false,top_speed,NaN,E:\2026\99_seasonTiming\04_RUA\top_speed\Race 12.pdf,2026-04-22 16:49:38
RUA,R12,19,Matthew Payne,18,250,false,top_speed,NaN,E:\2026\99_seasonTiming\04_RUA\top_speed\Race 12.pdf,2026-04-22 16:49:38
RUA,R12,19,Matthew Payne,19,250,false,top_speed,NaN,E:\2026\99_seasonTiming\04_RUA\top_speed\Race 12.pdf,2026-04-22 16:49:38
RUA,R12,19,Matthew Payne,20,251,false,top_speed,NaN,E:\2026\99_seasonTiming\04_RUA\top_speed\Race 12.pdf,2026-04-22 16:49:38
RUA,R12,19,Matthew Payne,21,191,false,top_speed,NaN,E:\2026\99_seasonTiming\04_RUA\top_speed\Race 12.pdf,2026-04-22 16:49:38
RUA,R12,19,Matthew Payne,22,248,false,top_speed,NaN,E:\2026\99_seasonTiming\04_RUA\top_speed\Race 12.pdf,2026-04-22 16:49:38
RUA,R12,19,Matthew Payne,23,248,false,top_speed,NaN,E:\2026\99_seasonTiming\04_RUA\top_speed\Race 12.pdf,2026-04-22 16:49:38
RUA,R12,19,Matthew Payne,24,233,false,top_speed,NaN,E:\2026\99_seasonTiming\04_RUA\top_speed\Race 12.pdf,2026-04-22 16:49:38
RUA,R12,19,Matthew Payne,25,243,false,top_speed,NaN,E:\2026\99_seasonTiming\04_RUA\top_speed\Race 12.pdf,2026-04-22 16:49:38
RUA,R12,19,Matthew Payne,26,248,false,top_speed,NaN,E:\2026\99_seasonTiming\04_RUA\top_speed\Race 12.pdf,2026-04-22 16:49:38
RUA,R12,19,Matthew Payne,27,247,false,top_speed,NaN,E:\2026\99_seasonTiming\04_RUA\top_speed\Race 12.pdf,2026-04-22 16:49:38
RUA,R12,19,Matthew Payne,28,242,false,top_speed,NaN,E:\2026\99_seasonTiming\04_RUA\top_speed\Race 12.pdf,2026-04-22 16:49:38
RUA,R12,19,Matthew Payne,29,242,false,top_speed,NaN,E:\2026\99_seasonTiming\04_RUA\top_speed\Race 12.pdf,2026-04-22 16:49:38
RUA,R12,19,Matthew Payne,30,245,false,top_speed,NaN,E:\2026\99_seasonTiming\04_RUA\top_speed\Race 12.pdf,2026-04-22 16:49:38
RUA,R12,19,Matthew Payne,31,244,false,top_speed,NaN,E:\2026\99_seasonTiming\04_RUA\top_speed\Race 12.pdf,2026-04-22 16:49:38
RUA,R12,19,Matthew Payne,32,236,false,top_speed,NaN,E:\2026\99_seasonTiming\04_RUA\top_speed\Race 12.pdf,2026-04-22 16:49:38
RUA,R12,19,Matthew Payne,33,245,false,top_speed,NaN,E:\2026\99_seasonTiming\04_RUA\top_speed\Race 12.pdf,2026-04-22 16:49:38
RUA,R12,19,Matthew Payne,34,244,false,top_speed,NaN,E:\2026\99_seasonTiming\04_RUA\top_speed\Race 12.pdf,2026-04-22 16:49:38
RUA,R12,19,Matthew Payne,35,242,false,top_speed,NaN,E:\2026\99_seasonTiming\04_RUA\top_speed\Race 12.pdf,2026-04-22 16:49:38
RUA,R12,19,Matthew Payne,36,240,false,top_speed,NaN,E:\2026\99_seasonTiming\04_RUA\top_speed\Race 12.pdf,2026-04-22 16:49:38
RUA,R12,19,Matthew Payne,37,246,false,top_speed,NaN,E:\2026\99_seasonTiming\04_RUA\top_speed\Race 12.pdf,2026-04-22 16:49:38
RUA,R12,20,David Reynolds,1,188,false,top_speed,NaN,E:\2026\99_seasonTiming\04_RUA\top_speed\Race 12.pdf,2026-04-22 16:49:38
RUA,R12,20,David Reynolds,2,240,false,top_speed,NaN,E:\2026\99_seasonTiming\04_RUA\top_speed\Race 12.pdf,2026-04-22 16:49:38
RUA,R12,20,David Reynolds,3,251,false,top_speed,NaN,E:\2026\99_seasonTiming\04_RUA\top_speed\Race 12.pdf,2026-04-22 16:49:38
RUA,R12,20,David Reynolds,4,250,false,top_speed,NaN,E:\2026\99_seasonTiming\04_RUA\top_speed\Race 12.pdf,2026-04-22 16:49:38
RUA,R12,20,David Reynolds,5,244,false,top_speed,NaN,E:\2026\99_seasonTiming\04_RUA\top_speed\Race 12.pdf,2026-04-22 16:49:38
RUA,R12,20,David Reynolds,6,254,false,top_speed,NaN,E:\2026\99_seasonTiming\04_RUA\top_speed\Race 12.pdf,2026-04-22 16:49:38
RUA,R12,20,David Reynolds,7,249,false,top_speed,NaN,E:\2026\99_seasonTiming\04_RUA\top_speed\Race 12.pdf,2026-04-22 16:49:38
RUA,R12,20,David Reynolds,8,248,false,top_speed,NaN,E:\2026\99_seasonTiming\04_RUA\top_speed\Race 12.pdf,2026-04-22 16:49:38
RUA,R12,20,David Reynolds,9,248,false,top_speed,NaN,E:\2026\99_seasonTiming\04_RUA\top_speed\Race 12.pdf,2026-04-22 16:49:38
RUA,R12,20,David Reynolds,10,249,false,top_speed,NaN,E:\2026\99_seasonTiming\04_RUA\top_speed\Race 12.pdf,2026-04-22 16:49:38
RUA,R12,20,David Reynolds,11,248,false,top_speed,NaN,E:\2026\99_seasonTiming\04_RUA\top_speed\Race 12.pdf,2026-04-22 16:49:38
RUA,R12,20,David Reynolds,12,249,false,top_speed,NaN,E:\2026\99_seasonTiming\04_RUA\top_speed\Race 12.pdf,2026-04-22 16:49:38
RUA,R12,20,David Reynolds,13,248,false,top_speed,NaN,E:\2026\99_seasonTiming\04_RUA\top_speed\Race 12.pdf,2026-04-22 16:49:38
RUA,R12,20,David Reynolds,14,249,false,top_speed,NaN,E:\2026\99_seasonTiming\04_RUA\top_speed\Race 12.pdf,2026-04-22 16:49:38
RUA,R12,20,David Reynolds,15,190,false,top_speed,NaN,E:\2026\99_seasonTiming\04_RUA\top_speed\Race 12.pdf,2026-04-22 16:49:38
RUA,R12,20,David Reynolds,16,248,false,top_speed,NaN,E:\2026\99_seasonTiming\04_RUA\top_speed\Race 12.pdf,2026-04-22 16:49:38
RUA,R12,20,David Reynolds,17,248,false,top_speed,NaN,E:\2026\99_seasonTiming\04_RUA\top_speed\Race 12.pdf,2026-04-22 16:49:38
RUA,R12,20,David Reynolds,18,248,false,top_speed,NaN,E:\2026\99_seasonTiming\04_RUA\top_speed\Race 12.pdf,2026-04-22 16:49:38
RUA,R12,20,David Reynolds,19,248,false,top_speed,NaN,E:\2026\99_seasonTiming\04_RUA\top_speed\Race 12.pdf,2026-04-22 16:49:38
RUA,R12,20,David Reynolds,20,248,false,top_speed,NaN,E:\2026\99_seasonTiming\04_RUA\top_speed\Race 12.pdf,2026-04-22 16:49:38
RUA,R12,20,David Reynolds,21,222,false,top_speed,NaN,E:\2026\99_seasonTiming\04_RUA\top_speed\Race 12.pdf,2026-04-22 16:49:38
RUA,R12,20,David Reynolds,22,227,false,top_speed,NaN,E:\2026\99_seasonTiming\04_RUA\top_speed\Race 12.pdf,2026-04-22 16:49:38
RUA,R12,20,David Reynolds,23,242,false,top_speed,NaN,E:\2026\99_seasonTiming\04_RUA\top_speed\Race 12.pdf,2026-04-22 16:49:38
RUA,R12,20,David Reynolds,24,251,false,top_speed,NaN,E:\2026\99_seasonTiming\04_RUA\top_speed\Race 12.pdf,2026-04-22 16:49:38
RUA,R12,20,David Reynolds,25,249,false,top_speed,NaN,E:\2026\99_seasonTiming\04_RUA\top_speed\Race 12.pdf,2026-04-22 16:49:38
RUA,R12,20,David Reynolds,26,249,false,top_speed,NaN,E:\2026\99_seasonTiming\04_RUA\top_speed\Race 12.pdf,2026-04-22 16:49:38
RUA,R12,20,David Reynolds,27,248,false,top_speed,NaN,E:\2026\99_seasonTiming\04_RUA\top_speed\Race 12.pdf,2026-04-22 16:49:38
RUA,R12,20,David Reynolds,28,250,false,top_speed,NaN,E:\2026\99_seasonTiming\04_RUA\top_speed\Race 12.pdf,2026-04-22 16:49:38
RUA,R12,20,David Reynolds,29,248,false,top_speed,NaN,E:\2026\99_seasonTiming\04_RUA\top_speed\Race 12.pdf,2026-04-22 16:49:38
RUA,R12,20,David Reynolds,30,249,false,top_speed,NaN,E:\2026\99_seasonTiming\04_RUA\top_speed\Race 12.pdf,2026-04-22 16:49:38
RUA,R12,20,David Reynolds,31,248,false,top_speed,NaN,E:\2026\99_seasonTiming\04_RUA\top_speed\Race 12.pdf,2026-04-22 16:49:38
RUA,R12,20,David Reynolds,32,237,false,top_speed,NaN,E:\2026\99_seasonTiming\04_RUA\top_speed\Race 12.pdf,2026-04-22 16:49:38
RUA,R12,20,David Reynolds,33,249,false,top_speed,NaN,E:\2026\99_seasonTiming\04_RUA\top_speed\Race 12.pdf,2026-04-22 16:49:38
RUA,R12,20,David Reynolds,34,248,false,top_speed,NaN,E:\2026\99_seasonTiming\04_RUA\top_speed\Race 12.pdf,2026-04-22 16:49:38
RUA,R12,20,David Reynolds,35,249,false,top_speed,NaN,E:\2026\99_seasonTiming\04_RUA\top_speed\Race 12.pdf,2026-04-22 16:49:38
RUA,R12,20,David Reynolds,36,249,false,top_speed,NaN,E:\2026\99_seasonTiming\04_RUA\top_speed\Race 12.pdf,2026-04-22 16:49:38
RUA,R12,20,David Reynolds,37,249,false,top_speed,NaN,E:\2026\99_seasonTiming\04_RUA\top_speed\Race 12.pdf,2026-04-22 16:49:38
RUA,R12,26,Kai Allen,1,199,false,top_speed,NaN,E:\2026\99_seasonTiming\04_RUA\top_speed\Race 12.pdf,2026-04-22 16:49:38
RUA,R12,26,Kai Allen,2,246,false,top_speed,NaN,E:\2026\99_seasonTiming\04_RUA\top_speed\Race 12.pdf,2026-04-22 16:49:38
RUA,R12,26,Kai Allen,3,250,false,top_speed,NaN,E:\2026\99_seasonTiming\04_RUA\top_speed\Race 12.pdf,2026-04-22 16:49:38
RUA,R12,26,Kai Allen,4,251,false,top_speed,NaN,E:\2026\99_seasonTiming\04_RUA\top_speed\Race 12.pdf,2026-04-22 16:49:38
RUA,R12,26,Kai Allen,5,248,false,top_speed,NaN,E:\2026\99_seasonTiming\04_RUA\top_speed\Race 12.pdf,2026-04-22 16:49:38
RUA,R12,26,Kai Allen,6,249,false,top_speed,NaN,E:\2026\99_seasonTiming\04_RUA\top_speed\Race 12.pdf,2026-04-22 16:49:38
RUA,R12,26,Kai Allen,7,250,false,top_speed,NaN,E:\2026\99_seasonTiming\04_RUA\top_speed\Race 12.pdf,2026-04-22 16:49:38
RUA,R12,26,Kai Allen,8,249,false,top_speed,NaN,E:\2026\99_seasonTiming\04_RUA\top_speed\Race 12.pdf,2026-04-22 16:49:38
RUA,R12,26,Kai Allen,9,250,false,top_speed,NaN,E:\2026\99_seasonTiming\04_RUA\top_speed\Race 12.pdf,2026-04-22 16:49:38
RUA,R12,26,Kai Allen,10,251,false,top_speed,NaN,E:\2026\99_seasonTiming\04_RUA\top_speed\Race 12.pdf,2026-04-22 16:49:38
RUA,R12,26,Kai Allen,11,250,false,top_speed,NaN,E:\2026\99_seasonTiming\04_RUA\top_speed\Race 12.pdf,2026-04-22 16:49:38
RUA,R12,26,Kai Allen,12,252,false,top_speed,NaN,E:\2026\99_seasonTiming\04_RUA\top_speed\Race 12.pdf,2026-04-22 16:49:38
RUA,R12,26,Kai Allen,13,252,false,top_speed,NaN,E:\2026\99_seasonTiming\04_RUA\top_speed\Race 12.pdf,2026-04-22 16:49:38
RUA,R12,26,Kai Allen,14,189,false,top_speed,NaN,E:\2026\99_seasonTiming\04_RUA\top_speed\Race 12.pdf,2026-04-22 16:49:38
RUA,R12,26,Kai Allen,15,248,false,top_speed,NaN,E:\2026\99_seasonTiming\04_RUA\top_speed\Race 12.pdf,2026-04-22 16:49:38
RUA,R12,26,Kai Allen,16,249,false,top_speed,NaN,E:\2026\99_seasonTiming\04_RUA\top_speed\Race 12.pdf,2026-04-22 16:49:38
RUA,R12,26,Kai Allen,17,249,false,top_speed,NaN,E:\2026\99_seasonTiming\04_RUA\top_speed\Race 12.pdf,2026-04-22 16:49:38
RUA,R12,26,Kai Allen,18,249,false,top_speed,NaN,E:\2026\99_seasonTiming\04_RUA\top_speed\Race 12.pdf,2026-04-22 16:49:38
RUA,R12,26,Kai Allen,19,250,false,top_speed,NaN,E:\2026\99_seasonTiming\04_RUA\top_speed\Race 12.pdf,2026-04-22 16:49:38
RUA,R12,26,Kai Allen,20,252,false,top_speed,NaN,E:\2026\99_seasonTiming\04_RUA\top_speed\Race 12.pdf,2026-04-22 16:49:38
RUA,R12,26,Kai Allen,21,249,false,top_speed,NaN,E:\2026\99_seasonTiming\04_RUA\top_speed\Race 12.pdf,2026-04-22 16:49:38
RUA,R12,26,Kai Allen,22,250,false,top_speed,NaN,E:\2026\99_seasonTiming\04_RUA\top_speed\Race 12.pdf,2026-04-22 16:49:38
RUA,R12,26,Kai Allen,23,250,false,top_speed,NaN,E:\2026\99_seasonTiming\04_RUA\top_speed\Race 12.pdf,2026-04-22 16:49:38
RUA,R12,26,Kai Allen,24,250,false,top_speed,NaN,E:\2026\99_seasonTiming\04_RUA\top_speed\Race 12.pdf,2026-04-22 16:49:38
RUA,R12,26,Kai Allen,25,250,false,top_speed,NaN,E:\2026\99_seasonTiming\04_RUA\top_speed\Race 12.pdf,2026-04-22 16:49:38
RUA,R12,26,Kai Allen,26,249,false,top_speed,NaN,E:\2026\99_seasonTiming\04_RUA\top_speed\Race 12.pdf,2026-04-22 16:49:38
RUA,R12,26,Kai Allen,27,249,false,top_speed,NaN,E:\2026\99_seasonTiming\04_RUA\top_speed\Race 12.pdf,2026-04-22 16:49:38
RUA,R12,26,Kai Allen,28,249,false,top_speed,NaN,E:\2026\99_seasonTiming\04_RUA\top_speed\Race 12.pdf,2026-04-22 16:49:38
RUA,R12,26,Kai Allen,29,250,false,top_speed,NaN,E:\2026\99_seasonTiming\04_RUA\top_speed\Race 12.pdf,2026-04-22 16:49:38
RUA,R12,26,Kai Allen,30,252,false,top_speed,NaN,E:\2026\99_seasonTiming\04_RUA\top_speed\Race 12.pdf,2026-04-22 16:49:38
RUA,R12,26,Kai Allen,31,254,false,top_speed,NaN,E:\2026\99_seasonTiming\04_RUA\top_speed\Race 12.pdf,2026-04-22 16:49:38
RUA,R12,26,Kai Allen,32,250,false,top_speed,NaN,E:\2026\99_seasonTiming\04_RUA\top_speed\Race 12.pdf,2026-04-22 16:49:38
RUA,R12,26,Kai Allen,33,251,false,top_speed,NaN,E:\2026\99_seasonTiming\04_RUA\top_speed\Race 12.pdf,2026-04-22 16:49:38
RUA,R12,26,Kai Allen,34,250,false,top_speed,NaN,E:\2026\99_seasonTiming\04_RUA\top_speed\Race 12.pdf,2026-04-22 16:49:38
RUA,R12,26,Kai Allen,35,250,false,top_speed,NaN,E:\2026\99_seasonTiming\04_RUA\top_speed\Race 12.pdf,2026-04-22 16:49:38
RUA,R12,26,Kai Allen,36,250,false,top_speed,NaN,E:\2026\99_seasonTiming\04_RUA\top_speed\Race 12.pdf,2026-04-22 16:49:38
RUA,R12,26,Kai Allen,37,251,false,top_speed,NaN,E:\2026\99_seasonTiming\04_RUA\top_speed\Race 12.pdf,2026-04-22 16:49:38
RUA,R12,31,Jayden Ojeda,1,208,false,top_speed,NaN,E:\2026\99_seasonTiming\04_RUA\top_speed\Race 12.pdf,2026-04-22 16:49:38
RUA,R12,31,Jayden Ojeda,2,249,false,top_speed,NaN,E:\2026\99_seasonTiming\04_RUA\top_speed\Race 12.pdf,2026-04-22 16:49:38
RUA,R12,31,Jayden Ojeda,3,245,false,top_speed,NaN,E:\2026\99_seasonTiming\04_RUA\top_speed\Race 12.pdf,2026-04-22 16:49:38
RUA,R12,31,Jayden Ojeda,4,246,false,top_speed,NaN,E:\2026\99_seasonTiming\04_RUA\top_speed\Race 12.pdf,2026-04-22 16:49:38
RUA,R12,31,Jayden Ojeda,5,251,false,top_speed,NaN,E:\2026\99_seasonTiming\04_RUA\top_speed\Race 12.pdf,2026-04-22 16:49:38
RUA,R12,31,Jayden Ojeda,6,250,false,top_speed,NaN,E:\2026\99_seasonTiming\04_RUA\top_speed\Race 12.pdf,2026-04-22 16:49:38
RUA,R12,31,Jayden Ojeda,7,252,false,top_speed,NaN,E:\2026\99_seasonTiming\04_RUA\top_speed\Race 12.pdf,2026-04-22 16:49:38
RUA,R12,31,Jayden Ojeda,8,248,false,top_speed,NaN,E:\2026\99_seasonTiming\04_RUA\top_speed\Race 12.pdf,2026-04-22 16:49:38
RUA,R12,31,Jayden Ojeda,9,249,false,top_speed,NaN,E:\2026\99_seasonTiming\04_RUA\top_speed\Race 12.pdf,2026-04-22 16:49:38
RUA,R12,31,Jayden Ojeda,10,251,false,top_speed,NaN,E:\2026\99_seasonTiming\04_RUA\top_speed\Race 12.pdf,2026-04-22 16:49:38
RUA,R12,31,Jayden Ojeda,11,251,false,top_speed,NaN,E:\2026\99_seasonTiming\04_RUA\top_speed\Race 12.pdf,2026-04-22 16:49:38
RUA,R12,31,Jayden Ojeda,12,249,false,top_speed,NaN,E:\2026\99_seasonTiming\04_RUA\top_speed\Race 12.pdf,2026-04-22 16:49:38
RUA,R12,31,Jayden Ojeda,13,250,false,top_speed,NaN,E:\2026\99_seasonTiming\04_RUA\top_speed\Race 12.pdf,2026-04-22 16:49:38
RUA,R12,31,Jayden Ojeda,14,251,false,top_speed,NaN,E:\2026\99_seasonTiming\04_RUA\top_speed\Race 12.pdf,2026-04-22 16:49:38
RUA,R12,31,Jayden Ojeda,15,250,false,top_speed,NaN,E:\2026\99_seasonTiming\04_RUA\top_speed\Race 12.pdf,2026-04-22 16:49:38
RUA,R12,31,Jayden Ojeda,16,252,false,top_speed,NaN,E:\2026\99_seasonTiming\04_RUA\top_speed\Race 12.pdf,2026-04-22 16:49:38
RUA,R12,31,Jayden Ojeda,17,252,false,top_speed,NaN,E:\2026\99_seasonTiming\04_RUA\top_speed\Race 12.pdf,2026-04-22 16:49:38
RUA,R12,31,Jayden Ojeda,18,253,false,top_speed,NaN,E:\2026\99_seasonTiming\04_RUA\top_speed\Race 12.pdf,2026-04-22 16:49:38
RUA,R12,31,Jayden Ojeda,19,252,false,top_speed,NaN,E:\2026\99_seasonTiming\04_RUA\top_speed\Race 12.pdf,2026-04-22 16:49:38
RUA,R12,31,Jayden Ojeda,20,192,false,top_speed,NaN,E:\2026\99_seasonTiming\04_RUA\top_speed\Race 12.pdf,2026-04-22 16:49:38
RUA,R12,31,Jayden Ojeda,21,249,false,top_speed,NaN,E:\2026\99_seasonTiming\04_RUA\top_speed\Race 12.pdf,2026-04-22 16:49:38
RUA,R12,31,Jayden Ojeda,22,250,false,top_speed,NaN,E:\2026\99_seasonTiming\04_RUA\top_speed\Race 12.pdf,2026-04-22 16:49:38
RUA,R12,31,Jayden Ojeda,23,250,false,top_speed,NaN,E:\2026\99_seasonTiming\04_RUA\top_speed\Race 12.pdf,2026-04-22 16:49:38
RUA,R12,31,Jayden Ojeda,24,250,false,top_speed,NaN,E:\2026\99_seasonTiming\04_RUA\top_speed\Race 12.pdf,2026-04-22 16:49:38
RUA,R12,31,Jayden Ojeda,25,249,false,top_speed,NaN,E:\2026\99_seasonTiming\04_RUA\top_speed\Race 12.pdf,2026-04-22 16:49:38
RUA,R12,31,Jayden Ojeda,26,248,false,top_speed,NaN,E:\2026\99_seasonTiming\04_RUA\top_speed\Race 12.pdf,2026-04-22 16:49:38
RUA,R12,31,Jayden Ojeda,27,250,false,top_speed,NaN,E:\2026\99_seasonTiming\04_RUA\top_speed\Race 12.pdf,2026-04-22 16:49:38
RUA,R12,31,Jayden Ojeda,28,248,false,top_speed,NaN,E:\2026\99_seasonTiming\04_RUA\top_speed\Race 12.pdf,2026-04-22 16:49:38
RUA,R12,31,Jayden Ojeda,29,242,false,top_speed,NaN,E:\2026\99_seasonTiming\04_RUA\top_speed\Race 12.pdf,2026-04-22 16:49:38
RUA,R12,31,Jayden Ojeda,30,250,false,top_speed,NaN,E:\2026\99_seasonTiming\04_RUA\top_speed\Race 12.pdf,2026-04-22 16:49:38
RUA,R12,31,Jayden Ojeda,31,251,false,top_speed,NaN,E:\2026\99_seasonTiming\04_RUA\top_speed\Race 12.pdf,2026-04-22 16:49:38
RUA,R12,31,Jayden Ojeda,32,245,false,top_speed,NaN,E:\2026\99_seasonTiming\04_RUA\top_speed\Race 12.pdf,2026-04-22 16:49:38
RUA,R12,31,Jayden Ojeda,33,249,false,top_speed,NaN,E:\2026\99_seasonTiming\04_RUA\top_speed\Race 12.pdf,2026-04-22 16:49:38
RUA,R12,31,Jayden Ojeda,34,247,false,top_speed,NaN,E:\2026\99_seasonTiming\04_RUA\top_speed\Race 12.pdf,2026-04-22 16:49:38
RUA,R12,31,Jayden Ojeda,35,249,false,top_speed,NaN,E:\2026\99_seasonTiming\04_RUA\top_speed\Race 12.pdf,2026-04-22 16:49:38
RUA,R12,31,Jayden Ojeda,36,252,false,top_speed,NaN,E:\2026\99_seasonTiming\04_RUA\top_speed\Race 12.pdf,2026-04-22 16:49:38
RUA,R12,31,Jayden Ojeda,37,245,false,top_speed,NaN,E:\2026\99_seasonTiming\04_RUA\top_speed\Race 12.pdf,2026-04-22 16:49:38
RUA,R12,38,Rylan Gray,1,199,false,top_speed,NaN,E:\2026\99_seasonTiming\04_RUA\top_speed\Race 12.pdf,2026-04-22 16:49:38
RUA,R12,38,Rylan Gray,2,248,false,top_speed,NaN,E:\2026\99_seasonTiming\04_RUA\top_speed\Race 12.pdf,2026-04-22 16:49:38
RUA,R12,38,Rylan Gray,3,251,false,top_speed,NaN,E:\2026\99_seasonTiming\04_RUA\top_speed\Race 12.pdf,2026-04-22 16:49:38
RUA,R12,38,Rylan Gray,4,250,false,top_speed,NaN,E:\2026\99_seasonTiming\04_RUA\top_speed\Race 12.pdf,2026-04-22 16:49:38
RUA,R12,38,Rylan Gray,5,250,false,top_speed,NaN,E:\2026\99_seasonTiming\04_RUA\top_speed\Race 12.pdf,2026-04-22 16:49:38
RUA,R12,38,Rylan Gray,6,250,false,top_speed,NaN,E:\2026\99_seasonTiming\04_RUA\top_speed\Race 12.pdf,2026-04-22 16:49:38
RUA,R12,38,Rylan Gray,7,251,false,top_speed,NaN,E:\2026\99_seasonTiming\04_RUA\top_speed\Race 12.pdf,2026-04-22 16:49:38
RUA,R12,38,Rylan Gray,8,250,false,top_speed,NaN,E:\2026\99_seasonTiming\04_RUA\top_speed\Race 12.pdf,2026-04-22 16:49:38
RUA,R12,38,Rylan Gray,9,249,false,top_speed,NaN,E:\2026\99_seasonTiming\04_RUA\top_speed\Race 12.pdf,2026-04-22 16:49:38
RUA,R12,38,Rylan Gray,10,251,false,top_speed,NaN,E:\2026\99_seasonTiming\04_RUA\top_speed\Race 12.pdf,2026-04-22 16:49:38
RUA,R12,38,Rylan Gray,11,250,false,top_speed,NaN,E:\2026\99_seasonTiming\04_RUA\top_speed\Race 12.pdf,2026-04-22 16:49:38
RUA,R12,38,Rylan Gray,12,250,false,top_speed,NaN,E:\2026\99_seasonTiming\04_RUA\top_speed\Race 12.pdf,2026-04-22 16:49:38
RUA,R12,38,Rylan Gray,13,251,false,top_speed,NaN,E:\2026\99_seasonTiming\04_RUA\top_speed\Race 12.pdf,2026-04-22 16:49:38
RUA,R12,38,Rylan Gray,14,251,false,top_speed,NaN,E:\2026\99_seasonTiming\04_RUA\top_speed\Race 12.pdf,2026-04-22 16:49:38
RUA,R12,38,Rylan Gray,15,251,false,top_speed,NaN,E:\2026\99_seasonTiming\04_RUA\top_speed\Race 12.pdf,2026-04-22 16:49:38
RUA,R12,38,Rylan Gray,16,251,false,top_speed,NaN,E:\2026\99_seasonTiming\04_RUA\top_speed\Race 12.pdf,2026-04-22 16:49:38
RUA,R12,38,Rylan Gray,17,251,false,top_speed,NaN,E:\2026\99_seasonTiming\04_RUA\top_speed\Race 12.pdf,2026-04-22 16:49:38
RUA,R12,38,Rylan Gray,18,250,false,top_speed,NaN,E:\2026\99_seasonTiming\04_RUA\top_speed\Race 12.pdf,2026-04-22 16:49:38
RUA,R12,38,Rylan Gray,19,250,false,top_speed,NaN,E:\2026\99_seasonTiming\04_RUA\top_speed\Race 12.pdf,2026-04-22 16:49:38
RUA,R12,38,Rylan Gray,20,250,false,top_speed,NaN,E:\2026\99_seasonTiming\04_RUA\top_speed\Race 12.pdf,2026-04-22 16:49:38
RUA,R12,38,Rylan Gray,21,249,false,top_speed,NaN,E:\2026\99_seasonTiming\04_RUA\top_speed\Race 12.pdf,2026-04-22 16:49:38
RUA,R12,38,Rylan Gray,22,248,false,top_speed,NaN,E:\2026\99_seasonTiming\04_RUA\top_speed\Race 12.pdf,2026-04-22 16:49:38
RUA,R12,38,Rylan Gray,23,190,false,top_speed,NaN,E:\2026\99_seasonTiming\04_RUA\top_speed\Race 12.pdf,2026-04-22 16:49:38
RUA,R12,38,Rylan Gray,24,251,false,top_speed,NaN,E:\2026\99_seasonTiming\04_RUA\top_speed\Race 12.pdf,2026-04-22 16:49:38
RUA,R12,38,Rylan Gray,25,251,false,top_speed,NaN,E:\2026\99_seasonTiming\04_RUA\top_speed\Race 12.pdf,2026-04-22 16:49:38
RUA,R12,38,Rylan Gray,26,250,false,top_speed,NaN,E:\2026\99_seasonTiming\04_RUA\top_speed\Race 12.pdf,2026-04-22 16:49:38
RUA,R12,38,Rylan Gray,27,251,false,top_speed,NaN,E:\2026\99_seasonTiming\04_RUA\top_speed\Race 12.pdf,2026-04-22 16:49:38
RUA,R12,38,Rylan Gray,28,249,false,top_speed,NaN,E:\2026\99_seasonTiming\04_RUA\top_speed\Race 12.pdf,2026-04-22 16:49:38
RUA,R12,38,Rylan Gray,29,249,false,top_speed,NaN,E:\2026\99_seasonTiming\04_RUA\top_speed\Race 12.pdf,2026-04-22 16:49:38
RUA,R12,38,Rylan Gray,30,249,false,top_speed,NaN,E:\2026\99_seasonTiming\04_RUA\top_speed\Race 12.pdf,2026-04-22 16:49:38
RUA,R12,38,Rylan Gray,31,251,false,top_speed,NaN,E:\2026\99_seasonTiming\04_RUA\top_speed\Race 12.pdf,2026-04-22 16:49:38
RUA,R12,38,Rylan Gray,32,240,false,top_speed,NaN,E:\2026\99_seasonTiming\04_RUA\top_speed\Race 12.pdf,2026-04-22 16:49:38
RUA,R12,38,Rylan Gray,33,249,false,top_speed,NaN,E:\2026\99_seasonTiming\04_RUA\top_speed\Race 12.pdf,2026-04-22 16:49:38
RUA,R12,38,Rylan Gray,34,250,false,top_speed,NaN,E:\2026\99_seasonTiming\04_RUA\top_speed\Race 12.pdf,2026-04-22 16:49:38
RUA,R12,38,Rylan Gray,35,248,false,top_speed,NaN,E:\2026\99_seasonTiming\04_RUA\top_speed\Race 12.pdf,2026-04-22 16:49:38
RUA,R12,38,Rylan Gray,36,248,false,top_speed,NaN,E:\2026\99_seasonTiming\04_RUA\top_speed\Race 12.pdf,2026-04-22 16:49:38
RUA,R12,38,Rylan Gray,37,249,false,top_speed,NaN,E:\2026\99_seasonTiming\04_RUA\top_speed\Race 12.pdf,2026-04-22 16:49:38
RUA,R12,55,Thomas Randle,1,204,false,top_speed,NaN,E:\2026\99_seasonTiming\04_RUA\top_speed\Race 12.pdf,2026-04-22 16:49:38
RUA,R12,55,Thomas Randle,2,244,false,top_speed,NaN,E:\2026\99_seasonTiming\04_RUA\top_speed\Race 12.pdf,2026-04-22 16:49:38
RUA,R12,55,Thomas Randle,3,251,false,top_speed,NaN,E:\2026\99_seasonTiming\04_RUA\top_speed\Race 12.pdf,2026-04-22 16:49:38
RUA,R12,55,Thomas Randle,4,250,false,top_speed,NaN,E:\2026\99_seasonTiming\04_RUA\top_speed\Race 12.pdf,2026-04-22 16:49:38
RUA,R12,55,Thomas Randle,5,250,false,top_speed,NaN,E:\2026\99_seasonTiming\04_RUA\top_speed\Race 12.pdf,2026-04-22 16:49:38
RUA,R12,55,Thomas Randle,6,252,false,top_speed,NaN,E:\2026\99_seasonTiming\04_RUA\top_speed\Race 12.pdf,2026-04-22 16:49:38
RUA,R12,55,Thomas Randle,7,249,false,top_speed,NaN,E:\2026\99_seasonTiming\04_RUA\top_speed\Race 12.pdf,2026-04-22 16:49:38
RUA,R12,55,Thomas Randle,8,249,false,top_speed,NaN,E:\2026\99_seasonTiming\04_RUA\top_speed\Race 12.pdf,2026-04-22 16:49:38
RUA,R12,55,Thomas Randle,9,251,false,top_speed,NaN,E:\2026\99_seasonTiming\04_RUA\top_speed\Race 12.pdf,2026-04-22 16:49:38
RUA,R12,55,Thomas Randle,10,253,false,top_speed,NaN,E:\2026\99_seasonTiming\04_RUA\top_speed\Race 12.pdf,2026-04-22 16:49:38
RUA,R12,55,Thomas Randle,11,251,false,top_speed,NaN,E:\2026\99_seasonTiming\04_RUA\top_speed\Race 12.pdf,2026-04-22 16:49:38
RUA,R12,55,Thomas Randle,12,239,false,top_speed,NaN,E:\2026\99_seasonTiming\04_RUA\top_speed\Race 12.pdf,2026-04-22 16:49:38
RUA,R12,55,Thomas Randle,13,250,false,top_speed,NaN,E:\2026\99_seasonTiming\04_RUA\top_speed\Race 12.pdf,2026-04-22 16:49:38
RUA,R12,55,Thomas Randle,14,253,false,top_speed,NaN,E:\2026\99_seasonTiming\04_RUA\top_speed\Race 12.pdf,2026-04-22 16:49:38
RUA,R12,55,Thomas Randle,15,253,false,top_speed,NaN,E:\2026\99_seasonTiming\04_RUA\top_speed\Race 12.pdf,2026-04-22 16:49:38
RUA,R12,55,Thomas Randle,16,240,false,top_speed,NaN,E:\2026\99_seasonTiming\04_RUA\top_speed\Race 12.pdf,2026-04-22 16:49:38
RUA,R12,55,Thomas Randle,17,251,false,top_speed,NaN,E:\2026\99_seasonTiming\04_RUA\top_speed\Race 12.pdf,2026-04-22 16:49:38
RUA,R12,55,Thomas Randle,18,251,false,top_speed,NaN,E:\2026\99_seasonTiming\04_RUA\top_speed\Race 12.pdf,2026-04-22 16:49:38
RUA,R12,55,Thomas Randle,19,250,false,top_speed,NaN,E:\2026\99_seasonTiming\04_RUA\top_speed\Race 12.pdf,2026-04-22 16:49:38
RUA,R12,55,Thomas Randle,20,251,false,top_speed,NaN,E:\2026\99_seasonTiming\04_RUA\top_speed\Race 12.pdf,2026-04-22 16:49:38
RUA,R12,55,Thomas Randle,21,249,false,top_speed,NaN,E:\2026\99_seasonTiming\04_RUA\top_speed\Race 12.pdf,2026-04-22 16:49:38
RUA,R12,55,Thomas Randle,22,191,false,top_speed,NaN,E:\2026\99_seasonTiming\04_RUA\top_speed\Race 12.pdf,2026-04-22 16:49:38
RUA,R12,55,Thomas Randle,23,251,false,top_speed,NaN,E:\2026\99_seasonTiming\04_RUA\top_speed\Race 12.pdf,2026-04-22 16:49:38
RUA,R12,55,Thomas Randle,24,252,false,top_speed,NaN,E:\2026\99_seasonTiming\04_RUA\top_speed\Race 12.pdf,2026-04-22 16:49:38
RUA,R12,55,Thomas Randle,25,252,false,top_speed,NaN,E:\2026\99_seasonTiming\04_RUA\top_speed\Race 12.pdf,2026-04-22 16:49:38
RUA,R12,55,Thomas Randle,26,252,false,top_speed,NaN,E:\2026\99_seasonTiming\04_RUA\top_speed\Race 12.pdf,2026-04-22 16:49:38
RUA,R12,55,Thomas Randle,27,250,false,top_speed,NaN,E:\2026\99_seasonTiming\04_RUA\top_speed\Race 12.pdf,2026-04-22 16:49:38
RUA,R12,55,Thomas Randle,28,238,false,top_speed,NaN,E:\2026\99_seasonTiming\04_RUA\top_speed\Race 12.pdf,2026-04-22 16:49:38
RUA,R12,55,Thomas Randle,29,250,false,top_speed,NaN,E:\2026\99_seasonTiming\04_RUA\top_speed\Race 12.pdf,2026-04-22 16:49:38
RUA,R12,55,Thomas Randle,30,251,false,top_speed,NaN,E:\2026\99_seasonTiming\04_RUA\top_speed\Race 12.pdf,2026-04-22 16:49:38
RUA,R12,55,Thomas Randle,31,249,false,top_speed,NaN,E:\2026\99_seasonTiming\04_RUA\top_speed\Race 12.pdf,2026-04-22 16:49:38
RUA,R12,55,Thomas Randle,32,240,false,top_speed,NaN,E:\2026\99_seasonTiming\04_RUA\top_speed\Race 12.pdf,2026-04-22 16:49:38
RUA,R12,55,Thomas Randle,33,247,false,top_speed,NaN,E:\2026\99_seasonTiming\04_RUA\top_speed\Race 12.pdf,2026-04-22 16:49:38
RUA,R12,55,Thomas Randle,34,246,false,top_speed,NaN,E:\2026\99_seasonTiming\04_RUA\top_speed\Race 12.pdf,2026-04-22 16:49:38
RUA,R12,55,Thomas Randle,35,247,false,top_speed,NaN,E:\2026\99_seasonTiming\04_RUA\top_speed\Race 12.pdf,2026-04-22 16:49:38
RUA,R12,55,Thomas Randle,36,248,false,top_speed,NaN,E:\2026\99_seasonTiming\04_RUA\top_speed\Race 12.pdf,2026-04-22 16:49:38
RUA,R12,55,Thomas Randle,37,246,false,top_speed,NaN,E:\2026\99_seasonTiming\04_RUA\top_speed\Race 12.pdf,2026-04-22 16:49:38
RUA,R12,88,Broc Feeney,1,202,false,top_speed,NaN,E:\2026\99_seasonTiming\04_RUA\top_speed\Race 12.pdf,2026-04-22 16:49:38
RUA,R12,88,Broc Feeney,2,250,false,top_speed,NaN,E:\2026\99_seasonTiming\04_RUA\top_speed\Race 12.pdf,2026-04-22 16:49:38
RUA,R12,88,Broc Feeney,3,250,false,top_speed,NaN,E:\2026\99_seasonTiming\04_RUA\top_speed\Race 12.pdf,2026-04-22 16:49:38
RUA,R12,88,Broc Feeney,4,249,false,top_speed,NaN,E:\2026\99_seasonTiming\04_RUA\top_speed\Race 12.pdf,2026-04-22 16:49:38
RUA,R12,88,Broc Feeney,5,248,false,top_speed,NaN,E:\2026\99_seasonTiming\04_RUA\top_speed\Race 12.pdf,2026-04-22 16:49:38
RUA,R12,88,Broc Feeney,6,249,false,top_speed,NaN,E:\2026\99_seasonTiming\04_RUA\top_speed\Race 12.pdf,2026-04-22 16:49:38
RUA,R12,88,Broc Feeney,7,249,false,top_speed,NaN,E:\2026\99_seasonTiming\04_RUA\top_speed\Race 12.pdf,2026-04-22 16:49:38
RUA,R12,88,Broc Feeney,8,248,false,top_speed,NaN,E:\2026\99_seasonTiming\04_RUA\top_speed\Race 12.pdf,2026-04-22 16:49:38
RUA,R12,88,Broc Feeney,9,248,false,top_speed,NaN,E:\2026\99_seasonTiming\04_RUA\top_speed\Race 12.pdf,2026-04-22 16:49:38
RUA,R12,88,Broc Feeney,10,249,false,top_speed,NaN,E:\2026\99_seasonTiming\04_RUA\top_speed\Race 12.pdf,2026-04-22 16:49:38
RUA,R12,88,Broc Feeney,11,248,false,top_speed,NaN,E:\2026\99_seasonTiming\04_RUA\top_speed\Race 12.pdf,2026-04-22 16:49:38
RUA,R12,88,Broc Feeney,12,248,false,top_speed,NaN,E:\2026\99_seasonTiming\04_RUA\top_speed\Race 12.pdf,2026-04-22 16:49:38
RUA,R12,88,Broc Feeney,13,249,false,top_speed,NaN,E:\2026\99_seasonTiming\04_RUA\top_speed\Race 12.pdf,2026-04-22 16:49:38
RUA,R12,88,Broc Feeney,14,250,false,top_speed,NaN,E:\2026\99_seasonTiming\04_RUA\top_speed\Race 12.pdf,2026-04-22 16:49:38
RUA,R12,88,Broc Feeney,15,250,false,top_speed,NaN,E:\2026\99_seasonTiming\04_RUA\top_speed\Race 12.pdf,2026-04-22 16:49:38
RUA,R12,88,Broc Feeney,16,193,false,top_speed,NaN,E:\2026\99_seasonTiming\04_RUA\top_speed\Race 12.pdf,2026-04-22 16:49:38
RUA,R12,88,Broc Feeney,17,248,false,top_speed,NaN,E:\2026\99_seasonTiming\04_RUA\top_speed\Race 12.pdf,2026-04-22 16:49:38
RUA,R12,88,Broc Feeney,18,251,false,top_speed,NaN,E:\2026\99_seasonTiming\04_RUA\top_speed\Race 12.pdf,2026-04-22 16:49:38
RUA,R12,88,Broc Feeney,19,252,false,top_speed,NaN,E:\2026\99_seasonTiming\04_RUA\top_speed\Race 12.pdf,2026-04-22 16:49:38
RUA,R12,88,Broc Feeney,20,252,false,top_speed,NaN,E:\2026\99_seasonTiming\04_RUA\top_speed\Race 12.pdf,2026-04-22 16:49:38
RUA,R12,88,Broc Feeney,21,252,false,top_speed,NaN,E:\2026\99_seasonTiming\04_RUA\top_speed\Race 12.pdf,2026-04-22 16:49:38
RUA,R12,88,Broc Feeney,22,251,false,top_speed,NaN,E:\2026\99_seasonTiming\04_RUA\top_speed\Race 12.pdf,2026-04-22 16:49:38
RUA,R12,88,Broc Feeney,23,251,false,top_speed,NaN,E:\2026\99_seasonTiming\04_RUA\top_speed\Race 12.pdf,2026-04-22 16:49:38
RUA,R12,88,Broc Feeney,24,252,false,top_speed,NaN,E:\2026\99_seasonTiming\04_RUA\top_speed\Race 12.pdf,2026-04-22 16:49:38
RUA,R12,88,Broc Feeney,25,251,false,top_speed,NaN,E:\2026\99_seasonTiming\04_RUA\top_speed\Race 12.pdf,2026-04-22 16:49:38
RUA,R12,88,Broc Feeney,26,248,false,top_speed,NaN,E:\2026\99_seasonTiming\04_RUA\top_speed\Race 12.pdf,2026-04-22 16:49:38
RUA,R12,88,Broc Feeney,27,247,false,top_speed,NaN,E:\2026\99_seasonTiming\04_RUA\top_speed\Race 12.pdf,2026-04-22 16:49:38
RUA,R12,88,Broc Feeney,28,247,false,top_speed,NaN,E:\2026\99_seasonTiming\04_RUA\top_speed\Race 12.pdf,2026-04-22 16:49:38
RUA,R12,88,Broc Feeney,29,248,false,top_speed,NaN,E:\2026\99_seasonTiming\04_RUA\top_speed\Race 12.pdf,2026-04-22 16:49:38
RUA,R12,88,Broc Feeney,30,248,false,top_speed,NaN,E:\2026\99_seasonTiming\04_RUA\top_speed\Race 12.pdf,2026-04-22 16:49:38
RUA,R12,88,Broc Feeney,31,248,false,top_speed,NaN,E:\2026\99_seasonTiming\04_RUA\top_speed\Race 12.pdf,2026-04-22 16:49:38
RUA,R12,88,Broc Feeney,32,246,false,top_speed,NaN,E:\2026\99_seasonTiming\04_RUA\top_speed\Race 12.pdf,2026-04-22 16:49:38
RUA,R12,88,Broc Feeney,33,247,false,top_speed,NaN,E:\2026\99_seasonTiming\04_RUA\top_speed\Race 12.pdf,2026-04-22 16:49:38
RUA,R12,88,Broc Feeney,34,245,false,top_speed,NaN,E:\2026\99_seasonTiming\04_RUA\top_speed\Race 12.pdf,2026-04-22 16:49:38
RUA,R12,88,Broc Feeney,35,247,false,top_speed,NaN,E:\2026\99_seasonTiming\04_RUA\top_speed\Race 12.pdf,2026-04-22 16:49:38
RUA,R12,88,Broc Feeney,36,246,false,top_speed,NaN,E:\2026\99_seasonTiming\04_RUA\top_speed\Race 12.pdf,2026-04-22 16:49:38
RUA,R12,88,Broc Feeney,37,248,false,top_speed,NaN,E:\2026\99_seasonTiming\04_RUA\top_speed\Race 12.pdf,2026-04-22 16:49:38
RUA,R12,96,Macauley Jones,1,189,false,top_speed,NaN,E:\2026\99_seasonTiming\04_RUA\top_speed\Race 12.pdf,2026-04-22 16:49:38
RUA,R12,96,Macauley Jones,2,239,false,top_speed,NaN,E:\2026\99_seasonTiming\04_RUA\top_speed\Race 12.pdf,2026-04-22 16:49:38
RUA,R12,96,Macauley Jones,3,244,false,top_speed,NaN,E:\2026\99_seasonTiming\04_RUA\top_speed\Race 12.pdf,2026-04-22 16:49:38
RUA,R12,96,Macauley Jones,4,244,false,top_speed,NaN,E:\2026\99_seasonTiming\04_RUA\top_speed\Race 12.pdf,2026-04-22 16:49:38
RUA,R12,96,Macauley Jones,5,247,false,top_speed,NaN,E:\2026\99_seasonTiming\04_RUA\top_speed\Race 12.pdf,2026-04-22 16:49:38
RUA,R12,96,Macauley Jones,6,250,false,top_speed,NaN,E:\2026\99_seasonTiming\04_RUA\top_speed\Race 12.pdf,2026-04-22 16:49:38
RUA,R12,96,Macauley Jones,7,248,false,top_speed,NaN,E:\2026\99_seasonTiming\04_RUA\top_speed\Race 12.pdf,2026-04-22 16:49:38
RUA,R12,96,Macauley Jones,8,247,false,top_speed,NaN,E:\2026\99_seasonTiming\04_RUA\top_speed\Race 12.pdf,2026-04-22 16:49:38
RUA,R12,96,Macauley Jones,9,250,false,top_speed,NaN,E:\2026\99_seasonTiming\04_RUA\top_speed\Race 12.pdf,2026-04-22 16:49:38
RUA,R12,96,Macauley Jones,10,250,false,top_speed,NaN,E:\2026\99_seasonTiming\04_RUA\top_speed\Race 12.pdf,2026-04-22 16:49:38
RUA,R12,96,Macauley Jones,11,247,false,top_speed,NaN,E:\2026\99_seasonTiming\04_RUA\top_speed\Race 12.pdf,2026-04-22 16:49:38
RUA,R12,96,Macauley Jones,12,249,false,top_speed,NaN,E:\2026\99_seasonTiming\04_RUA\top_speed\Race 12.pdf,2026-04-22 16:49:38
RUA,R12,96,Macauley Jones,13,248,false,top_speed,NaN,E:\2026\99_seasonTiming\04_RUA\top_speed\Race 12.pdf,2026-04-22 16:49:38
RUA,R12,96,Macauley Jones,14,250,false,top_speed,NaN,E:\2026\99_seasonTiming\04_RUA\top_speed\Race 12.pdf,2026-04-22 16:49:38
RUA,R12,96,Macauley Jones,15,250,false,top_speed,NaN,E:\2026\99_seasonTiming\04_RUA\top_speed\Race 12.pdf,2026-04-22 16:49:38
RUA,R12,96,Macauley Jones,16,245,false,top_speed,NaN,E:\2026\99_seasonTiming\04_RUA\top_speed\Race 12.pdf,2026-04-22 16:49:38
RUA,R12,96,Macauley Jones,17,251,false,top_speed,NaN,E:\2026\99_seasonTiming\04_RUA\top_speed\Race 12.pdf,2026-04-22 16:49:38
RUA,R12,96,Macauley Jones,18,189,false,top_speed,NaN,E:\2026\99_seasonTiming\04_RUA\top_speed\Race 12.pdf,2026-04-22 16:49:38
RUA,R12,96,Macauley Jones,19,248,false,top_speed,NaN,E:\2026\99_seasonTiming\04_RUA\top_speed\Race 12.pdf,2026-04-22 16:49:38
RUA,R12,96,Macauley Jones,20,247,false,top_speed,NaN,E:\2026\99_seasonTiming\04_RUA\top_speed\Race 12.pdf,2026-04-22 16:49:38
RUA,R12,96,Macauley Jones,21,247,false,top_speed,NaN,E:\2026\99_seasonTiming\04_RUA\top_speed\Race 12.pdf,2026-04-22 16:49:38
RUA,R12,96,Macauley Jones,22,249,false,top_speed,NaN,E:\2026\99_seasonTiming\04_RUA\top_speed\Race 12.pdf,2026-04-22 16:49:38
RUA,R12,96,Macauley Jones,23,251,false,top_speed,NaN,E:\2026\99_seasonTiming\04_RUA\top_speed\Race 12.pdf,2026-04-22 16:49:38
RUA,R12,96,Macauley Jones,24,250,false,top_speed,NaN,E:\2026\99_seasonTiming\04_RUA\top_speed\Race 12.pdf,2026-04-22 16:49:38
RUA,R12,96,Macauley Jones,25,250,false,top_speed,NaN,E:\2026\99_seasonTiming\04_RUA\top_speed\Race 12.pdf,2026-04-22 16:49:38
RUA,R12,96,Macauley Jones,26,250,false,top_speed,NaN,E:\2026\99_seasonTiming\04_RUA\top_speed\Race 12.pdf,2026-04-22 16:49:38
RUA,R12,96,Macauley Jones,27,249,false,top_speed,NaN,E:\2026\99_seasonTiming\04_RUA\top_speed\Race 12.pdf,2026-04-22 16:49:38
RUA,R12,96,Macauley Jones,28,249,false,top_speed,NaN,E:\2026\99_seasonTiming\04_RUA\top_speed\Race 12.pdf,2026-04-22 16:49:38
RUA,R12,96,Macauley Jones,29,249,false,top_speed,NaN,E:\2026\99_seasonTiming\04_RUA\top_speed\Race 12.pdf,2026-04-22 16:49:38
RUA,R12,96,Macauley Jones,30,236,false,top_speed,NaN,E:\2026\99_seasonTiming\04_RUA\top_speed\Race 12.pdf,2026-04-22 16:49:38
RUA,R12,96,Macauley Jones,31,250,false,top_speed,NaN,E:\2026\99_seasonTiming\04_RUA\top_speed\Race 12.pdf,2026-04-22 16:49:38
RUA,R12,96,Macauley Jones,32,249,false,top_speed,NaN,E:\2026\99_seasonTiming\04_RUA\top_speed\Race 12.pdf,2026-04-22 16:49:38
RUA,R12,96,Macauley Jones,33,224,false,top_speed,NaN,E:\2026\99_seasonTiming\04_RUA\top_speed\Race 12.pdf,2026-04-22 16:49:38
RUA,R12,96,Macauley Jones,34,248,false,top_speed,NaN,E:\2026\99_seasonTiming\04_RUA\top_speed\Race 12.pdf,2026-04-22 16:49:38
RUA,R12,96,Macauley Jones,35,249,false,top_speed,NaN,E:\2026\99_seasonTiming\04_RUA\top_speed\Race 12.pdf,2026-04-22 16:49:38
RUA,R12,96,Macauley Jones,36,248,false,top_speed,NaN,E:\2026\99_seasonTiming\04_RUA\top_speed\Race 12.pdf,2026-04-22 16:49:38
RUA,R12,96,Macauley Jones,37,247,false,top_speed,NaN,E:\2026\99_seasonTiming\04_RUA\top_speed\Race 12.pdf,2026-04-22 16:49:38
RUA,R12,99,Cooper Murray,1,213,false,top_speed,NaN,E:\2026\99_seasonTiming\04_RUA\top_speed\Race 12.pdf,2026-04-22 16:49:38
RUA,R12,99,Cooper Murray,2,249,false,top_speed,NaN,E:\2026\99_seasonTiming\04_RUA\top_speed\Race 12.pdf,2026-04-22 16:49:38
RUA,R12,99,Cooper Murray,3,250,false,top_speed,NaN,E:\2026\99_seasonTiming\04_RUA\top_speed\Race 12.pdf,2026-04-22 16:49:38
RUA,R12,99,Cooper Murray,4,251,false,top_speed,NaN,E:\2026\99_seasonTiming\04_RUA\top_speed\Race 12.pdf,2026-04-22 16:49:38
RUA,R12,99,Cooper Murray,5,250,false,top_speed,NaN,E:\2026\99_seasonTiming\04_RUA\top_speed\Race 12.pdf,2026-04-22 16:49:38
RUA,R12,99,Cooper Murray,6,250,false,top_speed,NaN,E:\2026\99_seasonTiming\04_RUA\top_speed\Race 12.pdf,2026-04-22 16:49:38
RUA,R12,99,Cooper Murray,7,249,false,top_speed,NaN,E:\2026\99_seasonTiming\04_RUA\top_speed\Race 12.pdf,2026-04-22 16:49:38
RUA,R12,99,Cooper Murray,8,248,false,top_speed,NaN,E:\2026\99_seasonTiming\04_RUA\top_speed\Race 12.pdf,2026-04-22 16:49:38
RUA,R12,99,Cooper Murray,9,249,false,top_speed,NaN,E:\2026\99_seasonTiming\04_RUA\top_speed\Race 12.pdf,2026-04-22 16:49:38
RUA,R12,99,Cooper Murray,10,250,false,top_speed,NaN,E:\2026\99_seasonTiming\04_RUA\top_speed\Race 12.pdf,2026-04-22 16:49:38
RUA,R12,99,Cooper Murray,11,251,false,top_speed,NaN,E:\2026\99_seasonTiming\04_RUA\top_speed\Race 12.pdf,2026-04-22 16:49:38
RUA,R12,99,Cooper Murray,12,249,false,top_speed,NaN,E:\2026\99_seasonTiming\04_RUA\top_speed\Race 12.pdf,2026-04-22 16:49:38
RUA,R12,99,Cooper Murray,13,250,false,top_speed,NaN,E:\2026\99_seasonTiming\04_RUA\top_speed\Race 12.pdf,2026-04-22 16:49:38
RUA,R12,99,Cooper Murray,14,251,false,top_speed,NaN,E:\2026\99_seasonTiming\04_RUA\top_speed\Race 12.pdf,2026-04-22 16:49:38
RUA,R12,99,Cooper Murray,15,251,false,top_speed,NaN,E:\2026\99_seasonTiming\04_RUA\top_speed\Race 12.pdf,2026-04-22 16:49:38
RUA,R12,99,Cooper Murray,16,252,false,top_speed,NaN,E:\2026\99_seasonTiming\04_RUA\top_speed\Race 12.pdf,2026-04-22 16:49:38
RUA,R12,99,Cooper Murray,17,252,false,top_speed,NaN,E:\2026\99_seasonTiming\04_RUA\top_speed\Race 12.pdf,2026-04-22 16:49:38
RUA,R12,99,Cooper Murray,18,251,false,top_speed,NaN,E:\2026\99_seasonTiming\04_RUA\top_speed\Race 12.pdf,2026-04-22 16:49:38
RUA,R12,99,Cooper Murray,19,251,false,top_speed,NaN,E:\2026\99_seasonTiming\04_RUA\top_speed\Race 12.pdf,2026-04-22 16:49:38
RUA,R12,99,Cooper Murray,20,250,false,top_speed,NaN,E:\2026\99_seasonTiming\04_RUA\top_speed\Race 12.pdf,2026-04-22 16:49:38
RUA,R12,99,Cooper Murray,21,190,false,top_speed,NaN,E:\2026\99_seasonTiming\04_RUA\top_speed\Race 12.pdf,2026-04-22 16:49:38
RUA,R12,99,Cooper Murray,22,249,false,top_speed,NaN,E:\2026\99_seasonTiming\04_RUA\top_speed\Race 12.pdf,2026-04-22 16:49:38
RUA,R12,99,Cooper Murray,23,249,false,top_speed,NaN,E:\2026\99_seasonTiming\04_RUA\top_speed\Race 12.pdf,2026-04-22 16:49:38
RUA,R12,99,Cooper Murray,24,250,false,top_speed,NaN,E:\2026\99_seasonTiming\04_RUA\top_speed\Race 12.pdf,2026-04-22 16:49:38
RUA,R12,99,Cooper Murray,25,250,false,top_speed,NaN,E:\2026\99_seasonTiming\04_RUA\top_speed\Race 12.pdf,2026-04-22 16:49:38
RUA,R12,99,Cooper Murray,26,251,false,top_speed,NaN,E:\2026\99_seasonTiming\04_RUA\top_speed\Race 12.pdf,2026-04-22 16:49:38
RUA,R12,99,Cooper Murray,27,251,false,top_speed,NaN,E:\2026\99_seasonTiming\04_RUA\top_speed\Race 12.pdf,2026-04-22 16:49:38
RUA,R12,99,Cooper Murray,28,252,false,top_speed,NaN,E:\2026\99_seasonTiming\04_RUA\top_speed\Race 12.pdf,2026-04-22 16:49:38
RUA,R12,99,Cooper Murray,29,252,false,top_speed,NaN,E:\2026\99_seasonTiming\04_RUA\top_speed\Race 12.pdf,2026-04-22 16:49:38
RUA,R12,99,Cooper Murray,30,252,false,top_speed,NaN,E:\2026\99_seasonTiming\04_RUA\top_speed\Race 12.pdf,2026-04-22 16:49:38
RUA,R12,99,Cooper Murray,31,251,false,top_speed,NaN,E:\2026\99_seasonTiming\04_RUA\top_speed\Race 12.pdf,2026-04-22 16:49:38
RUA,R12,99,Cooper Murray,32,230,false,top_speed,NaN,E:\2026\99_seasonTiming\04_RUA\top_speed\Race 12.pdf,2026-04-22 16:49:38
RUA,R12,99,Cooper Murray,33,251,false,top_speed,NaN,E:\2026\99_seasonTiming\04_RUA\top_speed\Race 12.pdf,2026-04-22 16:49:38
RUA,R12,99,Cooper Murray,34,251,false,top_speed,NaN,E:\2026\99_seasonTiming\04_RUA\top_speed\Race 12.pdf,2026-04-22 16:49:38
RUA,R12,99,Cooper Murray,35,250,false,top_speed,NaN,E:\2026\99_seasonTiming\04_RUA\top_speed\Race 12.pdf,2026-04-22 16:49:38
RUA,R12,99,Cooper Murray,36,250,false,top_speed,NaN,E:\2026\99_seasonTiming\04_RUA\top_speed\Race 12.pdf,2026-04-22 16:49:38
RUA,R12,99,Cooper Murray,37,249,false,top_speed,NaN,E:\2026\99_seasonTiming\04_RUA\top_speed\Race 12.pdf,2026-04-22 16:49:38
RUA,R12,777,Declan Fraser,1,182,false,top_speed,NaN,E:\2026\99_seasonTiming\04_RUA\top_speed\Race 12.pdf,2026-04-22 16:49:38
RUA,R12,777,Declan Fraser,2,240,false,top_speed,NaN,E:\2026\99_seasonTiming\04_RUA\top_speed\Race 12.pdf,2026-04-22 16:49:38
RUA,R12,777,Declan Fraser,3,251,false,top_speed,NaN,E:\2026\99_seasonTiming\04_RUA\top_speed\Race 12.pdf,2026-04-22 16:49:38
RUA,R12,777,Declan Fraser,4,247,false,top_speed,NaN,E:\2026\99_seasonTiming\04_RUA\top_speed\Race 12.pdf,2026-04-22 16:49:38
RUA,R12,777,Declan Fraser,5,251,false,top_speed,NaN,E:\2026\99_seasonTiming\04_RUA\top_speed\Race 12.pdf,2026-04-22 16:49:38
RUA,R12,777,Declan Fraser,6,251,false,top_speed,NaN,E:\2026\99_seasonTiming\04_RUA\top_speed\Race 12.pdf,2026-04-22 16:49:38
RUA,R12,777,Declan Fraser,7,246,false,top_speed,NaN,E:\2026\99_seasonTiming\04_RUA\top_speed\Race 12.pdf,2026-04-22 16:49:38
RUA,R12,777,Declan Fraser,8,250,false,top_speed,NaN,E:\2026\99_seasonTiming\04_RUA\top_speed\Race 12.pdf,2026-04-22 16:49:38
RUA,R12,777,Declan Fraser,9,252,false,top_speed,NaN,E:\2026\99_seasonTiming\04_RUA\top_speed\Race 12.pdf,2026-04-22 16:49:38
RUA,R12,777,Declan Fraser,10,250,false,top_speed,NaN,E:\2026\99_seasonTiming\04_RUA\top_speed\Race 12.pdf,2026-04-22 16:49:38
RUA,R12,777,Declan Fraser,11,251,false,top_speed,NaN,E:\2026\99_seasonTiming\04_RUA\top_speed\Race 12.pdf,2026-04-22 16:49:38
RUA,R12,777,Declan Fraser,12,251,false,top_speed,NaN,E:\2026\99_seasonTiming\04_RUA\top_speed\Race 12.pdf,2026-04-22 16:49:38
RUA,R12,777,Declan Fraser,13,249,false,top_speed,NaN,E:\2026\99_seasonTiming\04_RUA\top_speed\Race 12.pdf,2026-04-22 16:49:38
RUA,R12,777,Declan Fraser,14,247,false,top_speed,NaN,E:\2026\99_seasonTiming\04_RUA\top_speed\Race 12.pdf,2026-04-22 16:49:38
RUA,R12,777,Declan Fraser,15,245,false,top_speed,NaN,E:\2026\99_seasonTiming\04_RUA\top_speed\Race 12.pdf,2026-04-22 16:49:38
RUA,R12,777,Declan Fraser,16,186,false,top_speed,NaN,E:\2026\99_seasonTiming\04_RUA\top_speed\Race 12.pdf,2026-04-22 16:49:38
RUA,R12,777,Declan Fraser,17,246,false,top_speed,NaN,E:\2026\99_seasonTiming\04_RUA\top_speed\Race 12.pdf,2026-04-22 16:49:38
RUA,R12,777,Declan Fraser,18,248,false,top_speed,NaN,E:\2026\99_seasonTiming\04_RUA\top_speed\Race 12.pdf,2026-04-22 16:49:38
RUA,R12,777,Declan Fraser,19,250,false,top_speed,NaN,E:\2026\99_seasonTiming\04_RUA\top_speed\Race 12.pdf,2026-04-22 16:49:38
RUA,R12,777,Declan Fraser,20,249,false,top_speed,NaN,E:\2026\99_seasonTiming\04_RUA\top_speed\Race 12.pdf,2026-04-22 16:49:38
RUA,R12,777,Declan Fraser,21,248,false,top_speed,NaN,E:\2026\99_seasonTiming\04_RUA\top_speed\Race 12.pdf,2026-04-22 16:49:38
RUA,R12,777,Declan Fraser,22,251,false,top_speed,NaN,E:\2026\99_seasonTiming\04_RUA\top_speed\Race 12.pdf,2026-04-22 16:49:38
RUA,R12,777,Declan Fraser,23,250,false,top_speed,NaN,E:\2026\99_seasonTiming\04_RUA\top_speed\Race 12.pdf,2026-04-22 16:49:38
RUA,R12,777,Declan Fraser,24,252,false,top_speed,NaN,E:\2026\99_seasonTiming\04_RUA\top_speed\Race 12.pdf,2026-04-22 16:49:38
RUA,R12,777,Declan Fraser,25,251,false,top_speed,NaN,E:\2026\99_seasonTiming\04_RUA\top_speed\Race 12.pdf,2026-04-22 16:49:38
RUA,R12,777,Declan Fraser,26,248,false,top_speed,NaN,E:\2026\99_seasonTiming\04_RUA\top_speed\Race 12.pdf,2026-04-22 16:49:38
RUA,R12,777,Declan Fraser,27,235,false,top_speed,NaN,E:\2026\99_seasonTiming\04_RUA\top_speed\Race 12.pdf,2026-04-22 16:49:38
RUA,R12,777,Declan Fraser,28,237,false,top_speed,NaN,E:\2026\99_seasonTiming\04_RUA\top_speed\Race 12.pdf,2026-04-22 16:49:38
RUA,R12,777,Declan Fraser,29,253,false,top_speed,NaN,E:\2026\99_seasonTiming\04_RUA\top_speed\Race 12.pdf,2026-04-22 16:49:38
RUA,R12,777,Declan Fraser,30,244,false,top_speed,NaN,E:\2026\99_seasonTiming\04_RUA\top_speed\Race 12.pdf,2026-04-22 16:49:38
RUA,R12,777,Declan Fraser,31,248,false,top_speed,NaN,E:\2026\99_seasonTiming\04_RUA\top_speed\Race 12.pdf,2026-04-22 16:49:38
RUA,R12,777,Declan Fraser,32,247,false,top_speed,NaN,E:\2026\99_seasonTiming\04_RUA\top_speed\Race 12.pdf,2026-04-22 16:49:38
RUA,R12,777,Declan Fraser,33,247,false,top_speed,NaN,E:\2026\99_seasonTiming\04_RUA\top_speed\Race 12.pdf,2026-04-22 16:49:38
RUA,R12,777,Declan Fraser,34,249,false,top_speed,NaN,E:\2026\99_seasonTiming\04_RUA\top_speed\Race 12.pdf,2026-04-22 16:49:38
RUA,R12,777,Declan Fraser,35,249,false,top_speed,NaN,E:\2026\99_seasonTiming\04_RUA\top_speed\Race 12.pdf,2026-04-22 16:49:38
RUA,R12,777,Declan Fraser,36,249,false,top_speed,NaN,E:\2026\99_seasonTiming\04_RUA\top_speed\Race 12.pdf,2026-04-22 16:49:38
RUA,R12,777,Declan Fraser,37,248,false,top_speed,NaN,E:\2026\99_seasonTiming\04_RUA\top_speed\Race 12.pdf,2026-04-22 16:49:38
RUA,R12,888,William Brown,1,184,false,top_speed,NaN,E:\2026\99_seasonTiming\04_RUA\top_speed\Race 12.pdf,2026-04-22 16:49:38
RUA,R12,888,William Brown,2,244,false,top_speed,NaN,E:\2026\99_seasonTiming\04_RUA\top_speed\Race 12.pdf,2026-04-22 16:49:38
RUA,R12,888,William Brown,3,248,false,top_speed,NaN,E:\2026\99_seasonTiming\04_RUA\top_speed\Race 12.pdf,2026-04-22 16:49:38
RUA,R12,888,William Brown,4,250,false,top_speed,NaN,E:\2026\99_seasonTiming\04_RUA\top_speed\Race 12.pdf,2026-04-22 16:49:38
RUA,R12,888,William Brown,5,250,false,top_speed,NaN,E:\2026\99_seasonTiming\04_RUA\top_speed\Race 12.pdf,2026-04-22 16:49:38
RUA,R12,888,William Brown,6,251,false,top_speed,NaN,E:\2026\99_seasonTiming\04_RUA\top_speed\Race 12.pdf,2026-04-22 16:49:38
RUA,R12,888,William Brown,7,249,false,top_speed,NaN,E:\2026\99_seasonTiming\04_RUA\top_speed\Race 12.pdf,2026-04-22 16:49:38
RUA,R12,888,William Brown,8,249,false,top_speed,NaN,E:\2026\99_seasonTiming\04_RUA\top_speed\Race 12.pdf,2026-04-22 16:49:38
RUA,R12,888,William Brown,9,249,false,top_speed,NaN,E:\2026\99_seasonTiming\04_RUA\top_speed\Race 12.pdf,2026-04-22 16:49:38
RUA,R12,888,William Brown,10,248,false,top_speed,NaN,E:\2026\99_seasonTiming\04_RUA\top_speed\Race 12.pdf,2026-04-22 16:49:38
RUA,R12,888,William Brown,11,250,false,top_speed,NaN,E:\2026\99_seasonTiming\04_RUA\top_speed\Race 12.pdf,2026-04-22 16:49:38
RUA,R12,888,William Brown,12,251,false,top_speed,NaN,E:\2026\99_seasonTiming\04_RUA\top_speed\Race 12.pdf,2026-04-22 16:49:38
RUA,R12,888,William Brown,13,251,false,top_speed,NaN,E:\2026\99_seasonTiming\04_RUA\top_speed\Race 12.pdf,2026-04-22 16:49:38
RUA,R12,888,William Brown,14,251,false,top_speed,NaN,E:\2026\99_seasonTiming\04_RUA\top_speed\Race 12.pdf,2026-04-22 16:49:38
RUA,R12,888,William Brown,15,250,false,top_speed,NaN,E:\2026\99_seasonTiming\04_RUA\top_speed\Race 12.pdf,2026-04-22 16:49:38
RUA,R12,888,William Brown,16,252,false,top_speed,NaN,E:\2026\99_seasonTiming\04_RUA\top_speed\Race 12.pdf,2026-04-22 16:49:38
RUA,R12,888,William Brown,17,252,false,top_speed,NaN,E:\2026\99_seasonTiming\04_RUA\top_speed\Race 12.pdf,2026-04-22 16:49:38
RUA,R12,888,William Brown,18,191,false,top_speed,NaN,E:\2026\99_seasonTiming\04_RUA\top_speed\Race 12.pdf,2026-04-22 16:49:38
RUA,R12,888,William Brown,19,249,false,top_speed,NaN,E:\2026\99_seasonTiming\04_RUA\top_speed\Race 12.pdf,2026-04-22 16:49:38
RUA,R12,888,William Brown,20,250,false,top_speed,NaN,E:\2026\99_seasonTiming\04_RUA\top_speed\Race 12.pdf,2026-04-22 16:49:38
RUA,R12,888,William Brown,21,253,false,top_speed,NaN,E:\2026\99_seasonTiming\04_RUA\top_speed\Race 12.pdf,2026-04-22 16:49:38
RUA,R12,888,William Brown,22,250,false,top_speed,NaN,E:\2026\99_seasonTiming\04_RUA\top_speed\Race 12.pdf,2026-04-22 16:49:38
RUA,R12,888,William Brown,23,252,false,top_speed,NaN,E:\2026\99_seasonTiming\04_RUA\top_speed\Race 12.pdf,2026-04-22 16:49:38
RUA,R12,888,William Brown,24,253,false,top_speed,NaN,E:\2026\99_seasonTiming\04_RUA\top_speed\Race 12.pdf,2026-04-22 16:49:38
RUA,R12,888,William Brown,25,251,false,top_speed,NaN,E:\2026\99_seasonTiming\04_RUA\top_speed\Race 12.pdf,2026-04-22 16:49:38
RUA,R12,888,William Brown,26,252,false,top_speed,NaN,E:\2026\99_seasonTiming\04_RUA\top_speed\Race 12.pdf,2026-04-22 16:49:38
RUA,R12,888,William Brown,27,252,false,top_speed,NaN,E:\2026\99_seasonTiming\04_RUA\top_speed\Race 12.pdf,2026-04-22 16:49:38
RUA,R12,888,William Brown,28,252,false,top_speed,NaN,E:\2026\99_seasonTiming\04_RUA\top_speed\Race 12.pdf,2026-04-22 16:49:38
RUA,R12,888,William Brown,29,251,false,top_speed,NaN,E:\2026\99_seasonTiming\04_RUA\top_speed\Race 12.pdf,2026-04-22 16:49:38
RUA,R12,888,William Brown,30,252,false,top_speed,NaN,E:\2026\99_seasonTiming\04_RUA\top_speed\Race 12.pdf,2026-04-22 16:49:38
RUA,R12,888,William Brown,31,250,false,top_speed,NaN,E:\2026\99_seasonTiming\04_RUA\top_speed\Race 12.pdf,2026-04-22 16:49:38
RUA,R12,888,William Brown,32,244,false,top_speed,NaN,E:\2026\99_seasonTiming\04_RUA\top_speed\Race 12.pdf,2026-04-22 16:49:38
RUA,R12,888,William Brown,33,243,false,top_speed,NaN,E:\2026\99_seasonTiming\04_RUA\top_speed\Race 12.pdf,2026-04-22 16:49:38
RUA,R12,888,William Brown,34,239,false,top_speed,NaN,E:\2026\99_seasonTiming\04_RUA\top_speed\Race 12.pdf,2026-04-22 16:49:38
RUA,R12,888,William Brown,35,248,false,top_speed,NaN,E:\2026\99_seasonTiming\04_RUA\top_speed\Race 12.pdf,2026-04-22 16:49:38
RUA,R12,888,William Brown,36,249,false,top_speed,NaN,E:\2026\99_seasonTiming\04_RUA\top_speed\Race 12.pdf,2026-04-22 16:49:38
RUA,R12,888,William Brown,37,248,false,top_speed,NaN,E:\2026\99_seasonTiming\04_RUA\top_speed\Race 12.pdf,2026-04-22 16:49:38
